timestamp,station_id,station_name,latitude,longitude,elevation_m,temperature_c,dew_point_c,sea_level_pressure_hpa,station_pressure_hpa,relative_humidity_pct,relative_humidity_source,source,report_type,data_quality_status,raw_quality_flags,is_synthetic,ingestion_timestamp,native_resolution_minutes,source_resolution_minutes,simulation_resolution_minutes,simulation_method
2024-01-01 00:00:00+00:00,42182099999.0,"SAFDARJUNG, IN",28.584511,77.205783,214.88,10.815235853987723,9.98951246666124,1018.8722095329556,,94.88849092099395,derived_from_temperature_and_dew_point,NOAA_ISD,FM-12,VALID,"{'TMP_QC': '1', 'DEW_QC': '1', 'SLP_QC': '1', 'RECORD_QC': 'V020'}",True,2026-09-16T17:56:30.997704+00:00,5.0,180.0,5.0,time
2024-01-01 00:05:00+00:00,42182099999.0,"SAFDARJUNG, IN",28.584511,77.205783,214.88,10.784111905799087,9.987867280533345,1018.9527745272607,,94.55453131409533,,NOAA_ISD,FM-12,,,True,2026-09-16T17:56:30.997704+00:00,5.0,180.0,5.0,time
2024-01-01 00:10:00+00:00,42182099999.0,"SAFDARJUNG, IN",28.584511,77.205783,214.88,10.909744782012547,10.034131443868567,1018.9486249325895,,94.34890354765973,,NOAA_ISD,FM-12,,,True,2026-09-16T17:56:30.997704+00:00,5.0,180.0,5.0,time
2024-01-01 00:15:00+00:00,42182099999.0,"SAFDARJUNG, IN",28.584511,77.205783,214.88,10.955361569152894,10.027796085434531,1018.9869553376693,,94.26472080765089,,NOAA_ISD,FM-12,,,True,2026-09-16T17:56:30.997704+00:00,5.0,180.0,5.0,time
2024-01-01 00:20:00+00:00,42182099999.0,"SAFDARJUNG, IN",28.584511,77.205783,214.88,10.846892685011753,10.002800582122658,1018.9614889016224,,93.67748348148763,,NOAA_ISD,FM-12,,,True,2026-09-16T17:56:30.997704+00:00,5.0,180.0,5.0,time
2024-01-01 00:25:00+00:00,42182099999.0,"SAFDARJUNG, IN",28.584511,77.205783,214.88,10.915446580212441,10.021629968697797,1019.0474171920089,,93.97249035877863,,NOAA_ISD,FM-12,,,True,2026-09-16T17:56:30.997704+00:00,5.0,180.0,5.0,time
2024-01-01 00:30:00+00:00,42182099999.0,"SAFDARJUNG, IN",28.584511,77.205783,214.88,11.023058686825031,10.0189976981403,1019.0573970016933,,93.6923873805754,,NOAA_ISD,FM-12,,,True,2026-09-16T17:56:30.997704+00:00,5.0,180.0,5.0,time
2024-01-01 00:35:00+00:00,42182099999.0,"SAFDARJUNG, IN",28.584511,77.205783,214.88,11.0369656481606,10.006602452552551,1019.064499577082,,93.51585537198618,,NOAA_ISD,FM-12,,,True,2026-09-16T17:56:30.997704+00:00,5.0,180.0,5.0,time
2024-01-01 00:40:00+00:00,42182099999.0,"SAFDARJUNG, IN",28.584511,77.205783,214.88,11.088048831013676,10.03688636086576,1019.101791142642,,93.51548019485223,,NOAA_ISD,FM-12,,,True,2026-09-16T17:56:30.997704+00:00,5.0,180.0,5.0,time
2024-01-01 00:45:00+00:00,42182099999.0,"SAFDARJUNG, IN",28.584511,77.205783,214.88,11.082347803621321,10.029190146715216,1019.0971900939791,,92.74818689399035,,NOAA_ISD,FM-12,,,True,2026-09-16T17:56:30.997704+00:00,5.0,180.0,5.0,time
2024-01-01 00:50:00+00:00,42182099999.0,"SAFDARJUNG, IN",28.584511,77.205783,214.88,11.205081009854252,10.022615933340752,1019.1245223093995,,92.55939989269487,,NOAA_ISD,FM-12,,,True,2026-09-16T17:56:30.997704+00:00,5.0,180.0,5.0,time
2024-01-01 00:55:00+00:00,42182099999.0,"SAFDARJUNG, IN",28.584511,77.205783,214.88,11.23611181899367,10.016250682250499,1019.1504533299496,,92.82434410239803,,NOAA_ISD,FM-12,,,True,2026-09-16T17:56:30.997704+00:00,5.0,180.0,5.0,time
2024-01-01 01:00:00+00:00,42182099999.0,"SAFDARJUNG, IN",28.584511,77.205783,214.88,11.236634868211395,10.018723929995888,1019.1462787760995,,92.58357662897428,,NOAA_ISD,FM-12,,,True,2026-09-16T17:56:30.997704+00:00,5.0,180.0,5.0,time
2024-01-01 01:05:00+00:00,42182099999.0,"SAFDARJUNG, IN",28.584511,77.205783,214.88,11.325806504792848,10.046738144112775,1019.2241796143285,,92.43445205530506,,NOAA_ISD,FM-12,,,True,2026-09-16T17:56:30.997704+00:00,5.0,180.0,5.0,time
2024-01-01 01:10:00+00:00,42182099999.0,"SAFDARJUNG, IN",28.584511,77.205783,214.88,11.32893102266816,10.056631433924835,1019.2543874278391,,92.12340791829885,,NOAA_ISD,FM-12,,,True,2026-09-16T17:56:30.997704+00:00,5.0,180.0,5.0,time
2024-01-01 01:15:00+00:00,42182099999.0,"SAFDARJUNG, IN",28.584511,77.205783,214.88,11.298702043522505,10.044993983796754,1019.2401397836713,,92.16412073484798,,NOAA_ISD,FM-12,,,True,2026-09-16T17:56:30.997704+00:00,5.0,180.0,5.0,time
2024-01-01 01:20:00+00:00,42182099999.0,"SAFDARJUNG, IN",28.584511,77.205783,214.88,11.396215316981904,10.079681455219811,1019.2847418380966,,92.03319443526489,,NOAA_ISD,FM-12,,,True,2026-09-16T17:56:30.997704+00:00,5.0,180.0,5.0,time
2024-01-01 01:25:00+00:00,42182099999.0,"SAFDARJUNG, IN",28.584511,77.205783,214.88,11.365944758847439,10.069522402497673,1019.2960780793962,,91.75887979212364,,NOAA_ISD,FM-12,,,True,2026-09-16T17:56:30.997704+00:00,5.0,180.0,5.0,time
2024-01-01 01:30:00+00:00,42182099999.0,"SAFDARJUNG, IN",28.584511,77.205783,214.88,11.493922515065364,10.086537706211972,1019.3315654792417,,91.42533430831908,,NOAA_ISD,FM-12,,,True,2026-09-16T17:56:30.997704+00:00,5.0,180.0,5.0,time
2024-01-01 01:35:00+00:00,42182099999.0,"SAFDARJUNG, IN",28.584511,77.205783,214.88,11.4836148155618,10.075508450862912,1019.336059566287,,90.87137878914379,,NOAA_ISD,FM-12,,,True,2026-09-16T17:56:30.997704+00:00,5.0,180.0,5.0,time
2024-01-01 01:40:00+00:00,42182099999.0,"SAFDARJUNG, IN",28.584511,77.205783,214.88,11.512979104044959,10.067590980629191,1019.3545537191005,,91.26218057494076,,NOAA_ISD,FM-12,,,True,2026-09-16T17:56:30.997704+00:00,5.0,180.0,5.0,time
2024-01-01 01:45:00+00:00,42182099999.0,"SAFDARJUNG, IN",28.584511,77.205783,214.88,11.524286856113136,10.089782351422773,1019.4168748310539,,91.16809573324352,,NOAA_ISD,FM-12,,,True,2026-09-16T17:56:30.997704+00:00,5.0,180.0,5.0,time
2024-01-01 01:50:00+00:00,42182099999.0,"SAFDARJUNG, IN",28.584511,77.205783,214.88,11.655571511378147,10.0664131764263,1019.418167032742,,90.86807834906345,,NOAA_ISD,FM-12,,,True,2026-09-16T17:56:30.997704+00:00,5.0,180.0,5.0,time
2024-01-01 01:55:00+00:00,42182099999.0,"SAFDARJUNG, IN",28.584511,77.205783,214.88,11.622829081452116,10.106622103746066,1019.4834977345727,,90.37865484785982,,NOAA_ISD,FM-12,,,True,2026-09-16T17:56:30.997704+00:00,5.0,180.0,5.0,time
2024-01-01 02:00:00+00:00,42182099999.0,"SAFDARJUNG, IN",28.584511,77.205783,214.88,11.645250275558512,10.081257015869737,1019.4675928659626,,90.50475887873355,,NOAA_ISD,FM-12,,,True,2026-09-16T17:56:30.997704+00:00,5.0,180.0,5.0,time
2024-01-01 02:05:00+00:00,42182099999.0,"SAFDARJUNG, IN",28.584511,77.205783,214.88,11.685171100253367,10.122531317197335,1019.4717562169708,,90.35752260825896,,NOAA_ISD,FM-12,,,True,2026-09-16T17:56:30.997704+00:00,5.0,180.0,5.0,time
2024-01-01 02:10:00+00:00,42182099999.0,"SAFDARJUNG, IN",28.584511,77.205783,214.88,11.765504348166557,10.101564218408496,1019.5384277064177,,90.31259658289315,,NOAA_ISD,FM-12,,,True,2026-09-16T17:56:30.997704+00:00,5.0,180.0,5.0,time
2024-01-01 02:15:00+00:00,42182099999.0,"SAFDARJUNG, IN",28.584511,77.205783,214.88,11.793272203218205,10.133750670326199,1019.5501160032829,,89.6410280151544,,NOAA_ISD,FM-12,,,True,2026-09-16T17:56:30.997704+00:00,5.0,180.0,5.0,time
2024-01-01 02:20:00+00:00,42182099999.0,"SAFDARJUNG, IN",28.584511,77.205783,214.88,11.831747741690911,10.0942142028949,1019.5756485683851,,89.58637574975783,,NOAA_ISD,FM-12,,,True,2026-09-16T17:56:30.997704+00:00,5.0,180.0,5.0,time
2024-01-01 02:25:00+00:00,42182099999.0,"SAFDARJUNG, IN",28.584511,77.205783,214.88,11.868763272372618,10.107277939318758,1019.6085342357997,,89.59653774356202,,NOAA_ISD,FM-12,,,True,2026-09-16T17:56:30.997704+00:00,5.0,180.0,5.0,time
2024-01-01 02:30:00+00:00,42182099999.0,"SAFDARJUNG, IN",28.584511,77.205783,214.88,11.990415713376859,10.132618698936971,1019.5952774074565,,89.27398201428764,,NOAA_ISD,FM-12,,,True,2026-09-16T17:56:30.997704+00:00,5.0,180.0,5.0,time
2024-01-01 02:35:00+00:00,42182099999.0,"SAFDARJUNG, IN",28.584511,77.205783,214.88,11.899123693625214,10.1525766085352,1019.6293993782648,,88.85445114625641,,NOAA_ISD,FM-12,,,True,2026-09-16T17:56:30.997704+00:00,5.0,180.0,5.0,time
2024-01-01 02:40:00+00:00,42182099999.0,"SAFDARJUNG, IN",28.584511,77.205783,214.88,11.92994341910198,10.166665511499632,1019.6521265589258,,88.97625659033866,,NOAA_ISD,FM-12,,,True,2026-09-16T17:56:30.997704+00:00,5.0,180.0,5.0,time
2024-01-01 02:45:00+00:00,42182099999.0,"SAFDARJUNG, IN",28.584511,77.205783,214.88,11.950978030254273,10.138327323273618,1019.6533517359284,,88.82448232676303,,NOAA_ISD,FM-12,,,True,2026-09-16T17:56:30.997704+00:00,5.0,180.0,5.0,time
2024-01-01 02:50:00+00:00,42182099999.0,"SAFDARJUNG, IN",28.584511,77.205783,214.88,12.058576748906553,10.178421579282402,1019.6975059747746,,88.54175924593288,,NOAA_ISD,FM-12,,,True,2026-09-16T17:56:30.997704+00:00,5.0,180.0,5.0,time
2024-01-01 02:55:00+00:00,42182099999.0,"SAFDARJUNG, IN",28.584511,77.205783,214.88,12.120337503524935,10.140040042336825,1019.7531164780464,,88.38350031876932,,NOAA_ISD,FM-12,,,True,2026-09-16T17:56:30.997704+00:00,5.0,180.0,5.0,time
2024-01-01 03:00:00+00:00,42182099999.0,"SAFDARJUNG, IN",28.584511,77.205783,214.88,12.094302627117258,10.17197535244726,1019.7547467620759,,88.10325881966286,,NOAA_ISD,FM-12,,,True,2026-09-16T17:56:30.997704+00:00,5.0,180.0,5.0,time
2024-01-01 03:05:00+00:00,42182099999.0,"SAFDARJUNG, IN",28.584511,77.205783,214.88,12.094103287262985,10.13532304672748,1019.7466898845543,,88.26607245380988,,NOAA_ISD,FM-12,,,True,2026-09-16T17:56:30.997704+00:00,5.0,180.0,5.0,time
2024-01-01 03:10:00+00:00,42182099999.0,"SAFDARJUNG, IN",28.584511,77.205783,214.88,12.13099816143766,10.166737343470599,1019.766105433989,,87.60569489659079,,NOAA_ISD,FM-12,,,True,2026-09-16T17:56:30.997704+00:00,5.0,180.0,5.0,time
2024-01-01 03:15:00+00:00,42182099999.0,"SAFDARJUNG, IN",28.584511,77.205783,214.88,12.24086297272457,10.11566613918287,1019.8541288545083,,87.48378584744725,,NOAA_ISD,FM-12,,,True,2026-09-16T17:56:30.997704+00:00,5.0,180.0,5.0,time
2024-01-01 03:20:00+00:00,42182099999.0,"SAFDARJUNG, IN",28.584511,77.205783,214.88,12.281607153004618,10.144234846433605,1019.8426380642393,,87.41886376937218,,NOAA_ISD,FM-12,,,True,2026-09-16T17:56:30.997704+00:00,5.0,180.0,5.0,time
2024-01-01 03:25:00+00:00,42182099999.0,"SAFDARJUNG, IN",28.584511,77.205783,214.88,12.307713268970817,10.180166869294949,1019.8551073514415,,87.40787413887351,,NOAA_ISD,FM-12,,,True,2026-09-16T17:56:30.997704+00:00,5.0,180.0,5.0,time
2024-01-01 03:30:00+00:00,42182099999.0,"SAFDARJUNG, IN",28.584511,77.205783,214.88,12.283391181302232,10.14875122295599,1019.8861868313687,,86.74802536598109,,NOAA_ISD,FM-12,,,True,2026-09-16T17:56:30.997704+00:00,5.0,180.0,5.0,time
2024-01-01 03:35:00+00:00,42182099999.0,"SAFDARJUNG, IN",28.584511,77.205783,214.88,12.364385843931114,10.18770565888245,1019.8857316226914,,86.60085731671357,,NOAA_ISD,FM-12,,,True,2026-09-16T17:56:30.997704+00:00,5.0,180.0,5.0,time
2024-01-01 03:40:00+00:00,42182099999.0,"SAFDARJUNG, IN",28.584511,77.205783,214.88,12.394723179345926,10.201462495749581,1019.9673507918791,,86.2707876317864,,NOAA_ISD,FM-12,,,True,2026-09-16T17:56:30.997704+00:00,5.0,180.0,5.0,time
2024-01-01 03:45:00+00:00,42182099999.0,"SAFDARJUNG, IN",28.584511,77.205783,214.88,12.43593442983645,10.177473596145635,1019.9546389412483,,86.50028904505066,,NOAA_ISD,FM-12,,,True,2026-09-16T17:56:30.997704+00:00,5.0,180.0,5.0,time
2024-01-01 03:50:00+00:00,42182099999.0,"SAFDARJUNG, IN",28.584511,77.205783,214.88,12.504682550008521,10.172287607553182,1020.0134591416659,,86.08550550322536,,NOAA_ISD,FM-12,,,True,2026-09-16T17:56:30.997704+00:00,5.0,180.0,5.0,time
2024-01-01 03:55:00+00:00,42182099999.0,"SAFDARJUNG, IN",28.584511,77.205783,214.88,12.508401999660958,10.18634960101624,1020.0107552565112,,86.04767331132975,,NOAA_ISD,FM-12,,,True,2026-09-16T17:56:30.997704+00:00,5.0,180.0,5.0,time
2024-01-01 04:00:00+00:00,42182099999.0,"SAFDARJUNG, IN",28.584511,77.205783,214.88,12.567279011486928,10.180683753616318,1020.0619239728246,,86.07227563797834,,NOAA_ISD,FM-12,,,True,2026-09-16T17:56:30.997704+00:00,5.0,180.0,5.0,time
2024-01-01 04:05:00+00:00,42182099999.0,"SAFDARJUNG, IN",28.584511,77.205783,214.88,12.572823397918889,10.20214239550635,1020.0620783344252,,85.6271081225101,,NOAA_ISD,FM-12,,,True,2026-09-16T17:56:30.997704+00:00,5.0,180.0,5.0,time
2024-01-01 04:10:00+00:00,42182099999.0,"SAFDARJUNG, IN",28.584511,77.205783,214.88,12.620011525490055,10.210375145831096,1020.0976202088129,,85.61708973788201,,NOAA_ISD,FM-12,,,True,2026-09-16T17:56:30.997704+00:00,5.0,180.0,5.0,time
2024-01-01 04:15:00+00:00,42182099999.0,"SAFDARJUNG, IN",28.584511,77.205783,214.88,12.673231077958594,10.206379797538064,1020.1185485275884,,85.32638241844965,,NOAA_ISD,FM-12,,,True,2026-09-16T17:56:30.997704+00:00,5.0,180.0,5.0,time
2024-01-01 04:20:00+00:00,42182099999.0,"SAFDARJUNG, IN",28.584511,77.205783,214.88,12.604919986784996,10.250153851470403,1020.1402435991027,,85.33608952968595,,NOAA_ISD,FM-12,,,True,2026-09-16T17:56:30.997704+00:00,5.0,180.0,5.0,time
2024-01-01 04:25:00+00:00,42182099999.0,"SAFDARJUNG, IN",28.584511,77.205783,214.88,12.697905328071023,10.206445256939594,1020.1583475784325,,85.11210894680293,,NOAA_ISD,FM-12,,,True,2026-09-16T17:56:30.997704+00:00,5.0,180.0,5.0,time
2024-01-01 04:30:00+00:00,42182099999.0,"SAFDARJUNG, IN",28.584511,77.205783,214.88,12.726481367285361,10.252828663585108,1020.1703429856776,,84.69411326076509,,NOAA_ISD,FM-12,,,True,2026-09-16T17:56:30.997704+00:00,5.0,180.0,5.0,time
2024-01-01 04:35:00+00:00,42182099999.0,"SAFDARJUNG, IN",28.584511,77.205783,214.88,12.754167218698944,10.208341881940425,1020.2369198049427,,84.61418631598659,,NOAA_ISD,FM-12,,,True,2026-09-16T17:56:30.997704+00:00,5.0,180.0,5.0,time
2024-01-01 04:40:00+00:00,42182099999.0,"SAFDARJUNG, IN",28.584511,77.205783,214.88,12.808465109660888,10.234788884732165,1020.2040834825203,,84.67208201287744,,NOAA_ISD,FM-12,,,True,2026-09-16T17:56:30.997704+00:00,5.0,180.0,5.0,time
2024-01-01 04:45:00+00:00,42182099999.0,"SAFDARJUNG, IN",28.584511,77.205783,214.88,12.933080398895054,10.261162108170963,1020.2459194861802,,84.35742537405082,,NOAA_ISD,FM-12,,,True,2026-09-16T17:56:30.997704+00:00,5.0,180.0,5.0,time
2024-01-01 04:50:00+00:00,42182099999.0,"SAFDARJUNG, IN",28.584511,77.205783,214.88,12.851152888659783,10.264293809711733,1020.2697421619487,,83.81477425511645,,NOAA_ISD,FM-12,,,True,2026-09-16T17:56:30.997704+00:00,5.0,180.0,5.0,time
2024-01-01 04:55:00+00:00,42182099999.0,"SAFDARJUNG, IN",28.584511,77.205783,214.88,12.978969473285131,10.237428175379328,1020.3011043706225,,84.0407069455676,,NOAA_ISD,FM-12,,,True,2026-09-16T17:56:30.997704+00:00,5.0,180.0,5.0,time
2024-01-01 05:00:00+00:00,42182099999.0,"SAFDARJUNG, IN",28.584511,77.205783,214.88,12.882523178085876,10.261101394401427,1020.3080772137488,,83.50807787551275,,NOAA_ISD,FM-12,,,True,2026-09-16T17:56:30.997704+00:00,5.0,180.0,5.0,time
2024-01-01 05:05:00+00:00,42182099999.0,"SAFDARJUNG, IN",28.584511,77.205783,214.88,12.98603352627849,10.26259024833995,1020.3465727038896,,83.82291928065888,,NOAA_ISD,FM-12,,,True,2026-09-16T17:56:30.997704+00:00,5.0,180.0,5.0,time
2024-01-01 05:10:00+00:00,42182099999.0,"SAFDARJUNG, IN",28.584511,77.205783,214.88,13.04702654214414,10.24753454976148,1020.3605120371849,,83.56065310130154,,NOAA_ISD,FM-12,,,True,2026-09-16T17:56:30.997704+00:00,5.0,180.0,5.0,time
2024-01-01 05:15:00+00:00,42182099999.0,"SAFDARJUNG, IN",28.584511,77.205783,214.88,13.104311116567965,10.274818998742962,1020.3558609496513,,83.22922709518367,,NOAA_ISD,FM-12,,,True,2026-09-16T17:56:30.997704+00:00,5.0,180.0,5.0,time
2024-01-01 05:20:00+00:00,42182099999.0,"SAFDARJUNG, IN",28.584511,77.205783,214.88,13.146672440100753,10.303916510107715,1020.4113021568363,,83.01811323535391,,NOAA_ISD,FM-12,,,True,2026-09-16T17:56:30.997704+00:00,5.0,180.0,5.0,time
2024-01-01 05:25:00+00:00,42182099999.0,"SAFDARJUNG, IN",28.584511,77.205783,214.88,13.186889583982218,10.280267346634586,1020.4127109155617,,82.76027688212785,,NOAA_ISD,FM-12,,,True,2026-09-16T17:56:30.997704+00:00,5.0,180.0,5.0,time
2024-01-01 05:30:00+00:00,42182099999.0,"SAFDARJUNG, IN",28.584511,77.205783,214.88,13.165897079720912,10.286327127581414,1020.4236456180844,,82.75320479028001,,NOAA_ISD,FM-12,,,True,2026-09-16T17:56:30.997704+00:00,5.0,180.0,5.0,time
2024-01-01 05:35:00+00:00,42182099999.0,"SAFDARJUNG, IN",28.584511,77.205783,214.88,13.196326854811216,10.292609766230681,1020.4846819108583,,82.35876103277425,,NOAA_ISD,FM-12,,,True,2026-09-16T17:56:30.997704+00:00,5.0,180.0,5.0,time
2024-01-01 05:40:00+00:00,42182099999.0,"SAFDARJUNG, IN",28.584511,77.205783,214.88,13.298454349618414,10.25411380118623,1020.515313222396,,82.29544730746132,,NOAA_ISD,FM-12,,,True,2026-09-16T17:56:30.997704+00:00,5.0,180.0,5.0,time
2024-01-01 05:45:00+00:00,42182099999.0,"SAFDARJUNG, IN",28.584511,77.205783,214.88,13.282101450422587,10.296704493464127,1020.5397006275088,,82.23813687330389,,NOAA_ISD,FM-12,,,True,2026-09-16T17:56:30.997704+00:00,5.0,180.0,5.0,time
2024-01-01 05:50:00+00:00,42182099999.0,"SAFDARJUNG, IN",28.584511,77.205783,214.88,13.263993461610884,10.271331475169898,1020.5641211919182,,81.76680535796156,,NOAA_ISD,FM-12,,,True,2026-09-16T17:56:30.997704+00:00,5.0,180.0,5.0,time
2024-01-01 05:55:00+00:00,42182099999.0,"SAFDARJUNG, IN",28.584511,77.205783,214.88,13.307224528188716,10.284035594519379,1020.5377371084701,,81.5713447853352,,NOAA_ISD,FM-12,,,True,2026-09-16T17:56:30.997704+00:00,5.0,180.0,5.0,time
2024-01-01 06:00:00+00:00,42182099999.0,"SAFDARJUNG, IN",28.584511,77.205783,214.88,13.35402738569992,10.34323883562377,1020.5727796614419,,81.27112690385512,derived_from_temperature_and_dew_point,NOAA_ISD,FM-12,VALID,"{'TMP_QC': '1', 'DEW_QC': '1', 'SLP_QC': '1', 'RECORD_QC': 'V020'}",True,2026-09-16T17:56:30.997704+00:00,5.0,180.0,5.0,time
2024-01-01 06:05:00+00:00,42182099999.0,"SAFDARJUNG, IN",28.584511,77.205783,214.88,13.513746926091578,10.256045878917934,1020.5422482065142,,80.71071656188587,,NOAA_ISD,FM-12,,,True,2026-09-16T17:56:30.997704+00:00,5.0,180.0,5.0,time
2024-01-01 06:10:00+00:00,42182099999.0,"SAFDARJUNG, IN",28.584511,77.205783,214.88,13.584899064581306,10.207418740136339,1020.384611380354,,79.97154315993393,,NOAA_ISD,FM-12,,,True,2026-09-16T17:56:30.997704+00:00,5.0,180.0,5.0,time
2024-01-01 06:15:00+00:00,42182099999.0,"SAFDARJUNG, IN",28.584511,77.205783,214.88,13.701190934370056,10.206384984911361,1020.3205501539561,,79.89679909113644,,NOAA_ISD,FM-12,,,True,2026-09-16T17:56:30.997704+00:00,5.0,180.0,5.0,time
2024-01-01 06:20:00+00:00,42182099999.0,"SAFDARJUNG, IN",28.584511,77.205783,214.88,13.73419292323873,10.125490904387599,1020.1973723586777,,79.52622735286101,,NOAA_ISD,FM-12,,,True,2026-09-16T17:56:30.997704+00:00,5.0,180.0,5.0,time
2024-01-01 06:25:00+00:00,42182099999.0,"SAFDARJUNG, IN",28.584511,77.205783,214.88,13.85237142899828,10.096607172671762,1020.1154823436743,,78.86312134424962,,NOAA_ISD,FM-12,,,True,2026-09-16T17:56:30.997704+00:00,5.0,180.0,5.0,time
2024-01-01 06:30:00+00:00,42182099999.0,"SAFDARJUNG, IN",28.584511,77.205783,214.88,13.964612853031701,10.091647710026391,1020.0040015826212,,77.66644976894138,,NOAA_ISD,FM-12,,,True,2026-09-16T17:56:30.997704+00:00,5.0,180.0,5.0,time
2024-01-01 06:35:00+00:00,42182099999.0,"SAFDARJUNG, IN",28.584511,77.205783,214.88,14.00675489523621,10.028633129083937,1019.9306752675369,,77.55024871208903,,NOAA_ISD,FM-12,,,True,2026-09-16T17:56:30.997704+00:00,5.0,180.0,5.0,time
2024-01-01 06:40:00+00:00,42182099999.0,"SAFDARJUNG, IN",28.584511,77.205783,214.88,14.133949872988984,9.957656947986358,1019.8249577045685,,77.1033101588736,,NOAA_ISD,FM-12,,,True,2026-09-16T17:56:30.997704+00:00,5.0,180.0,5.0,time
2024-01-01 06:45:00+00:00,42182099999.0,"SAFDARJUNG, IN",28.584511,77.205783,214.88,14.16690370294667,9.960879792286454,1019.7160342045271,,76.14113800385226,,NOAA_ISD,FM-12,,,True,2026-09-16T17:56:30.997704+00:00,5.0,180.0,5.0,time
2024-01-01 06:50:00+00:00,42182099999.0,"SAFDARJUNG, IN",28.584511,77.205783,214.88,14.270736196560636,9.903181793470182,1019.6067743353842,,75.66640059724112,,NOAA_ISD,FM-12,,,True,2026-09-16T17:56:30.997704+00:00,5.0,180.0,5.0,time
2024-01-01 06:55:00+00:00,42182099999.0,"SAFDARJUNG, IN",28.584511,77.205783,214.88,14.358690883077863,9.903019251952829,1019.5359110395054,,74.65814361206128,,NOAA_ISD,FM-12,,,True,2026-09-16T17:56:30.997704+00:00,5.0,180.0,5.0,time
2024-01-01 07:00:00+00:00,42182099999.0,"SAFDARJUNG, IN",28.584511,77.205783,214.88,14.406874684387216,9.821209594380651,1019.4090789573526,,74.52668056692866,,NOAA_ISD,FM-12,,,True,2026-09-16T17:56:30.997704+00:00,5.0,180.0,5.0,time
2024-01-01 07:05:00+00:00,42182099999.0,"SAFDARJUNG, IN",28.584511,77.205783,214.88,14.579904179594836,9.815468963918963,1019.3446607319536,,73.67423249855752,,NOAA_ISD,FM-12,,,True,2026-09-16T17:56:30.997704+00:00,5.0,180.0,5.0,time
2024-01-01 07:10:00+00:00,42182099999.0,"SAFDARJUNG, IN",28.584511,77.205783,214.88,14.62097432743431,9.791069516202871,1019.2914185870696,,73.34048255913787,,NOAA_ISD,FM-12,,,True,2026-09-16T17:56:30.997704+00:00,5.0,180.0,5.0,time
2024-01-01 07:15:00+00:00,42182099999.0,"SAFDARJUNG, IN",28.584511,77.205783,214.88,14.73395803926972,9.699647802190436,1019.1686700676919,,72.4019260822289,,NOAA_ISD,FM-12,,,True,2026-09-16T17:56:30.997704+00:00,5.0,180.0,5.0,time
2024-01-01 07:20:00+00:00,42182099999.0,"SAFDARJUNG, IN",28.584511,77.205783,214.88,14.846259555167519,9.673913517362616,1019.0588114021824,,72.2363494226733,,NOAA_ISD,FM-12,,,True,2026-09-16T17:56:30.997704+00:00,5.0,180.0,5.0,time
2024-01-01 07:25:00+00:00,42182099999.0,"SAFDARJUNG, IN",28.584511,77.205783,214.88,14.933437669912609,9.646661394371778,1018.9455100762674,,71.74629142397423,,NOAA_ISD,FM-12,,,True,2026-09-16T17:56:30.997704+00:00,5.0,180.0,5.0,time
2024-01-01 07:30:00+00:00,42182099999.0,"SAFDARJUNG, IN",28.584511,77.205783,214.88,15.033269255448639,9.582853084948917,1018.81122494746,,70.79836402765696,,NOAA_ISD,FM-12,,,True,2026-09-16T17:56:30.997704+00:00,5.0,180.0,5.0,time
2024-01-01 07:35:00+00:00,42182099999.0,"SAFDARJUNG, IN",28.584511,77.205783,214.88,15.083964614663419,9.566517010045269,1018.7263320498598,,70.14122659482902,,NOAA_ISD,FM-12,,,True,2026-09-16T17:56:30.997704+00:00,5.0,180.0,5.0,time
2024-01-01 07:40:00+00:00,42182099999.0,"SAFDARJUNG, IN",28.584511,77.205783,214.88,15.156612862175571,9.517723816472103,1018.6812114126776,,69.35101761371222,,NOAA_ISD,FM-12,,,True,2026-09-16T17:56:30.997704+00:00,5.0,180.0,5.0,time
2024-01-01 07:45:00+00:00,42182099999.0,"SAFDARJUNG, IN",28.584511,77.205783,214.88,15.262680756121348,9.478431981901467,1018.5425382117309,,69.14255062651829,,NOAA_ISD,FM-12,,,True,2026-09-16T17:56:30.997704+00:00,5.0,180.0,5.0,time
2024-01-01 07:50:00+00:00,42182099999.0,"SAFDARJUNG, IN",28.584511,77.205783,214.88,15.271188833857655,9.445423212298607,1018.4471260691478,,68.49312565758812,,NOAA_ISD,FM-12,,,True,2026-09-16T17:56:30.997704+00:00,5.0,180.0,5.0,time
2024-01-01 07:55:00+00:00,42182099999.0,"SAFDARJUNG, IN",28.584511,77.205783,214.88,15.372088820823292,9.406980849867129,1018.3605758793752,,67.71285167308595,,NOAA_ISD,FM-12,,,True,2026-09-16T17:56:30.997704+00:00,5.0,180.0,5.0,time
2024-01-01 08:00:00+00:00,42182099999.0,"SAFDARJUNG, IN",28.584511,77.205783,214.88,15.467198352715615,9.369944282048188,1018.2454257414897,,67.5272704179291,,NOAA_ISD,FM-12,,,True,2026-09-16T17:56:30.997704+00:00,5.0,180.0,5.0,time
2024-01-01 08:05:00+00:00,42182099999.0,"SAFDARJUNG, IN",28.584511,77.205783,214.88,15.57235988084215,9.315801250868644,1018.1449090697535,,66.76028370140484,,NOAA_ISD,FM-12,,,True,2026-09-16T17:56:30.997704+00:00,5.0,180.0,5.0,time
2024-01-01 08:10:00+00:00,42182099999.0,"SAFDARJUNG, IN",28.584511,77.205783,214.88,15.731099822447284,9.277785454401895,1018.0712127407666,,66.04874169715984,,NOAA_ISD,FM-12,,,True,2026-09-16T17:56:30.997704+00:00,5.0,180.0,5.0,time
2024-01-01 08:15:00+00:00,42182099999.0,"SAFDARJUNG, IN",28.584511,77.205783,214.88,15.754726047231998,9.247628248223503,1017.9571694109065,,65.5665855188719,,NOAA_ISD,FM-12,,,True,2026-09-16T17:56:30.997704+00:00,5.0,180.0,5.0,time
2024-01-01 08:20:00+00:00,42182099999.0,"SAFDARJUNG, IN",28.584511,77.205783,214.88,15.86998076118692,9.210215958286396,1017.8629574061823,,65.30537201889703,,NOAA_ISD,FM-12,,,True,2026-09-16T17:56:30.997704+00:00,5.0,180.0,5.0,time
2024-01-01 08:25:00+00:00,42182099999.0,"SAFDARJUNG, IN",28.584511,77.205783,214.88,16.04273919266708,9.163445235423291,1017.7649317350326,,64.62530961097328,,NOAA_ISD,FM-12,,,True,2026-09-16T17:56:30.997704+00:00,5.0,180.0,5.0,time
2024-01-01 08:30:00+00:00,42182099999.0,"SAFDARJUNG, IN",28.584511,77.205783,214.88,16.048853468113595,9.139812126175055,1017.6937805376101,,63.892328121033636,,NOAA_ISD,FM-12,,,True,2026-09-16T17:56:30.997704+00:00,5.0,180.0,5.0,time
2024-01-01 08:35:00+00:00,42182099999.0,"SAFDARJUNG, IN",28.584511,77.205783,214.88,16.192431333978913,9.05814920947094,1017.5814685973012,,63.45576544813741,,NOAA_ISD,FM-12,,,True,2026-09-16T17:56:30.997704+00:00,5.0,180.0,5.0,time
2024-01-01 08:40:00+00:00,42182099999.0,"SAFDARJUNG, IN",28.584511,77.205783,214.88,16.197763560443953,9.040946230377376,1017.4853174495311,,62.51337316427821,,NOAA_ISD,FM-12,,,True,2026-09-16T17:56:30.997704+00:00,5.0,180.0,5.0,time
2024-01-01 08:45:00+00:00,42182099999.0,"SAFDARJUNG, IN",28.584511,77.205783,214.88,16.323061455439955,9.01106811014261,1017.4036055846128,,62.16564068681207,,NOAA_ISD,FM-12,,,True,2026-09-16T17:56:30.997704+00:00,5.0,180.0,5.0,time
2024-01-01 08:50:00+00:00,42182099999.0,"SAFDARJUNG, IN",28.584511,77.205783,214.88,16.374721119476696,8.960655474037166,1017.2916036522798,,61.60224224387507,,NOAA_ISD,FM-12,,,True,2026-09-16T17:56:30.997704+00:00,5.0,180.0,5.0,time
2024-01-01 08:55:00+00:00,42182099999.0,"SAFDARJUNG, IN",28.584511,77.205783,214.88,16.494159457316083,8.971472849185067,1017.191657146853,,60.89242158718913,,NOAA_ISD,FM-12,,,True,2026-09-16T17:56:30.997704+00:00,5.0,180.0,5.0,time
2024-01-01 09:00:00+00:00,42182099999.0,"SAFDARJUNG, IN",28.584511,77.205783,214.88,16.642015406872872,8.9003772369345,1017.1094090071115,,60.487091667191486,derived_from_temperature_and_dew_point,NOAA_ISD,FM-12,VALID,"{'TMP_QC': '1', 'DEW_QC': '1', 'SLP_QC': '1', 'RECORD_QC': 'V020'}",True,2026-09-16T17:56:30.997704+00:00,5.0,180.0,5.0,time
2024-01-01 09:05:00+00:00,42182099999.0,"SAFDARJUNG, IN",28.584511,77.205783,214.88,16.402522867729274,8.895202060231185,1017.1216972902045,,60.694468864626664,,NOAA_ISD,FM-12,,,True,2026-09-16T17:56:30.997704+00:00,5.0,180.0,5.0,time
2024-01-01 09:10:00+00:00,42182099999.0,"SAFDARJUNG, IN",28.584511,77.205783,214.88,16.39949895995507,8.873668719174024,1017.1137251966765,,61.40307525266633,,NOAA_ISD,FM-12,,,True,2026-09-16T17:56:30.997704+00:00,5.0,180.0,5.0,time
2024-01-01 09:15:00+00:00,42182099999.0,"SAFDARJUNG, IN",28.584511,77.205783,214.88,16.278553446783285,8.87468442159254,1017.1266121555124,,61.86203842097292,,NOAA_ISD,FM-12,,,True,2026-09-16T17:56:30.997704+00:00,5.0,180.0,5.0,time
2024-01-01 09:20:00+00:00,42182099999.0,"SAFDARJUNG, IN",28.584511,77.205783,214.88,16.125848057770718,8.842361597380613,1017.1176975287386,,61.6187902460828,,NOAA_ISD,FM-12,,,True,2026-09-16T17:56:30.997704+00:00,5.0,180.0,5.0,time
2024-01-01 09:25:00+00:00,42182099999.0,"SAFDARJUNG, IN",28.584511,77.205783,214.88,15.972141551725022,8.854936992611433,1017.1244530058034,,62.8908389184798,,NOAA_ISD,FM-12,,,True,2026-09-16T17:56:30.997704+00:00,5.0,180.0,5.0,time
2024-01-01 09:30:00+00:00,42182099999.0,"SAFDARJUNG, IN",28.584511,77.205783,214.88,15.936939808719027,8.831259831428085,1017.1653829500393,,62.49380682026278,,NOAA_ISD,FM-12,,,True,2026-09-16T17:56:30.997704+00:00,5.0,180.0,5.0,time
2024-01-01 09:35:00+00:00,42182099999.0,"SAFDARJUNG, IN",28.584511,77.205783,214.88,15.795747586769032,8.836118594971543,1017.1672321745842,,63.43067908377767,,NOAA_ISD,FM-12,,,True,2026-09-16T17:56:30.997704+00:00,5.0,180.0,5.0,time
2024-01-01 09:40:00+00:00,42182099999.0,"SAFDARJUNG, IN",28.584511,77.205783,214.88,15.722744921678848,8.782135002007283,1017.175772635435,,64.209514051296,,NOAA_ISD,FM-12,,,True,2026-09-16T17:56:30.997704+00:00,5.0,180.0,5.0,time
2024-01-01 09:45:00+00:00,42182099999.0,"SAFDARJUNG, IN",28.584511,77.205783,214.88,15.601092607276174,8.80243993583113,1017.1806170869745,,64.3915426549495,,NOAA_ISD,FM-12,,,True,2026-09-16T17:56:30.997704+00:00,5.0,180.0,5.0,time
2024-01-01 09:50:00+00:00,42182099999.0,"SAFDARJUNG, IN",28.584511,77.205783,214.88,15.568977833454937,8.845945194756952,1017.1842573988497,,64.61231835906165,,NOAA_ISD,FM-12,,,True,2026-09-16T17:56:30.997704+00:00,5.0,180.0,5.0,time
2024-01-01 09:55:00+00:00,42182099999.0,"SAFDARJUNG, IN",28.584511,77.205783,214.88,15.365809996404128,8.824941288315484,1017.2055949044832,,65.13736369876779,,NOAA_ISD,FM-12,,,True,2026-09-16T17:56:30.997704+00:00,5.0,180.0,5.0,time
2024-01-01 10:00:00+00:00,42182099999.0,"SAFDARJUNG, IN",28.584511,77.205783,214.88,15.215491792035575,8.826380786718305,1017.2187021752205,,66.0120478159308,,NOAA_ISD,FM-12,,,True,2026-09-16T17:56:30.997704+00:00,5.0,180.0,5.0,time
2024-01-01 10:05:00+00:00,42182099999.0,"SAFDARJUNG, IN",28.584511,77.205783,214.88,15.164519337303373,8.819421092060084,1017.2265578934372,,65.8729213161125,,NOAA_ISD,FM-12,,,True,2026-09-16T17:56:30.997704+00:00,5.0,180.0,5.0,time
2024-01-01 10:10:00+00:00,42182099999.0,"SAFDARJUNG, IN",28.584511,77.205783,214.88,15.055444278643032,8.796793081816622,1017.2146511083478,,66.93357599797018,,NOAA_ISD,FM-12,,,True,2026-09-16T17:56:30.997704+00:00,5.0,180.0,5.0,time
2024-01-01 10:15:00+00:00,42182099999.0,"SAFDARJUNG, IN",28.584511,77.205783,214.88,15.001292712095355,8.765942626292418,1017.2527398545982,,67.14731291352487,,NOAA_ISD,FM-12,,,True,2026-09-16T17:56:30.997704+00:00,5.0,180.0,5.0,time
2024-01-01 10:20:00+00:00,42182099999.0,"SAFDARJUNG, IN",28.584511,77.205783,214.88,14.863977784517951,8.745921647741355,1017.237902546968,,67.3704098228004,,NOAA_ISD,FM-12,,,True,2026-09-16T17:56:30.997704+00:00,5.0,180.0,5.0,time
2024-01-01 10:25:00+00:00,42182099999.0,"SAFDARJUNG, IN",28.584511,77.205783,214.88,14.728954664068588,8.781268225442327,1017.254314190518,,67.94282142998391,,NOAA_ISD,FM-12,,,True,2026-09-16T17:56:30.997704+00:00,5.0,180.0,5.0,time
2024-01-01 10:30:00+00:00,42182099999.0,"SAFDARJUNG, IN",28.584511,77.205783,214.88,14.67316514456098,8.751291359487748,1017.2556417578166,,68.30655513177967,,NOAA_ISD,FM-12,,,True,2026-09-16T17:56:30.997704+00:00,5.0,180.0,5.0,time
2024-01-01 10:35:00+00:00,42182099999.0,"SAFDARJUNG, IN",28.584511,77.205783,214.88,14.429450736172747,8.791547122994306,1017.263273467483,,69.13380059572727,,NOAA_ISD,FM-12,,,True,2026-09-16T17:56:30.997704+00:00,5.0,180.0,5.0,time
2024-01-01 10:40:00+00:00,42182099999.0,"SAFDARJUNG, IN",28.584511,77.205783,214.88,14.345790201140291,8.726031373813118,1017.2519516268617,,69.55759667306368,,NOAA_ISD,FM-12,,,True,2026-09-16T17:56:30.997704+00:00,5.0,180.0,5.0,time
2024-01-01 10:45:00+00:00,42182099999.0,"SAFDARJUNG, IN",28.584511,77.205783,214.88,14.220337869596392,8.764457917095609,1017.2890270167669,,69.51783443989146,,NOAA_ISD,FM-12,,,True,2026-09-16T17:56:30.997704+00:00,5.0,180.0,5.0,time
2024-01-01 10:50:00+00:00,42182099999.0,"SAFDARJUNG, IN",28.584511,77.205783,214.88,14.136065065397766,8.713530830852752,1017.3402392212314,,70.23150379851836,,NOAA_ISD,FM-12,,,True,2026-09-16T17:56:30.997704+00:00,5.0,180.0,5.0,time
2024-01-01 10:55:00+00:00,42182099999.0,"SAFDARJUNG, IN",28.584511,77.205783,214.88,13.97561013706663,8.735054305278508,1017.2841707651709,,70.59014064530894,,NOAA_ISD,FM-12,,,True,2026-09-16T17:56:30.997704+00:00,5.0,180.0,5.0,time
2024-01-01 11:00:00+00:00,42182099999.0,"SAFDARJUNG, IN",28.584511,77.205783,214.88,13.965090880674055,8.733933834744649,1017.3014198943084,,71.47203532702521,,NOAA_ISD,FM-12,,,True,2026-09-16T17:56:30.997704+00:00,5.0,180.0,5.0,time
2024-01-01 11:05:00+00:00,42182099999.0,"SAFDARJUNG, IN",28.584511,77.205783,214.88,13.811111087367284,8.671207668103053,1017.2994092280463,,71.3938690652636,,NOAA_ISD,FM-12,,,True,2026-09-16T17:56:30.997704+00:00,5.0,180.0,5.0,time
2024-01-01 11:10:00+00:00,42182099999.0,"SAFDARJUNG, IN",28.584511,77.205783,214.88,13.63757079638598,8.673633371767517,1017.3069062686353,,72.43529026538145,,NOAA_ISD,FM-12,,,True,2026-09-16T17:56:30.997704+00:00,5.0,180.0,5.0,time
2024-01-01 11:15:00+00:00,42182099999.0,"SAFDARJUNG, IN",28.584511,77.205783,214.88,13.549221045939623,8.65434041548603,1017.3558889895625,,72.55834105209661,,NOAA_ISD,FM-12,,,True,2026-09-16T17:56:30.997704+00:00,5.0,180.0,5.0,time
2024-01-01 11:20:00+00:00,42182099999.0,"SAFDARJUNG, IN",28.584511,77.205783,214.88,13.504564581261398,8.642067776901502,1017.3198739129788,,72.78316867427954,,NOAA_ISD,FM-12,,,True,2026-09-16T17:56:30.997704+00:00,5.0,180.0,5.0,time
2024-01-01 11:25:00+00:00,42182099999.0,"SAFDARJUNG, IN",28.584511,77.205783,214.88,13.419684106172497,8.671674670343831,1017.3321850571994,,73.33065627430926,,NOAA_ISD,FM-12,,,True,2026-09-16T17:56:30.997704+00:00,5.0,180.0,5.0,time
2024-01-01 11:30:00+00:00,42182099999.0,"SAFDARJUNG, IN",28.584511,77.205783,214.88,13.366503211251255,8.64606743259502,1017.3182501435253,,73.75634289851298,,NOAA_ISD,FM-12,,,True,2026-09-16T17:56:30.997704+00:00,5.0,180.0,5.0,time
2024-01-01 11:35:00+00:00,42182099999.0,"SAFDARJUNG, IN",28.584511,77.205783,214.88,13.301248678855922,8.642713993130469,1017.3431810988425,,74.11229854181913,,NOAA_ISD,FM-12,,,True,2026-09-16T17:56:30.997704+00:00,5.0,180.0,5.0,time
2024-01-01 11:40:00+00:00,42182099999.0,"SAFDARJUNG, IN",28.584511,77.205783,214.88,13.065164916108245,8.644458116032798,1017.3324986688076,,74.83674314972386,,NOAA_ISD,FM-12,,,True,2026-09-16T17:56:30.997704+00:00,5.0,180.0,5.0,time
2024-01-01 11:45:00+00:00,42182099999.0,"SAFDARJUNG, IN",28.584511,77.205783,214.88,12.88385642733174,8.587852263325702,1017.3876360939843,,75.02275022319496,,NOAA_ISD,FM-12,,,True,2026-09-16T17:56:30.997704+00:00,5.0,180.0,5.0,time
2024-01-01 11:50:00+00:00,42182099999.0,"SAFDARJUNG, IN",28.584511,77.205783,214.88,12.715619908185657,8.642401986745808,1017.4393272777701,,75.28281564714126,,NOAA_ISD,FM-12,,,True,2026-09-16T17:56:30.997704+00:00,5.0,180.0,5.0,time
2024-01-01 11:55:00+00:00,42182099999.0,"SAFDARJUNG, IN",28.584511,77.205783,214.88,12.724496684228304,8.601351450066534,1017.3843330907937,,76.09350915027481,,NOAA_ISD,FM-12,,,True,2026-09-16T17:56:30.997704+00:00,5.0,180.0,5.0,time
2024-01-01 12:00:00+00:00,42182099999.0,"SAFDARJUNG, IN",28.584511,77.205783,214.88,12.559352945234483,8.610648026124757,1017.3666648413401,,76.25942876071643,derived_from_temperature_and_dew_point,NOAA_ISD,FM-12,VALID,"{'TMP_QC': '1', 'DEW_QC': '1', 'SLP_QC': '1', 'RECORD_QC': 'V020'}",True,2026-09-16T17:56:30.997704+00:00,5.0,180.0,5.0,time
2024-01-01 12:05:00+00:00,42182099999.0,"SAFDARJUNG, IN",28.584511,77.205783,214.88,12.540343248102126,8.617969812340126,1017.4513333266219,,76.70706782638649,,NOAA_ISD,FM-12,,,True,2026-09-16T17:56:30.997704+00:00,5.0,180.0,5.0,time
2024-01-01 12:10:00+00:00,42182099999.0,"SAFDARJUNG, IN",28.584511,77.205783,214.88,12.491617382269231,8.638527042326388,1017.4521281674881,,76.91317942227933,,NOAA_ISD,FM-12,,,True,2026-09-16T17:56:30.997704+00:00,5.0,180.0,5.0,time
2024-01-01 12:15:00+00:00,42182099999.0,"SAFDARJUNG, IN",28.584511,77.205783,214.88,12.476293789012514,8.614569518911006,1017.525986938611,,77.15825678559484,,NOAA_ISD,FM-12,,,True,2026-09-16T17:56:30.997704+00:00,5.0,180.0,5.0,time
2024-01-01 12:20:00+00:00,42182099999.0,"SAFDARJUNG, IN",28.584511,77.205783,214.88,12.497743455983827,8.579749473041364,1017.5276927523774,,77.97019262031804,,NOAA_ISD,FM-12,,,True,2026-09-16T17:56:30.997704+00:00,5.0,180.0,5.0,time
2024-01-01 12:25:00+00:00,42182099999.0,"SAFDARJUNG, IN",28.584511,77.205783,214.88,12.413407983927822,8.62892033004685,1017.554030352885,,77.81878231343391,,NOAA_ISD,FM-12,,,True,2026-09-16T17:56:30.997704+00:00,5.0,180.0,5.0,time
2024-01-01 12:30:00+00:00,42182099999.0,"SAFDARJUNG, IN",28.584511,77.205783,214.88,12.358734924814733,8.637347470496564,1017.5964408488851,,78.09407420179907,,NOAA_ISD,FM-12,,,True,2026-09-16T17:56:30.997704+00:00,5.0,180.0,5.0,time
2024-01-01 12:35:00+00:00,42182099999.0,"SAFDARJUNG, IN",28.584511,77.205783,214.88,12.275995090136487,8.618203671706087,1017.648488868552,,77.92722034073154,,NOAA_ISD,FM-12,,,True,2026-09-16T17:56:30.997704+00:00,5.0,180.0,5.0,time
2024-01-01 12:40:00+00:00,42182099999.0,"SAFDARJUNG, IN",28.584511,77.205783,214.88,12.20515474165367,8.647394257533103,1017.6621182540515,,78.38920737327263,,NOAA_ISD,FM-12,,,True,2026-09-16T17:56:30.997704+00:00,5.0,180.0,5.0,time
2024-01-01 12:45:00+00:00,42182099999.0,"SAFDARJUNG, IN",28.584511,77.205783,214.88,12.225684604546334,8.642779631305475,1017.6900655059442,,78.80056052598832,,NOAA_ISD,FM-12,,,True,2026-09-16T17:56:30.997704+00:00,5.0,180.0,5.0,time
2024-01-01 12:50:00+00:00,42182099999.0,"SAFDARJUNG, IN",28.584511,77.205783,214.88,12.208421983570194,8.628700476569906,1017.7293567012738,,78.7900942174174,,NOAA_ISD,FM-12,,,True,2026-09-16T17:56:30.997704+00:00,5.0,180.0,5.0,time
2024-01-01 12:55:00+00:00,42182099999.0,"SAFDARJUNG, IN",28.584511,77.205783,214.88,12.260618717901217,8.674540809011297,1017.7412295629766,,79.4141125687036,,NOAA_ISD,FM-12,,,True,2026-09-16T17:56:30.997704+00:00,5.0,180.0,5.0,time
2024-01-01 13:00:00+00:00,42182099999.0,"SAFDARJUNG, IN",28.584511,77.205783,214.88,12.139847059406977,8.65539216364871,1017.8079406320459,,79.22946068281979,,NOAA_ISD,FM-12,,,True,2026-09-16T17:56:30.997704+00:00,5.0,180.0,5.0,time
2024-01-01 13:05:00+00:00,42182099999.0,"SAFDARJUNG, IN",28.584511,77.205783,214.88,12.143581419995597,8.664094637927482,1017.7975988014565,,79.65022677282697,,NOAA_ISD,FM-12,,,True,2026-09-16T17:56:30.997704+00:00,5.0,180.0,5.0,time
2024-01-01 13:10:00+00:00,42182099999.0,"SAFDARJUNG, IN",28.584511,77.205783,214.88,12.030590775628598,8.668526200832035,1017.8577842375794,,79.8277896720049,,NOAA_ISD,FM-12,,,True,2026-09-16T17:56:30.997704+00:00,5.0,180.0,5.0,time
2024-01-01 13:15:00+00:00,42182099999.0,"SAFDARJUNG, IN",28.584511,77.205783,214.88,11.957419478345814,8.708042905282616,1017.9151877041766,,80.21536413187638,,NOAA_ISD,FM-12,,,True,2026-09-16T17:56:30.997704+00:00,5.0,180.0,5.0,time
2024-01-01 13:20:00+00:00,42182099999.0,"SAFDARJUNG, IN",28.584511,77.205783,214.88,11.92952193966616,8.68807056565342,1017.9393942989919,,80.29190198562891,,NOAA_ISD,FM-12,,,True,2026-09-16T17:56:30.997704+00:00,5.0,180.0,5.0,time
2024-01-01 13:25:00+00:00,42182099999.0,"SAFDARJUNG, IN",28.584511,77.205783,214.88,11.9026275856621,8.696026440855361,1017.9784730781264,,80.60332127458581,,NOAA_ISD,FM-12,,,True,2026-09-16T17:56:30.997704+00:00,5.0,180.0,5.0,time
2024-01-01 13:30:00+00:00,42182099999.0,"SAFDARJUNG, IN",28.584511,77.205783,214.88,12.006423486621758,8.691187276912272,1017.9986990865456,,80.84777398164441,,NOAA_ISD,FM-12,,,True,2026-09-16T17:56:30.997704+00:00,5.0,180.0,5.0,time
2024-01-01 13:35:00+00:00,42182099999.0,"SAFDARJUNG, IN",28.584511,77.205783,214.88,11.820041777149891,8.714812892000653,1018.056728256953,,80.98562244852175,,NOAA_ISD,FM-12,,,True,2026-09-16T17:56:30.997704+00:00,5.0,180.0,5.0,time
2024-01-01 13:40:00+00:00,42182099999.0,"SAFDARJUNG, IN",28.584511,77.205783,214.88,11.864146682409038,8.738097472080126,1018.0851606506021,,81.46701877369942,,NOAA_ISD,FM-12,,,True,2026-09-16T17:56:30.997704+00:00,5.0,180.0,5.0,time
2024-01-01 13:45:00+00:00,42182099999.0,"SAFDARJUNG, IN",28.584511,77.205783,214.88,11.738186974428983,8.729623883016396,1018.108922820085,,81.65517767496749,,NOAA_ISD,FM-12,,,True,2026-09-16T17:56:30.997704+00:00,5.0,180.0,5.0,time
2024-01-01 13:50:00+00:00,42182099999.0,"SAFDARJUNG, IN",28.584511,77.205783,214.88,11.791023095088155,8.73595956144892,1018.1518842488796,,81.82727721094936,,NOAA_ISD,FM-12,,,True,2026-09-16T17:56:30.997704+00:00,5.0,180.0,5.0,time
2024-01-01 13:55:00+00:00,42182099999.0,"SAFDARJUNG, IN",28.584511,77.205783,214.88,11.724803103860848,8.739902381895465,1018.1816751377547,,81.99640833330761,,NOAA_ISD,FM-12,,,True,2026-09-16T17:56:30.997704+00:00,5.0,180.0,5.0,time
2024-01-01 14:00:00+00:00,42182099999.0,"SAFDARJUNG, IN",28.584511,77.205783,214.88,11.658834771783761,8.70572848046711,1018.1912107297331,,82.479308806104,,NOAA_ISD,FM-12,,,True,2026-09-16T17:56:30.997704+00:00,5.0,180.0,5.0,time
2024-01-01 14:05:00+00:00,42182099999.0,"SAFDARJUNG, IN",28.584511,77.205783,214.88,11.625739651471005,8.721366512254907,1018.2064553550995,,82.51033315123716,,NOAA_ISD,FM-12,,,True,2026-09-16T17:56:30.997704+00:00,5.0,180.0,5.0,time
2024-01-01 14:10:00+00:00,42182099999.0,"SAFDARJUNG, IN",28.584511,77.205783,214.88,11.55614950411742,8.740344696572462,1018.2750739091834,,82.73366054243482,,NOAA_ISD,FM-12,,,True,2026-09-16T17:56:30.997704+00:00,5.0,180.0,5.0,time
2024-01-01 14:15:00+00:00,42182099999.0,"SAFDARJUNG, IN",28.584511,77.205783,214.88,11.572303610074103,8.735482719150136,1018.3109217846165,,83.05343800597763,,NOAA_ISD,FM-12,,,True,2026-09-16T17:56:30.997704+00:00,5.0,180.0,5.0,time
2024-01-01 14:20:00+00:00,42182099999.0,"SAFDARJUNG, IN",28.584511,77.205783,214.88,11.488361937094073,8.734264815060437,1018.3551427731561,,83.60931733659416,,NOAA_ISD,FM-12,,,True,2026-09-16T17:56:30.997704+00:00,5.0,180.0,5.0,time
2024-01-01 14:25:00+00:00,42182099999.0,"SAFDARJUNG, IN",28.584511,77.205783,214.88,11.41094193403386,8.7236675962937,1018.3479402411658,,83.23942875839576,,NOAA_ISD,FM-12,,,True,2026-09-16T17:56:30.997704+00:00,5.0,180.0,5.0,time
2024-01-01 14:30:00+00:00,42182099999.0,"SAFDARJUNG, IN",28.584511,77.205783,214.88,11.369436454617352,8.739736082403985,1018.3818713788145,,83.89897137861108,,NOAA_ISD,FM-12,,,True,2026-09-16T17:56:30.997704+00:00,5.0,180.0,5.0,time
2024-01-01 14:35:00+00:00,42182099999.0,"SAFDARJUNG, IN",28.584511,77.205783,214.88,11.40307384033055,8.76709171107537,1018.4425313386596,,83.60386576775238,,NOAA_ISD,FM-12,,,True,2026-09-16T17:56:30.997704+00:00,5.0,180.0,5.0,time
2024-01-01 14:40:00+00:00,42182099999.0,"SAFDARJUNG, IN",28.584511,77.205783,214.88,11.434510118376076,8.776389250441401,1018.4652433268897,,84.26345463164573,,NOAA_ISD,FM-12,,,True,2026-09-16T17:56:30.997704+00:00,5.0,180.0,5.0,time
2024-01-01 14:45:00+00:00,42182099999.0,"SAFDARJUNG, IN",28.584511,77.205783,214.88,11.324666247345338,8.767472257810722,1018.4622847677886,,84.77251656552174,,NOAA_ISD,FM-12,,,True,2026-09-16T17:56:30.997704+00:00,5.0,180.0,5.0,time
2024-01-01 14:50:00+00:00,42182099999.0,"SAFDARJUNG, IN",28.584511,77.205783,214.88,11.271845861472283,8.790467393142555,1018.5408354966083,,84.79273370489346,,NOAA_ISD,FM-12,,,True,2026-09-16T17:56:30.997704+00:00,5.0,180.0,5.0,time
2024-01-01 14:55:00+00:00,42182099999.0,"SAFDARJUNG, IN",28.584511,77.205783,214.88,11.253180195869016,8.785767771626277,1018.529618208367,,84.96662501570796,,NOAA_ISD,FM-12,,,True,2026-09-16T17:56:30.997704+00:00,5.0,180.0,5.0,time
2024-01-01 15:00:00+00:00,42182099999.0,"SAFDARJUNG, IN",28.584511,77.205783,214.88,11.26530008708534,8.821811471747477,1018.5810948689625,,85.05791010623939,derived_from_temperature_and_dew_point,NOAA_ISD,FM-12,VALID,"{'TMP_QC': '1', 'DEW_QC': '1', 'SLP_QC': '1', 'RECORD_QC': 'V020'}",True,2026-09-16T17:56:30.997704+00:00,5.0,180.0,5.0,time
2024-01-01 15:05:00+00:00,42182099999.0,"SAFDARJUNG, IN",28.584511,77.205783,214.88,11.18874690284597,8.796767484719505,1018.6492558496794,,85.30537610676437,,NOAA_ISD,FM-12,,,True,2026-09-16T17:56:30.997704+00:00,5.0,180.0,5.0,time
2024-01-01 15:10:00+00:00,42182099999.0,"SAFDARJUNG, IN",28.584511,77.205783,214.88,11.135009194013868,8.813926617628034,1018.6809420248006,,85.37792077025267,,NOAA_ISD,FM-12,,,True,2026-09-16T17:56:30.997704+00:00,5.0,180.0,5.0,time
2024-01-01 15:15:00+00:00,42182099999.0,"SAFDARJUNG, IN",28.584511,77.205783,214.88,11.188647768836328,8.804064275245894,1018.6423535392973,,85.40030467841373,,NOAA_ISD,FM-12,,,True,2026-09-16T17:56:30.997704+00:00,5.0,180.0,5.0,time
2024-01-01 15:20:00+00:00,42182099999.0,"SAFDARJUNG, IN",28.584511,77.205783,214.88,11.132548933034192,8.77195857921512,1018.6823010581406,,85.62869154357169,,NOAA_ISD,FM-12,,,True,2026-09-16T17:56:30.997704+00:00,5.0,180.0,5.0,time
2024-01-01 15:25:00+00:00,42182099999.0,"SAFDARJUNG, IN",28.584511,77.205783,214.88,11.165676688488688,8.798186836485257,1018.7119635615727,,85.85550956545862,,NOAA_ISD,FM-12,,,True,2026-09-16T17:56:30.997704+00:00,5.0,180.0,5.0,time
2024-01-01 15:30:00+00:00,42182099999.0,"SAFDARJUNG, IN",28.584511,77.205783,214.88,11.075828388527762,8.775287518013426,1018.7689578718849,,85.79155658629386,,NOAA_ISD,FM-12,,,True,2026-09-16T17:56:30.997704+00:00,5.0,180.0,5.0,time
2024-01-01 15:35:00+00:00,42182099999.0,"SAFDARJUNG, IN",28.584511,77.205783,214.88,10.983220992858419,8.797837583235662,1018.7456981765991,,85.91291030252974,,NOAA_ISD,FM-12,,,True,2026-09-16T17:56:30.997704+00:00,5.0,180.0,5.0,time
2024-01-01 15:40:00+00:00,42182099999.0,"SAFDARJUNG, IN",28.584511,77.205783,214.88,10.95381426225994,8.785097383655387,1018.7682400973172,,85.9312846458149,,NOAA_ISD,FM-12,,,True,2026-09-16T17:56:30.997704+00:00,5.0,180.0,5.0,time
2024-01-01 15:45:00+00:00,42182099999.0,"SAFDARJUNG, IN",28.584511,77.205783,214.88,11.082546396611562,8.807639260669697,1018.8309745111692,,86.41064500521777,,NOAA_ISD,FM-12,,,True,2026-09-16T17:56:30.997704+00:00,5.0,180.0,5.0,time
2024-01-01 15:50:00+00:00,42182099999.0,"SAFDARJUNG, IN",28.584511,77.205783,214.88,11.063961063816942,8.773152913250676,1018.8147264391679,,86.57073131906009,,NOAA_ISD,FM-12,,,True,2026-09-16T17:56:30.997704+00:00,5.0,180.0,5.0,time
2024-01-01 15:55:00+00:00,42182099999.0,"SAFDARJUNG, IN",28.584511,77.205783,214.88,10.946579594891425,8.800294036505589,1018.8588884786237,,86.63716542218064,,NOAA_ISD,FM-12,,,True,2026-09-16T17:56:30.997704+00:00,5.0,180.0,5.0,time
2024-01-01 16:00:00+00:00,42182099999.0,"SAFDARJUNG, IN",28.584511,77.205783,214.88,10.914173967276534,8.811448311651265,1018.8371238073644,,86.91303409854574,,NOAA_ISD,FM-12,,,True,2026-09-16T17:56:30.997704+00:00,5.0,180.0,5.0,time
2024-01-01 16:05:00+00:00,42182099999.0,"SAFDARJUNG, IN",28.584511,77.205783,214.88,10.984183325723222,8.818151911386181,1018.885464234007,,86.86674019408281,,NOAA_ISD,FM-12,,,True,2026-09-16T17:56:30.997704+00:00,5.0,180.0,5.0,time
2024-01-01 16:10:00+00:00,42182099999.0,"SAFDARJUNG, IN",28.584511,77.205783,214.88,10.833536604786715,8.784716644842316,1018.8779191743446,,87.05673552080647,,NOAA_ISD,FM-12,,,True,2026-09-16T17:56:30.997704+00:00,5.0,180.0,5.0,time
2024-01-01 16:15:00+00:00,42182099999.0,"SAFDARJUNG, IN",28.584511,77.205783,214.88,10.821930315718875,8.800355019444144,1018.9122246577143,,87.16826748512752,,NOAA_ISD,FM-12,,,True,2026-09-16T17:56:30.997704+00:00,5.0,180.0,5.0,time
2024-01-01 16:20:00+00:00,42182099999.0,"SAFDARJUNG, IN",28.584511,77.205783,214.88,10.876610784178897,8.803682939458232,1018.9723395826586,,87.21835866278302,,NOAA_ISD,FM-12,,,True,2026-09-16T17:56:30.997704+00:00,5.0,180.0,5.0,time
2024-01-01 16:25:00+00:00,42182099999.0,"SAFDARJUNG, IN",28.584511,77.205783,214.88,10.802491966079243,8.830942525590856,1018.976779669956,,87.2596689677074,,NOAA_ISD,FM-12,,,True,2026-09-16T17:56:30.997704+00:00,5.0,180.0,5.0,time
2024-01-01 16:30:00+00:00,42182099999.0,"SAFDARJUNG, IN",28.584511,77.205783,214.88,10.799743906663995,8.770373398784997,1018.993617885189,,87.93783052315838,,NOAA_ISD,FM-12,,,True,2026-09-16T17:56:30.997704+00:00,5.0,180.0,5.0,time
2024-01-01 16:35:00+00:00,42182099999.0,"SAFDARJUNG, IN",28.584511,77.205783,214.88,10.769605632851551,8.78177794909858,1019.0072472297426,,87.53377647069597,,NOAA_ISD,FM-12,,,True,2026-09-16T17:56:30.997704+00:00,5.0,180.0,5.0,time
2024-01-01 16:40:00+00:00,42182099999.0,"SAFDARJUNG, IN",28.584511,77.205783,214.88,10.772434282995501,8.856089249854723,1019.0400313229796,,87.62015779110925,,NOAA_ISD,FM-12,,,True,2026-09-16T17:56:30.997704+00:00,5.0,180.0,5.0,time
2024-01-01 16:45:00+00:00,42182099999.0,"SAFDARJUNG, IN",28.584511,77.205783,214.88,10.803707426399018,8.794538054320881,1019.0726889300087,,87.96930196469002,,NOAA_ISD,FM-12,,,True,2026-09-16T17:56:30.997704+00:00,5.0,180.0,5.0,time
2024-01-01 16:50:00+00:00,42182099999.0,"SAFDARJUNG, IN",28.584511,77.205783,214.88,10.715640356456198,8.762180123801935,1019.108547213018,,88.06203754972566,,NOAA_ISD,FM-12,,,True,2026-09-16T17:56:30.997704+00:00,5.0,180.0,5.0,time
2024-01-01 16:55:00+00:00,42182099999.0,"SAFDARJUNG, IN",28.584511,77.205783,214.88,10.72108582855273,8.788348997133037,1019.0586081774292,,87.85987502381127,,NOAA_ISD,FM-12,,,True,2026-09-16T17:56:30.997704+00:00,5.0,180.0,5.0,time
2024-01-01 17:00:00+00:00,42182099999.0,"SAFDARJUNG, IN",28.584511,77.205783,214.88,10.564158061615116,8.744622535570713,1019.116698109848,,88.49453565091274,,NOAA_ISD,FM-12,,,True,2026-09-16T17:56:30.997704+00:00,5.0,180.0,5.0,time
2024-01-01 17:05:00+00:00,42182099999.0,"SAFDARJUNG, IN",28.584511,77.205783,214.88,10.642008524347938,8.804818414249123,1019.1587374803994,,88.3803277515965,,NOAA_ISD,FM-12,,,True,2026-09-16T17:56:30.997704+00:00,5.0,180.0,5.0,time
2024-01-01 17:10:00+00:00,42182099999.0,"SAFDARJUNG, IN",28.584511,77.205783,214.88,10.580060708707578,8.816195695205565,1019.1758005154586,,88.3061471142902,,NOAA_ISD,FM-12,,,True,2026-09-16T17:56:30.997704+00:00,5.0,180.0,5.0,time
2024-01-01 17:15:00+00:00,42182099999.0,"SAFDARJUNG, IN",28.584511,77.205783,214.88,10.539059346978819,8.781766752476626,1019.2080675248505,,88.89525682287078,,NOAA_ISD,FM-12,,,True,2026-09-16T17:56:30.997704+00:00,5.0,180.0,5.0,time
2024-01-01 17:20:00+00:00,42182099999.0,"SAFDARJUNG, IN",28.584511,77.205783,214.88,10.53387015943134,8.79058552155497,1019.2275730279447,,88.9118017809859,,NOAA_ISD,FM-12,,,True,2026-09-16T17:56:30.997704+00:00,5.0,180.0,5.0,time
2024-01-01 17:25:00+00:00,42182099999.0,"SAFDARJUNG, IN",28.584511,77.205783,214.88,10.538849383520514,8.81847308310738,1019.2383470871846,,88.66292493494375,,NOAA_ISD,FM-12,,,True,2026-09-16T17:56:30.997704+00:00,5.0,180.0,5.0,time
2024-01-01 17:30:00+00:00,42182099999.0,"SAFDARJUNG, IN",28.584511,77.205783,214.88,10.579128460451134,8.76499569070308,1019.2561296027469,,89.40043656805153,,NOAA_ISD,FM-12,,,True,2026-09-16T17:56:30.997704+00:00,5.0,180.0,5.0,time
2024-01-01 17:35:00+00:00,42182099999.0,"SAFDARJUNG, IN",28.584511,77.205783,214.88,10.444791475224132,8.77356857575601,1019.2839788590942,,89.3059261403399,,NOAA_ISD,FM-12,,,True,2026-09-16T17:56:30.997704+00:00,5.0,180.0,5.0,time
2024-01-01 17:40:00+00:00,42182099999.0,"SAFDARJUNG, IN",28.584511,77.205783,214.88,10.49042046351861,8.795437696365688,1019.3340859581076,,89.30129411020832,,NOAA_ISD,FM-12,,,True,2026-09-16T17:56:30.997704+00:00,5.0,180.0,5.0,time
2024-01-01 17:45:00+00:00,42182099999.0,"SAFDARJUNG, IN",28.584511,77.205783,214.88,10.442458194999988,8.784953303250663,1019.3186931746751,,89.75054376112435,,NOAA_ISD,FM-12,,,True,2026-09-16T17:56:30.997704+00:00,5.0,180.0,5.0,time
2024-01-01 17:50:00+00:00,42182099999.0,"SAFDARJUNG, IN",28.584511,77.205783,214.88,10.428060789726347,8.79412266205053,1019.3542994210926,,89.59352622343259,,NOAA_ISD,FM-12,,,True,2026-09-16T17:56:30.997704+00:00,5.0,180.0,5.0,time
2024-01-01 17:55:00+00:00,42182099999.0,"SAFDARJUNG, IN",28.584511,77.205783,214.88,10.472360113487452,8.774724993611871,1019.3814446220578,,89.68521671831252,,NOAA_ISD,FM-12,,,True,2026-09-16T17:56:30.997704+00:00,5.0,180.0,5.0,time
2024-01-01 18:00:00+00:00,42182099999.0,"SAFDARJUNG, IN",28.584511,77.205783,214.88,10.426905771850196,8.80428626971843,1019.4312070185974,,89.68793997679559,derived_from_temperature_and_dew_point,NOAA_ISD,FM-12,VALID,"{'TMP_QC': '1', 'DEW_QC': '1', 'SLP_QC': '1', 'RECORD_QC': 'V020'}",True,2026-09-16T17:56:30.997704+00:00,5.0,180.0,5.0,time
2024-01-01 18:05:00+00:00,42182099999.0,"SAFDARJUNG, IN",28.584511,77.205783,214.88,10.444647683149915,8.7970153382964,1019.3828827237242,,90.07359231008363,,NOAA_ISD,FM-12,,,True,2026-09-16T17:56:30.997704+00:00,5.0,180.0,5.0,time
2024-01-01 18:10:00+00:00,42182099999.0,"SAFDARJUNG, IN",28.584511,77.205783,214.88,10.347830271593061,8.810983809884661,1019.396953910898,,90.18976503790923,,NOAA_ISD,FM-12,,,True,2026-09-16T17:56:30.997704+00:00,5.0,180.0,5.0,time
2024-01-01 18:15:00+00:00,42182099999.0,"SAFDARJUNG, IN",28.584511,77.205783,214.88,10.2985362027498,8.804007990009607,1019.391306254732,,90.2346026946446,,NOAA_ISD,FM-12,,,True,2026-09-16T17:56:30.997704+00:00,5.0,180.0,5.0,time
2024-01-01 18:20:00+00:00,42182099999.0,"SAFDARJUNG, IN",28.584511,77.205783,214.88,10.299918170267087,8.804133801449922,1019.3542804702557,,90.21089161811537,,NOAA_ISD,FM-12,,,True,2026-09-16T17:56:30.997704+00:00,5.0,180.0,5.0,time
2024-01-01 18:25:00+00:00,42182099999.0,"SAFDARJUNG, IN",28.584511,77.205783,214.88,10.301013728452451,8.771073852909398,1019.3402300648629,,90.53209708194433,,NOAA_ISD,FM-12,,,True,2026-09-16T17:56:30.997704+00:00,5.0,180.0,5.0,time
2024-01-01 18:30:00+00:00,42182099999.0,"SAFDARJUNG, IN",28.584511,77.205783,214.88,10.275495334589353,8.809851831032898,1019.3267522598923,,90.62937357618091,,NOAA_ISD,FM-12,,,True,2026-09-16T17:56:30.997704+00:00,5.0,180.0,5.0,time
2024-01-01 18:35:00+00:00,42182099999.0,"SAFDARJUNG, IN",28.584511,77.205783,214.88,10.190225040832777,8.793382671963911,1019.3171057595373,,90.51386069180872,,NOAA_ISD,FM-12,,,True,2026-09-16T17:56:30.997704+00:00,5.0,180.0,5.0,time
2024-01-01 18:40:00+00:00,42182099999.0,"SAFDARJUNG, IN",28.584511,77.205783,214.88,10.226746711303617,8.79666803384701,1019.3281959083226,,90.62341530751293,,NOAA_ISD,FM-12,,,True,2026-09-16T17:56:30.997704+00:00,5.0,180.0,5.0,time
2024-01-01 18:45:00+00:00,42182099999.0,"SAFDARJUNG, IN",28.584511,77.205783,214.88,10.211411416506945,8.820965287527818,1019.3046201995451,,91.16803067576194,,NOAA_ISD,FM-12,,,True,2026-09-16T17:56:30.997704+00:00,5.0,180.0,5.0,time
2024-01-01 18:50:00+00:00,42182099999.0,"SAFDARJUNG, IN",28.584511,77.205783,214.88,10.303651479654473,8.785611288869664,1019.2935946830723,,90.67184455921188,,NOAA_ISD,FM-12,,,True,2026-09-16T17:56:30.997704+00:00,5.0,180.0,5.0,time
2024-01-01 18:55:00+00:00,42182099999.0,"SAFDARJUNG, IN",28.584511,77.205783,214.88,10.249397786119639,8.82702368656918,1019.2552733075701,,91.3705265498367,,NOAA_ISD,FM-12,,,True,2026-09-16T17:56:30.997704+00:00,5.0,180.0,5.0,time
2024-01-01 19:00:00+00:00,42182099999.0,"SAFDARJUNG, IN",28.584511,77.205783,214.88,10.090671165805391,8.828889505987462,1019.2473168651192,,91.3710500551159,,NOAA_ISD,FM-12,,,True,2026-09-16T17:56:30.997704+00:00,5.0,180.0,5.0,time
2024-01-01 19:05:00+00:00,42182099999.0,"SAFDARJUNG, IN",28.584511,77.205783,214.88,10.096741943033653,8.815055688747288,1019.2984244920511,,91.86553821026487,,NOAA_ISD,FM-12,,,True,2026-09-16T17:56:30.997704+00:00,5.0,180.0,5.0,time
2024-01-01 19:10:00+00:00,42182099999.0,"SAFDARJUNG, IN",28.584511,77.205783,214.88,10.015716788797038,8.780387583784652,1019.2408879299386,,91.64241746928033,,NOAA_ISD,FM-12,,,True,2026-09-16T17:56:30.997704+00:00,5.0,180.0,5.0,time
2024-01-01 19:15:00+00:00,42182099999.0,"SAFDARJUNG, IN",28.584511,77.205783,214.88,10.037131315968493,8.756274135087462,1019.2178378934218,,92.01023017618371,,NOAA_ISD,FM-12,,,True,2026-09-16T17:56:30.997704+00:00,5.0,180.0,5.0,time
2024-01-01 19:20:00+00:00,42182099999.0,"SAFDARJUNG, IN",28.584511,77.205783,214.88,10.060224694623962,8.821576698285199,1019.250844205534,,91.936172787308,,NOAA_ISD,FM-12,,,True,2026-09-16T17:56:30.997704+00:00,5.0,180.0,5.0,time
2024-01-01 19:25:00+00:00,42182099999.0,"SAFDARJUNG, IN",28.584511,77.205783,214.88,10.082514903266635,8.802227701226622,1019.2167472820847,,92.175527408475,,NOAA_ISD,FM-12,,,True,2026-09-16T17:56:30.997704+00:00,5.0,180.0,5.0,time
2024-01-01 19:30:00+00:00,42182099999.0,"SAFDARJUNG, IN",28.584511,77.205783,214.88,9.96354580811282,8.785096050583572,1019.2115630983374,,92.437367306184,,NOAA_ISD,FM-12,,,True,2026-09-16T17:56:30.997704+00:00,5.0,180.0,5.0,time
2024-01-01 19:35:00+00:00,42182099999.0,"SAFDARJUNG, IN",28.584511,77.205783,214.88,9.945070455774388,8.823471246875112,1019.1861279473833,,92.33471107895731,,NOAA_ISD,FM-12,,,True,2026-09-16T17:56:30.997704+00:00,5.0,180.0,5.0,time
2024-01-01 19:40:00+00:00,42182099999.0,"SAFDARJUNG, IN",28.584511,77.205783,214.88,9.848191104068622,8.782768822382444,1019.1714043159662,,92.76375542134413,,NOAA_ISD,FM-12,,,True,2026-09-16T17:56:30.997704+00:00,5.0,180.0,5.0,time
2024-01-01 19:45:00+00:00,42182099999.0,"SAFDARJUNG, IN",28.584511,77.205783,214.88,9.925200037306087,8.791516894835382,1019.1632749392166,,92.50292709124537,,NOAA_ISD,FM-12,,,True,2026-09-16T17:56:30.997704+00:00,5.0,180.0,5.0,time
2024-01-01 19:50:00+00:00,42182099999.0,"SAFDARJUNG, IN",28.584511,77.205783,214.88,9.857990390518133,8.81049780728634,1019.1279007921496,,92.89780745740056,,NOAA_ISD,FM-12,,,True,2026-09-16T17:56:30.997704+00:00,5.0,180.0,5.0,time
2024-01-01 19:55:00+00:00,42182099999.0,"SAFDARJUNG, IN",28.584511,77.205783,214.88,9.862416917520585,8.777727943367703,1019.142685896256,,93.16063905566868,,NOAA_ISD,FM-12,,,True,2026-09-16T17:56:30.997704+00:00,5.0,180.0,5.0,time
2024-01-01 20:00:00+00:00,42182099999.0,"SAFDARJUNG, IN",28.584511,77.205783,214.88,9.822823627758288,8.79781038180786,1019.1392539948741,,93.2453408316914,,NOAA_ISD,FM-12,,,True,2026-09-16T17:56:30.997704+00:00,5.0,180.0,5.0,time
2024-01-01 20:05:00+00:00,42182099999.0,"SAFDARJUNG, IN",28.584511,77.205783,214.88,9.839731316731816,8.821782743678268,1019.1592314868991,,93.63384453090264,,NOAA_ISD,FM-12,,,True,2026-09-16T17:56:30.997704+00:00,5.0,180.0,5.0,time
2024-01-01 20:10:00+00:00,42182099999.0,"SAFDARJUNG, IN",28.584511,77.205783,214.88,9.73433580265439,8.804222214872423,1019.1128310924112,,93.23508991431565,,NOAA_ISD,FM-12,,,True,2026-09-16T17:56:30.997704+00:00,5.0,180.0,5.0,time
2024-01-01 20:15:00+00:00,42182099999.0,"SAFDARJUNG, IN",28.584511,77.205783,214.88,9.72664773773045,8.824948526736474,1019.0533164591558,,93.24917014973029,,NOAA_ISD,FM-12,,,True,2026-09-16T17:56:30.997704+00:00,5.0,180.0,5.0,time
2024-01-01 20:20:00+00:00,42182099999.0,"SAFDARJUNG, IN",28.584511,77.205783,214.88,9.884240133379192,8.82267204716012,1019.0870091802332,,93.4633552005232,,NOAA_ISD,FM-12,,,True,2026-09-16T17:56:30.997704+00:00,5.0,180.0,5.0,time
2024-01-01 20:25:00+00:00,42182099999.0,"SAFDARJUNG, IN",28.584511,77.205783,214.88,9.691184426491853,8.800154766688433,1019.13256786044,,93.93153295775413,,NOAA_ISD,FM-12,,,True,2026-09-16T17:56:30.997704+00:00,5.0,180.0,5.0,time
2024-01-01 20:30:00+00:00,42182099999.0,"SAFDARJUNG, IN",28.584511,77.205783,214.88,9.678494054410601,8.753265172472853,1019.0839939913664,,94.03625125352055,,NOAA_ISD,FM-12,,,True,2026-09-16T17:56:30.997704+00:00,5.0,180.0,5.0,time
2024-01-01 20:35:00+00:00,42182099999.0,"SAFDARJUNG, IN",28.584511,77.205783,214.88,9.802956787527176,8.777884554095694,1019.0393377766794,,94.09434022081837,,NOAA_ISD,FM-12,,,True,2026-09-16T17:56:30.997704+00:00,5.0,180.0,5.0,time
2024-01-01 20:40:00+00:00,42182099999.0,"SAFDARJUNG, IN",28.584511,77.205783,214.88,9.834142247350908,8.81526668224769,1019.0562665747331,,93.98651970128968,,NOAA_ISD,FM-12,,,True,2026-09-16T17:56:30.997704+00:00,5.0,180.0,5.0,time
2024-01-01 20:45:00+00:00,42182099999.0,"SAFDARJUNG, IN",28.584511,77.205783,214.88,9.6080883352254,8.768994971594294,1019.0184930648355,,94.50170679199915,,NOAA_ISD,FM-12,,,True,2026-09-16T17:56:30.997704+00:00,5.0,180.0,5.0,time
2024-01-01 20:50:00+00:00,42182099999.0,"SAFDARJUNG, IN",28.584511,77.205783,214.88,9.626031996605043,8.793466148228262,1018.9951460718313,,94.24061460002545,,NOAA_ISD,FM-12,,,True,2026-09-16T17:56:30.997704+00:00,5.0,180.0,5.0,time
2024-01-01 20:55:00+00:00,42182099999.0,"SAFDARJUNG, IN",28.584511,77.205783,214.88,9.639299999769248,8.806769612273781,1019.0041437238464,,94.85456769425316,,NOAA_ISD,FM-12,,,True,2026-09-16T17:56:30.997704+00:00,5.0,180.0,5.0,time
2024-01-01 21:00:00+00:00,42182099999.0,"SAFDARJUNG, IN",28.584511,77.205783,214.88,9.68643488222028,8.82939141391523,1019.0018305287848,,95.33148768462797,derived_from_temperature_and_dew_point,NOAA_ISD,FM-12,VALID,"{'TMP_QC': '1', 'DEW_QC': '1', 'SLP_QC': '1', 'RECORD_QC': 'V020'}",True,2026-09-16T17:56:30.997704+00:00,5.0,180.0,5.0,time
2024-01-01 21:05:00+00:00,42182099999.0,"SAFDARJUNG, IN",28.584511,77.205783,214.88,9.550657146078589,8.777388494959801,1018.9320013343957,,94.76301245153654,,NOAA_ISD,FM-12,,,True,2026-09-16T17:56:30.997704+00:00,5.0,180.0,5.0,time
2024-01-01 21:10:00+00:00,42182099999.0,"SAFDARJUNG, IN",28.584511,77.205783,214.88,9.587736107702893,8.764908023596115,1018.9159057030781,,94.736066071576,,NOAA_ISD,FM-12,,,True,2026-09-16T17:56:30.997704+00:00,5.0,180.0,5.0,time
2024-01-01 21:15:00+00:00,42182099999.0,"SAFDARJUNG, IN",28.584511,77.205783,214.88,9.638866878803087,8.765617751336757,1018.908540044597,,94.45059471288755,,NOAA_ISD,FM-12,,,True,2026-09-16T17:56:30.997704+00:00,5.0,180.0,5.0,time
2024-01-01 21:20:00+00:00,42182099999.0,"SAFDARJUNG, IN",28.584511,77.205783,214.88,9.62173830372333,8.76257381495176,1018.869614314258,,94.11684622467152,,NOAA_ISD,FM-12,,,True,2026-09-16T17:56:30.997704+00:00,5.0,180.0,5.0,time
2024-01-01 21:25:00+00:00,42182099999.0,"SAFDARJUNG, IN",28.584511,77.205783,214.88,9.581192196438495,8.741359507896524,1018.855118447645,,94.28806723850506,,NOAA_ISD,FM-12,,,True,2026-09-16T17:56:30.997704+00:00,5.0,180.0,5.0,time
2024-01-01 21:30:00+00:00,42182099999.0,"SAFDARJUNG, IN",28.584511,77.205783,214.88,9.593308851774198,8.75431870031105,1018.7923733001204,,94.11975428511359,,NOAA_ISD,FM-12,,,True,2026-09-16T17:56:30.997704+00:00,5.0,180.0,5.0,time
2024-01-01 21:35:00+00:00,42182099999.0,"SAFDARJUNG, IN",28.584511,77.205783,214.88,9.5312552095815,8.706239345561654,1018.8003933860822,,93.97865464027257,,NOAA_ISD,FM-12,,,True,2026-09-16T17:56:30.997704+00:00,5.0,180.0,5.0,time
2024-01-01 21:40:00+00:00,42182099999.0,"SAFDARJUNG, IN",28.584511,77.205783,214.88,9.588091312801266,8.713514329778693,1018.7318803736143,,94.54224976617692,,NOAA_ISD,FM-12,,,True,2026-09-16T17:56:30.997704+00:00,5.0,180.0,5.0,time
2024-01-01 21:45:00+00:00,42182099999.0,"SAFDARJUNG, IN",28.584511,77.205783,214.88,9.586680625499552,8.708904254204942,1018.7578546860387,,94.18207250360516,,NOAA_ISD,FM-12,,,True,2026-09-16T17:56:30.997704+00:00,5.0,180.0,5.0,time
2024-01-01 21:50:00+00:00,42182099999.0,"SAFDARJUNG, IN",28.584511,77.205783,214.88,9.611608494481313,8.680884232690772,1018.6601292787569,,94.13315973834501,,NOAA_ISD,FM-12,,,True,2026-09-16T17:56:30.997704+00:00,5.0,180.0,5.0,time
2024-01-01 21:55:00+00:00,42182099999.0,"SAFDARJUNG, IN",28.584511,77.205783,214.88,9.572233639059048,8.694571976508978,1018.6420378034812,,93.9251399714052,,NOAA_ISD,FM-12,,,True,2026-09-16T17:56:30.997704+00:00,5.0,180.0,5.0,time
2024-01-01 22:00:00+00:00,42182099999.0,"SAFDARJUNG, IN",28.584511,77.205783,214.88,9.623576926127257,8.669645837491515,1018.6416807493939,,93.88209245017798,,NOAA_ISD,FM-12,,,True,2026-09-16T17:56:30.997704+00:00,5.0,180.0,5.0,time
2024-01-01 22:05:00+00:00,42182099999.0,"SAFDARJUNG, IN",28.584511,77.205783,214.88,9.650635790890991,8.671332469818601,1018.6360624428077,,94.03929902533676,,NOAA_ISD,FM-12,,,True,2026-09-16T17:56:30.997704+00:00,5.0,180.0,5.0,time
2024-01-01 22:10:00+00:00,42182099999.0,"SAFDARJUNG, IN",28.584511,77.205783,214.88,9.607771466383422,8.648326526605423,1018.5785230829446,,93.76964368737208,,NOAA_ISD,FM-12,,,True,2026-09-16T17:56:30.997704+00:00,5.0,180.0,5.0,time
2024-01-01 22:15:00+00:00,42182099999.0,"SAFDARJUNG, IN",28.584511,77.205783,214.88,9.61758782041996,8.640861424763079,1018.5529238250703,,93.8119721209383,,NOAA_ISD,FM-12,,,True,2026-09-16T17:56:30.997704+00:00,5.0,180.0,5.0,time
2024-01-01 22:20:00+00:00,42182099999.0,"SAFDARJUNG, IN",28.584511,77.205783,214.88,9.602657767378894,8.609574387085237,1018.5114618491446,,93.59635469598655,,NOAA_ISD,FM-12,,,True,2026-09-16T17:56:30.997704+00:00,5.0,180.0,5.0,time
2024-01-01 22:25:00+00:00,42182099999.0,"SAFDARJUNG, IN",28.584511,77.205783,214.88,9.60000421965457,8.598495677007287,1018.4600275864732,,93.49684719963138,,NOAA_ISD,FM-12,,,True,2026-09-16T17:56:30.997704+00:00,5.0,180.0,5.0,time
2024-01-01 22:30:00+00:00,42182099999.0,"SAFDARJUNG, IN",28.584511,77.205783,214.88,9.563922098322857,8.624487929598576,1018.4401972330353,,93.21361716687963,,NOAA_ISD,FM-12,,,True,2026-09-16T17:56:30.997704+00:00,5.0,180.0,5.0,time
2024-01-01 22:35:00+00:00,42182099999.0,"SAFDARJUNG, IN",28.584511,77.205783,214.88,9.615824713083665,8.601599097779296,1018.3952062500449,,93.02917240974881,,NOAA_ISD,FM-12,,,True,2026-09-16T17:56:30.997704+00:00,5.0,180.0,5.0,time
2024-01-01 22:40:00+00:00,42182099999.0,"SAFDARJUNG, IN",28.584511,77.205783,214.88,9.595135670079324,8.557318474453329,1018.3633146895334,,93.30213206423117,,NOAA_ISD,FM-12,,,True,2026-09-16T17:56:30.997704+00:00,5.0,180.0,5.0,time
2024-01-01 22:45:00+00:00,42182099999.0,"SAFDARJUNG, IN",28.584511,77.205783,214.88,9.704658415446529,8.570283935159763,1018.3663683117197,,93.29546600506531,,NOAA_ISD,FM-12,,,True,2026-09-16T17:56:30.997704+00:00,5.0,180.0,5.0,time
2024-01-01 22:50:00+00:00,42182099999.0,"SAFDARJUNG, IN",28.584511,77.205783,214.88,9.678667745123763,8.508080034484847,1018.305314218136,,92.95666288154713,,NOAA_ISD,FM-12,,,True,2026-09-16T17:56:30.997704+00:00,5.0,180.0,5.0,time
2024-01-01 22:55:00+00:00,42182099999.0,"SAFDARJUNG, IN",28.584511,77.205783,214.88,9.619292327627825,8.532965641170456,1018.3036133023567,,93.13671613810419,,NOAA_ISD,FM-12,,,True,2026-09-16T17:56:30.997704+00:00,5.0,180.0,5.0,time
2024-01-01 23:00:00+00:00,42182099999.0,"SAFDARJUNG, IN",28.584511,77.205783,214.88,9.561847139515262,8.55255388686573,1018.2406302116223,,93.08408384593143,,NOAA_ISD,FM-12,,,True,2026-09-16T17:56:30.997704+00:00,5.0,180.0,5.0,time
2024-01-01 23:05:00+00:00,42182099999.0,"SAFDARJUNG, IN",28.584511,77.205783,214.88,9.544379426400829,8.519719310447998,1018.2420387715134,,92.57185395434368,,NOAA_ISD,FM-12,,,True,2026-09-16T17:56:30.997704+00:00,5.0,180.0,5.0,time
2024-01-01 23:10:00+00:00,42182099999.0,"SAFDARJUNG, IN",28.584511,77.205783,214.88,9.659557147654443,8.51346936450443,1018.1957819041762,,92.74975284588189,,NOAA_ISD,FM-12,,,True,2026-09-16T17:56:30.997704+00:00,5.0,180.0,5.0,time
2024-01-01 23:15:00+00:00,42182099999.0,"SAFDARJUNG, IN",28.584511,77.205783,214.88,9.613137461257356,8.439672375069597,1018.2031323106729,,92.94395277874709,,NOAA_ISD,FM-12,,,True,2026-09-16T17:56:30.997704+00:00,5.0,180.0,5.0,time
2024-01-01 23:20:00+00:00,42182099999.0,"SAFDARJUNG, IN",28.584511,77.205783,214.88,9.62400717016958,8.481043816526165,1018.150918822356,,92.86963396810137,,NOAA_ISD,FM-12,,,True,2026-09-16T17:56:30.997704+00:00,5.0,180.0,5.0,time
2024-01-01 23:25:00+00:00,42182099999.0,"SAFDARJUNG, IN",28.584511,77.205783,214.88,9.51277070065129,8.484543222254322,1018.1386045467488,,92.49120946116449,,NOAA_ISD,FM-12,,,True,2026-09-16T17:56:30.997704+00:00,5.0,180.0,5.0,time
2024-01-01 23:30:00+00:00,42182099999.0,"SAFDARJUNG, IN",28.584511,77.205783,214.88,9.64637192407791,8.475972464174633,1018.0682203990048,,92.68335627676662,,NOAA_ISD,FM-12,,,True,2026-09-16T17:56:30.997704+00:00,5.0,180.0,5.0,time
2024-01-01 23:35:00+00:00,42182099999.0,"SAFDARJUNG, IN",28.584511,77.205783,214.88,9.622721016910718,8.474802669782243,1018.0539006445827,,92.78587033396099,,NOAA_ISD,FM-12,,,True,2026-09-16T17:56:30.997704+00:00,5.0,180.0,5.0,time
2024-01-01 23:40:00+00:00,42182099999.0,"SAFDARJUNG, IN",28.584511,77.205783,214.88,9.544478465779276,8.440239289408977,1018.0026004790599,,92.6665257029093,,NOAA_ISD,FM-12,,,True,2026-09-16T17:56:30.997704+00:00,5.0,180.0,5.0,time
2024-01-01 23:45:00+00:00,42182099999.0,"SAFDARJUNG, IN",28.584511,77.205783,214.88,9.576423759627502,8.43002021708085,1017.9833945618118,,92.42177617593055,,NOAA_ISD,FM-12,,,True,2026-09-16T17:56:30.997704+00:00,5.0,180.0,5.0,time
2024-01-01 23:50:00+00:00,42182099999.0,"SAFDARJUNG, IN",28.584511,77.205783,214.88,9.613185860217826,8.395579873634025,1017.9558690266562,,92.27696029289069,,NOAA_ISD,FM-12,,,True,2026-09-16T17:56:30.997704+00:00,5.0,180.0,5.0,time
2024-01-01 23:55:00+00:00,42182099999.0,"SAFDARJUNG, IN",28.584511,77.205783,214.88,9.602623339917812,8.407020680327648,1017.9160383911418,,92.17440888091087,,NOAA_ISD,FM-12,,,True,2026-09-16T17:56:30.997704+00:00,5.0,180.0,5.0,time
2024-01-02 00:00:00+00:00,42182099999.0,"SAFDARJUNG, IN",28.584511,77.205783,214.88,9.585391440709822,8.374768498752044,1017.8756899428231,,92.32356395658194,derived_from_temperature_and_dew_point,NOAA_ISD,FM-12,VALID,"{'TMP_QC': '1', 'DEW_QC': '1', 'SLP_QC': '1', 'RECORD_QC': 'V020'}",True,2026-09-16T17:56:30.997704+00:00,5.0,180.0,5.0,time
2024-01-02 00:05:00+00:00,42182099999.0,"SAFDARJUNG, IN",28.584511,77.205783,214.88,9.605936697707813,8.338042597603891,1017.9161740979714,,92.05318746129525,,NOAA_ISD,FM-12,,,True,2026-09-16T17:56:30.997704+00:00,5.0,180.0,5.0,time
2024-01-02 00:10:00+00:00,42182099999.0,"SAFDARJUNG, IN",28.584511,77.205783,214.88,9.609623353311877,8.328296412597789,1017.9420939265747,,91.92421413455378,,NOAA_ISD,FM-12,,,True,2026-09-16T17:56:30.997704+00:00,5.0,180.0,5.0,time
2024-01-02 00:15:00+00:00,42182099999.0,"SAFDARJUNG, IN",28.584511,77.205783,214.88,9.640961458938456,8.355173698156081,1018.0122064040632,,91.60887476262424,,NOAA_ISD,FM-12,,,True,2026-09-16T17:56:30.997704+00:00,5.0,180.0,5.0,time
2024-01-02 00:20:00+00:00,42182099999.0,"SAFDARJUNG, IN",28.584511,77.205783,214.88,9.718019043094102,8.294588775969736,1018.0903276557112,,91.53041945673617,,NOAA_ISD,FM-12,,,True,2026-09-16T17:56:30.997704+00:00,5.0,180.0,5.0,time
2024-01-02 00:25:00+00:00,42182099999.0,"SAFDARJUNG, IN",28.584511,77.205783,214.88,9.52722263350899,8.279397547260468,1018.0902522515819,,91.16975183992488,,NOAA_ISD,FM-12,,,True,2026-09-16T17:56:30.997704+00:00,5.0,180.0,5.0,time
2024-01-02 00:30:00+00:00,42182099999.0,"SAFDARJUNG, IN",28.584511,77.205783,214.88,9.654824153441181,8.23973007497604,1018.1393042097416,,91.09193774322634,,NOAA_ISD,FM-12,,,True,2026-09-16T17:56:30.997704+00:00,5.0,180.0,5.0,time
2024-01-02 00:35:00+00:00,42182099999.0,"SAFDARJUNG, IN",28.584511,77.205783,214.88,9.6866033988464,8.189188979610961,1018.2469290825358,,90.89333122074,,NOAA_ISD,FM-12,,,True,2026-09-16T17:56:30.997704+00:00,5.0,180.0,5.0,time
2024-01-02 00:40:00+00:00,42182099999.0,"SAFDARJUNG, IN",28.584511,77.205783,214.88,9.703688588373243,8.218722262498595,1018.2428256345586,,90.34242800728836,,NOAA_ISD,FM-12,,,True,2026-09-16T17:56:30.997704+00:00,5.0,180.0,5.0,time
2024-01-02 00:45:00+00:00,42182099999.0,"SAFDARJUNG, IN",28.584511,77.205783,214.88,9.681404270933935,8.13155603720289,1018.3064209201832,,89.92587119062584,,NOAA_ISD,FM-12,,,True,2026-09-16T17:56:30.997704+00:00,5.0,180.0,5.0,time
2024-01-02 00:50:00+00:00,42182099999.0,"SAFDARJUNG, IN",28.584511,77.205783,214.88,9.623275021987181,8.138904146464167,1018.3572907873745,,90.38036523786958,,NOAA_ISD,FM-12,,,True,2026-09-16T17:56:30.997704+00:00,5.0,180.0,5.0,time
2024-01-02 00:55:00+00:00,42182099999.0,"SAFDARJUNG, IN",28.584511,77.205783,214.88,9.738621996407927,8.123907702382999,1018.4021394114845,,89.90716507947579,,NOAA_ISD,FM-12,,,True,2026-09-16T17:56:30.997704+00:00,5.0,180.0,5.0,time
2024-01-02 01:00:00+00:00,42182099999.0,"SAFDARJUNG, IN",28.584511,77.205783,214.88,9.819700844041542,8.104609792868597,1018.4028870487211,,89.29710282090078,,NOAA_ISD,FM-12,,,True,2026-09-16T17:56:30.997704+00:00,5.0,180.0,5.0,time
2024-01-02 01:05:00+00:00,42182099999.0,"SAFDARJUNG, IN",28.584511,77.205783,214.88,9.667751374198637,8.060470607909423,1018.4731565841797,,89.28140276722293,,NOAA_ISD,FM-12,,,True,2026-09-16T17:56:30.997704+00:00,5.0,180.0,5.0,time
2024-01-02 01:10:00+00:00,42182099999.0,"SAFDARJUNG, IN",28.584511,77.205783,214.88,9.798746956240464,8.013240770338902,1018.4898576768319,,89.3627081918073,,NOAA_ISD,FM-12,,,True,2026-09-16T17:56:30.997704+00:00,5.0,180.0,5.0,time
2024-01-02 01:15:00+00:00,42182099999.0,"SAFDARJUNG, IN",28.584511,77.205783,214.88,9.750240405510521,8.008978134153292,1018.6155930238448,,88.93656463377343,,NOAA_ISD,FM-12,,,True,2026-09-16T17:56:30.997704+00:00,5.0,180.0,5.0,time
2024-01-02 01:20:00+00:00,42182099999.0,"SAFDARJUNG, IN",28.584511,77.205783,214.88,9.774711560486335,7.985024840247607,1018.5792136058308,,88.67425438280284,,NOAA_ISD,FM-12,,,True,2026-09-16T17:56:30.997704+00:00,5.0,180.0,5.0,time
2024-01-02 01:25:00+00:00,42182099999.0,"SAFDARJUNG, IN",28.584511,77.205783,214.88,9.73624396335369,7.959538130096899,1018.6345987511781,,88.84100970539593,,NOAA_ISD,FM-12,,,True,2026-09-16T17:56:30.997704+00:00,5.0,180.0,5.0,time
2024-01-02 01:30:00+00:00,42182099999.0,"SAFDARJUNG, IN",28.584511,77.205783,214.88,9.783277191382206,7.969401171804153,1018.6791879829032,,88.13554257072323,,NOAA_ISD,FM-12,,,True,2026-09-16T17:56:30.997704+00:00,5.0,180.0,5.0,time
2024-01-02 01:35:00+00:00,42182099999.0,"SAFDARJUNG, IN",28.584511,77.205783,214.88,9.876113340846059,7.900727944437217,1018.71451123491,,87.96953599511569,,NOAA_ISD,FM-12,,,True,2026-09-16T17:56:30.997704+00:00,5.0,180.0,5.0,time
2024-01-02 01:40:00+00:00,42182099999.0,"SAFDARJUNG, IN",28.584511,77.205783,214.88,9.851354984321608,7.906019585488764,1018.815940767084,,87.95561062834298,,NOAA_ISD,FM-12,,,True,2026-09-16T17:56:30.997704+00:00,5.0,180.0,5.0,time
2024-01-02 01:45:00+00:00,42182099999.0,"SAFDARJUNG, IN",28.584511,77.205783,214.88,9.91994891360383,7.878165940744358,1018.8817822913551,,87.77559098641076,,NOAA_ISD,FM-12,,,True,2026-09-16T17:56:30.997704+00:00,5.0,180.0,5.0,time
2024-01-02 01:50:00+00:00,42182099999.0,"SAFDARJUNG, IN",28.584511,77.205783,214.88,9.90331503889333,7.869209101549433,1018.8682627953915,,87.58093527353482,,NOAA_ISD,FM-12,,,True,2026-09-16T17:56:30.997704+00:00,5.0,180.0,5.0,time
2024-01-02 01:55:00+00:00,42182099999.0,"SAFDARJUNG, IN",28.584511,77.205783,214.88,9.877509889502035,7.8223373625652615,1018.8958137592854,,87.44808094224712,,NOAA_ISD,FM-12,,,True,2026-09-16T17:56:30.997704+00:00,5.0,180.0,5.0,time
2024-01-02 02:00:00+00:00,42182099999.0,"SAFDARJUNG, IN",28.584511,77.205783,214.88,9.953863392975057,7.815822619343951,1018.9219281566922,,87.0897157241363,,NOAA_ISD,FM-12,,,True,2026-09-16T17:56:30.997704+00:00,5.0,180.0,5.0,time
2024-01-02 02:05:00+00:00,42182099999.0,"SAFDARJUNG, IN",28.584511,77.205783,214.88,9.899727435714693,7.771555597238119,1019.0062289367406,,86.93204345445434,,NOAA_ISD,FM-12,,,True,2026-09-16T17:56:30.997704+00:00,5.0,180.0,5.0,time
2024-01-02 02:10:00+00:00,42182099999.0,"SAFDARJUNG, IN",28.584511,77.205783,214.88,9.930288297728742,7.758687850531696,1019.0492282470923,,86.56649148147031,,NOAA_ISD,FM-12,,,True,2026-09-16T17:56:30.997704+00:00,5.0,180.0,5.0,time
2024-01-02 02:15:00+00:00,42182099999.0,"SAFDARJUNG, IN",28.584511,77.205783,214.88,9.885171452323265,7.694941178255055,1019.0869740774729,,86.41503966064735,,NOAA_ISD,FM-12,,,True,2026-09-16T17:56:30.997704+00:00,5.0,180.0,5.0,time
2024-01-02 02:20:00+00:00,42182099999.0,"SAFDARJUNG, IN",28.584511,77.205783,214.88,9.914438401904071,7.647234438474178,1019.1488719495239,,86.2081735026774,,NOAA_ISD,FM-12,,,True,2026-09-16T17:56:30.997704+00:00,5.0,180.0,5.0,time
2024-01-02 02:25:00+00:00,42182099999.0,"SAFDARJUNG, IN",28.584511,77.205783,214.88,9.887351031057209,7.6825509370713165,1019.1967923517452,,86.01385296049713,,NOAA_ISD,FM-12,,,True,2026-09-16T17:56:30.997704+00:00,5.0,180.0,5.0,time
2024-01-02 02:30:00+00:00,42182099999.0,"SAFDARJUNG, IN",28.584511,77.205783,214.88,9.982812530063077,7.658623662520785,1019.2397949984921,,85.90950796151655,,NOAA_ISD,FM-12,,,True,2026-09-16T17:56:30.997704+00:00,5.0,180.0,5.0,time
2024-01-02 02:35:00+00:00,42182099999.0,"SAFDARJUNG, IN",28.584511,77.205783,214.88,9.885529263288701,7.634510046663038,1019.2714552803385,,85.65019580305562,,NOAA_ISD,FM-12,,,True,2026-09-16T17:56:30.997704+00:00,5.0,180.0,5.0,time
2024-01-02 02:40:00+00:00,42182099999.0,"SAFDARJUNG, IN",28.584511,77.205783,214.88,9.994673072676438,7.589501349704906,1019.3001897856307,,85.33217673391336,,NOAA_ISD,FM-12,,,True,2026-09-16T17:56:30.997704+00:00,5.0,180.0,5.0,time
2024-01-02 02:45:00+00:00,42182099999.0,"SAFDARJUNG, IN",28.584511,77.205783,214.88,9.957134113791408,7.604794445044208,1019.3799833286228,,84.94567480301178,,NOAA_ISD,FM-12,,,True,2026-09-16T17:56:30.997704+00:00,5.0,180.0,5.0,time
2024-01-02 02:50:00+00:00,42182099999.0,"SAFDARJUNG, IN",28.584511,77.205783,214.88,10.036340132451144,7.540802443685259,1019.4113613862996,,84.9052009182792,,NOAA_ISD,FM-12,,,True,2026-09-16T17:56:30.997704+00:00,5.0,180.0,5.0,time
2024-01-02 02:55:00+00:00,42182099999.0,"SAFDARJUNG, IN",28.584511,77.205783,214.88,10.026432338325453,7.533417580393448,1019.4733227060522,,84.67022977635418,,NOAA_ISD,FM-12,,,True,2026-09-16T17:56:30.997704+00:00,5.0,180.0,5.0,time
2024-01-02 03:00:00+00:00,42182099999.0,"SAFDARJUNG, IN",28.584511,77.205783,214.88,10.09103230788234,7.511892724500082,1019.5158015109895,,84.49863631596263,derived_from_temperature_and_dew_point,NOAA_ISD,FM-12,VALID,"{'TMP_QC': '1', 'DEW_QC': '1', 'SLP_QC': '1', 'RECORD_QC': 'V020'}",True,2026-09-16T17:56:30.997704+00:00,5.0,180.0,5.0,time
2024-01-02 03:05:00+00:00,42182099999.0,"SAFDARJUNG, IN",28.584511,77.205783,214.88,10.108760956779156,7.514930358750537,1019.4910092030634,,84.43769395031697,,NOAA_ISD,FM-12,,,True,2026-09-16T17:56:30.997704+00:00,5.0,180.0,5.0,time
2024-01-02 03:10:00+00:00,42182099999.0,"SAFDARJUNG, IN",28.584511,77.205783,214.88,10.065842431661782,7.454770518715314,1019.5102044447398,,83.42802322206953,,NOAA_ISD,FM-12,,,True,2026-09-16T17:56:30.997704+00:00,5.0,180.0,5.0,time
2024-01-02 03:15:00+00:00,42182099999.0,"SAFDARJUNG, IN",28.584511,77.205783,214.88,10.213319008021756,7.428602808542084,1019.5432225189586,,83.15362447049174,,NOAA_ISD,FM-12,,,True,2026-09-16T17:56:30.997704+00:00,5.0,180.0,5.0,time
2024-01-02 03:20:00+00:00,42182099999.0,"SAFDARJUNG, IN",28.584511,77.205783,214.88,10.230288529259148,7.392259314533916,1019.556652469612,,82.81924796900441,,NOAA_ISD,FM-12,,,True,2026-09-16T17:56:30.997704+00:00,5.0,180.0,5.0,time
2024-01-02 03:25:00+00:00,42182099999.0,"SAFDARJUNG, IN",28.584511,77.205783,214.88,10.335197118992797,7.433825117911027,1019.6123272577416,,82.16154482726431,,NOAA_ISD,FM-12,,,True,2026-09-16T17:56:30.997704+00:00,5.0,180.0,5.0,time
2024-01-02 03:30:00+00:00,42182099999.0,"SAFDARJUNG, IN",28.584511,77.205783,214.88,10.50889475499717,7.391761551474304,1019.6236928601865,,82.14590235716776,,NOAA_ISD,FM-12,,,True,2026-09-16T17:56:30.997704+00:00,5.0,180.0,5.0,time
2024-01-02 03:35:00+00:00,42182099999.0,"SAFDARJUNG, IN",28.584511,77.205783,214.88,10.53743224610044,7.372950111006775,1019.6580947909869,,81.13911436387592,,NOAA_ISD,FM-12,,,True,2026-09-16T17:56:30.997704+00:00,5.0,180.0,5.0,time
2024-01-02 03:40:00+00:00,42182099999.0,"SAFDARJUNG, IN",28.584511,77.205783,214.88,10.54283125634884,7.406778529270922,1019.6634852919038,,80.8159289555751,,NOAA_ISD,FM-12,,,True,2026-09-16T17:56:30.997704+00:00,5.0,180.0,5.0,time
2024-01-02 03:45:00+00:00,42182099999.0,"SAFDARJUNG, IN",28.584511,77.205783,214.88,10.59931413167798,7.331500894823726,1019.6791729916374,,80.12773885102139,,NOAA_ISD,FM-12,,,True,2026-09-16T17:56:30.997704+00:00,5.0,180.0,5.0,time
2024-01-02 03:50:00+00:00,42182099999.0,"SAFDARJUNG, IN",28.584511,77.205783,214.88,10.723861326866034,7.279509127453554,1019.7184390400513,,79.75358394186023,,NOAA_ISD,FM-12,,,True,2026-09-16T17:56:30.997704+00:00,5.0,180.0,5.0,time
2024-01-02 03:55:00+00:00,42182099999.0,"SAFDARJUNG, IN",28.584511,77.205783,214.88,10.733616436975387,7.2821930396112515,1019.7232834356837,,79.4100645598571,,NOAA_ISD,FM-12,,,True,2026-09-16T17:56:30.997704+00:00,5.0,180.0,5.0,time
2024-01-02 04:00:00+00:00,42182099999.0,"SAFDARJUNG, IN",28.584511,77.205783,214.88,10.833109652796837,7.247171018489693,1019.7346953526021,,79.0659274791282,,NOAA_ISD,FM-12,,,True,2026-09-16T17:56:30.997704+00:00,5.0,180.0,5.0,time
2024-01-02 04:05:00+00:00,42182099999.0,"SAFDARJUNG, IN",28.584511,77.205783,214.88,10.95448936246645,7.239304854330566,1019.7823868384563,,78.49687452236027,,NOAA_ISD,FM-12,,,True,2026-09-16T17:56:30.997704+00:00,5.0,180.0,5.0,time
2024-01-02 04:10:00+00:00,42182099999.0,"SAFDARJUNG, IN",28.584511,77.205783,214.88,11.068876712916445,7.219725985722686,1019.7745258398853,,78.22126741431138,,NOAA_ISD,FM-12,,,True,2026-09-16T17:56:30.997704+00:00,5.0,180.0,5.0,time
2024-01-02 04:15:00+00:00,42182099999.0,"SAFDARJUNG, IN",28.584511,77.205783,214.88,11.113771406944556,7.196592845511992,1019.7855798545684,,77.48684027121479,,NOAA_ISD,FM-12,,,True,2026-09-16T17:56:30.997704+00:00,5.0,180.0,5.0,time
2024-01-02 04:20:00+00:00,42182099999.0,"SAFDARJUNG, IN",28.584511,77.205783,214.88,11.04099108012565,7.161023238781781,1019.7943546459355,,76.97578851625443,,NOAA_ISD,FM-12,,,True,2026-09-16T17:56:30.997704+00:00,5.0,180.0,5.0,time
2024-01-02 04:25:00+00:00,42182099999.0,"SAFDARJUNG, IN",28.584511,77.205783,214.88,11.24299611422929,7.20129447711789,1019.8446160647364,,77.11940813256697,,NOAA_ISD,FM-12,,,True,2026-09-16T17:56:30.997704+00:00,5.0,180.0,5.0,time
2024-01-02 04:30:00+00:00,42182099999.0,"SAFDARJUNG, IN",28.584511,77.205783,214.88,11.30360167866163,7.1559769608887684,1019.8747410108368,,76.1938475298884,,NOAA_ISD,FM-12,,,True,2026-09-16T17:56:30.997704+00:00,5.0,180.0,5.0,time
2024-01-02 04:35:00+00:00,42182099999.0,"SAFDARJUNG, IN",28.584511,77.205783,214.88,11.392916736490857,7.126046114861551,1019.8684326964159,,75.50749257969318,,NOAA_ISD,FM-12,,,True,2026-09-16T17:56:30.997704+00:00,5.0,180.0,5.0,time
2024-01-02 04:40:00+00:00,42182099999.0,"SAFDARJUNG, IN",28.584511,77.205783,214.88,11.525254928527005,7.126263867701425,1019.9150472013645,,75.04892502532816,,NOAA_ISD,FM-12,,,True,2026-09-16T17:56:30.997704+00:00,5.0,180.0,5.0,time
2024-01-02 04:45:00+00:00,42182099999.0,"SAFDARJUNG, IN",28.584511,77.205783,214.88,11.413504752826428,7.101088012163655,1019.8689330326939,,74.53563068376039,,NOAA_ISD,FM-12,,,True,2026-09-16T17:56:30.997704+00:00,5.0,180.0,5.0,time
2024-01-02 04:50:00+00:00,42182099999.0,"SAFDARJUNG, IN",28.584511,77.205783,214.88,11.559333717629332,7.077736036877063,1019.9266687102817,,74.44786942672691,,NOAA_ISD,FM-12,,,True,2026-09-16T17:56:30.997704+00:00,5.0,180.0,5.0,time
2024-01-02 04:55:00+00:00,42182099999.0,"SAFDARJUNG, IN",28.584511,77.205783,214.88,11.69065642725078,7.066477739233115,1019.9464203239802,,73.72406898586578,,NOAA_ISD,FM-12,,,True,2026-09-16T17:56:30.997704+00:00,5.0,180.0,5.0,time
2024-01-02 05:00:00+00:00,42182099999.0,"SAFDARJUNG, IN",28.584511,77.205783,214.88,11.654253613360636,7.036012028208506,1019.9521267792186,,73.35880582846463,,NOAA_ISD,FM-12,,,True,2026-09-16T17:56:30.997704+00:00,5.0,180.0,5.0,time
2024-01-02 05:05:00+00:00,42182099999.0,"SAFDARJUNG, IN",28.584511,77.205783,214.88,11.879353007958231,7.027293318028721,1020.0337883318707,,72.85702048733457,,NOAA_ISD,FM-12,,,True,2026-09-16T17:56:30.997704+00:00,5.0,180.0,5.0,time
2024-01-02 05:10:00+00:00,42182099999.0,"SAFDARJUNG, IN",28.584511,77.205783,214.88,11.89619560841281,7.009506690462,1020.0042317029018,,72.55240959269929,,NOAA_ISD,FM-12,,,True,2026-09-16T17:56:30.997704+00:00,5.0,180.0,5.0,time
2024-01-02 05:15:00+00:00,42182099999.0,"SAFDARJUNG, IN",28.584511,77.205783,214.88,11.99232919929217,6.978254374700656,1020.016845384568,,71.77315118142319,,NOAA_ISD,FM-12,,,True,2026-09-16T17:56:30.997704+00:00,5.0,180.0,5.0,time
2024-01-02 05:20:00+00:00,42182099999.0,"SAFDARJUNG, IN",28.584511,77.205783,214.88,11.993675039146133,6.9511476656856335,1020.0449636867131,,71.26377443166028,,NOAA_ISD,FM-12,,,True,2026-09-16T17:56:30.997704+00:00,5.0,180.0,5.0,time
2024-01-02 05:25:00+00:00,42182099999.0,"SAFDARJUNG, IN",28.584511,77.205783,214.88,12.135132628942756,6.966719067140189,1020.0238326141183,,71.06013723921409,,NOAA_ISD,FM-12,,,True,2026-09-16T17:56:30.997704+00:00,5.0,180.0,5.0,time
2024-01-02 05:30:00+00:00,42182099999.0,"SAFDARJUNG, IN",28.584511,77.205783,214.88,12.220090244466117,6.907108635871198,1020.0681359748264,,70.67185852360664,,NOAA_ISD,FM-12,,,True,2026-09-16T17:56:30.997704+00:00,5.0,180.0,5.0,time
2024-01-02 05:35:00+00:00,42182099999.0,"SAFDARJUNG, IN",28.584511,77.205783,214.88,12.250532789895747,6.905048494230769,1020.1224425771668,,70.15456201817508,,NOAA_ISD,FM-12,,,True,2026-09-16T17:56:30.997704+00:00,5.0,180.0,5.0,time
2024-01-02 05:40:00+00:00,42182099999.0,"SAFDARJUNG, IN",28.584511,77.205783,214.88,12.322831155746044,6.886055945992559,1020.1096433151237,,69.46255369862497,,NOAA_ISD,FM-12,,,True,2026-09-16T17:56:30.997704+00:00,5.0,180.0,5.0,time
2024-01-02 05:45:00+00:00,42182099999.0,"SAFDARJUNG, IN",28.584511,77.205783,214.88,12.39685049529742,6.846142176288061,1020.1250891634106,,69.29633030175161,,NOAA_ISD,FM-12,,,True,2026-09-16T17:56:30.997704+00:00,5.0,180.0,5.0,time
2024-01-02 05:50:00+00:00,42182099999.0,"SAFDARJUNG, IN",28.584511,77.205783,214.88,12.412388292318587,6.822732441182659,1020.1873016238414,,68.54845003680309,,NOAA_ISD,FM-12,,,True,2026-09-16T17:56:30.997704+00:00,5.0,180.0,5.0,time
2024-01-02 05:55:00+00:00,42182099999.0,"SAFDARJUNG, IN",28.584511,77.205783,214.88,12.52040134376576,6.812367404027047,1020.2073606435747,,68.12930338215382,,NOAA_ISD,FM-12,,,True,2026-09-16T17:56:30.997704+00:00,5.0,180.0,5.0,time
2024-01-02 06:00:00+00:00,42182099999.0,"SAFDARJUNG, IN",28.584511,77.205783,214.88,12.592373873377381,6.790155662936487,1020.2103398094432,,67.5812092950556,derived_from_temperature_and_dew_point,NOAA_ISD,FM-12,VALID,"{'TMP_QC': '1', 'DEW_QC': '1', 'SLP_QC': '1', 'RECORD_QC': 'V020'}",True,2026-09-16T17:56:30.997704+00:00,5.0,180.0,5.0,time
2024-01-02 06:05:00+00:00,42182099999.0,"SAFDARJUNG, IN",28.584511,77.205783,214.88,12.735836359884342,6.7958373887672225,1020.0881198755416,,67.67467611417484,,NOAA_ISD,FM-12,,,True,2026-09-16T17:56:30.997704+00:00,5.0,180.0,5.0,time
2024-01-02 06:10:00+00:00,42182099999.0,"SAFDARJUNG, IN",28.584511,77.205783,214.88,12.883324545678846,6.836970098349614,1019.9896550231422,,67.18557319709436,,NOAA_ISD,FM-12,,,True,2026-09-16T17:56:30.997704+00:00,5.0,180.0,5.0,time
2024-01-02 06:15:00+00:00,42182099999.0,"SAFDARJUNG, IN",28.584511,77.205783,214.88,12.89707319590108,6.880324459692691,1019.8755836674352,,66.82433200846911,,NOAA_ISD,FM-12,,,True,2026-09-16T17:56:30.997704+00:00,5.0,180.0,5.0,time
2024-01-02 06:20:00+00:00,42182099999.0,"SAFDARJUNG, IN",28.584511,77.205783,214.88,13.060416215150688,6.925318871682971,1019.7689934265084,,66.59722006200627,,NOAA_ISD,FM-12,,,True,2026-09-16T17:56:30.997704+00:00,5.0,180.0,5.0,time
2024-01-02 06:25:00+00:00,42182099999.0,"SAFDARJUNG, IN",28.584511,77.205783,214.88,13.257406110716282,6.9360878267034725,1019.6652227813449,,66.55475207186997,,NOAA_ISD,FM-12,,,True,2026-09-16T17:56:30.997704+00:00,5.0,180.0,5.0,time
2024-01-02 06:30:00+00:00,42182099999.0,"SAFDARJUNG, IN",28.584511,77.205783,214.88,13.262820588559373,6.898009310032595,1019.5709722451977,,65.29482144588462,,NOAA_ISD,FM-12,,,True,2026-09-16T17:56:30.997704+00:00,5.0,180.0,5.0,time
2024-01-02 06:35:00+00:00,42182099999.0,"SAFDARJUNG, IN",28.584511,77.205783,214.88,13.37555416580215,6.987826074295146,1019.4598611357419,,65.13343579493568,,NOAA_ISD,FM-12,,,True,2026-09-16T17:56:30.997704+00:00,5.0,180.0,5.0,time
2024-01-02 06:40:00+00:00,42182099999.0,"SAFDARJUNG, IN",28.584511,77.205783,214.88,13.543448642924893,6.988836964282085,1019.346503675407,,64.80232053872064,,NOAA_ISD,FM-12,,,True,2026-09-16T17:56:30.997704+00:00,5.0,180.0,5.0,time
2024-01-02 06:45:00+00:00,42182099999.0,"SAFDARJUNG, IN",28.584511,77.205783,214.88,13.692219259524267,7.034061601493756,1019.2793880533952,,64.39983607552345,,NOAA_ISD,FM-12,,,True,2026-09-16T17:56:30.997704+00:00,5.0,180.0,5.0,time
2024-01-02 06:50:00+00:00,42182099999.0,"SAFDARJUNG, IN",28.584511,77.205783,214.88,13.767237969444698,7.049717294815787,1019.1769141338401,,63.998927794923695,,NOAA_ISD,FM-12,,,True,2026-09-16T17:56:30.997704+00:00,5.0,180.0,5.0,time
2024-01-02 06:55:00+00:00,42182099999.0,"SAFDARJUNG, IN",28.584511,77.205783,214.88,13.949781362855182,7.071146247478263,1019.1034602996131,,63.79895827607781,,NOAA_ISD,FM-12,,,True,2026-09-16T17:56:30.997704+00:00,5.0,180.0,5.0,time
2024-01-02 07:00:00+00:00,42182099999.0,"SAFDARJUNG, IN",28.584511,77.205783,214.88,14.042839699128326,7.097955285440757,1018.9532998992996,,63.26001259027545,,NOAA_ISD,FM-12,,,True,2026-09-16T17:56:30.997704+00:00,5.0,180.0,5.0,time
2024-01-02 07:05:00+00:00,42182099999.0,"SAFDARJUNG, IN",28.584511,77.205783,214.88,14.15875767001117,7.1245515138346045,1018.8698109006814,,63.21478625128526,,NOAA_ISD,FM-12,,,True,2026-09-16T17:56:30.997704+00:00,5.0,180.0,5.0,time
2024-01-02 07:10:00+00:00,42182099999.0,"SAFDARJUNG, IN",28.584511,77.205783,214.88,14.261039158399539,7.176888099441805,1018.7673653626966,,62.802561886507945,,NOAA_ISD,FM-12,,,True,2026-09-16T17:56:30.997704+00:00,5.0,180.0,5.0,time
2024-01-02 07:15:00+00:00,42182099999.0,"SAFDARJUNG, IN",28.584511,77.205783,214.88,14.466382655017304,7.174606796258298,1018.6532565821108,,62.5328723996194,,NOAA_ISD,FM-12,,,True,2026-09-16T17:56:30.997704+00:00,5.0,180.0,5.0,time
2024-01-02 07:20:00+00:00,42182099999.0,"SAFDARJUNG, IN",28.584511,77.205783,214.88,14.456408582223364,7.221710722663624,1018.5704422273305,,62.18265680143875,,NOAA_ISD,FM-12,,,True,2026-09-16T17:56:30.997704+00:00,5.0,180.0,5.0,time
2024-01-02 07:25:00+00:00,42182099999.0,"SAFDARJUNG, IN",28.584511,77.205783,214.88,14.483157218730009,7.243798117316913,1018.4682823615148,,61.84615692624089,,NOAA_ISD,FM-12,,,True,2026-09-16T17:56:30.997704+00:00,5.0,180.0,5.0,time
2024-01-02 07:30:00+00:00,42182099999.0,"SAFDARJUNG, IN",28.584511,77.205783,214.88,14.780212718075857,7.263340910951673,1018.356548221904,,61.29531821263522,,NOAA_ISD,FM-12,,,True,2026-09-16T17:56:30.997704+00:00,5.0,180.0,5.0,time
2024-01-02 07:35:00+00:00,42182099999.0,"SAFDARJUNG, IN",28.584511,77.205783,214.88,14.793781695118826,7.2392676235974065,1018.2421094281214,,61.438673124971174,,NOAA_ISD,FM-12,,,True,2026-09-16T17:56:30.997704+00:00,5.0,180.0,5.0,time
2024-01-02 07:40:00+00:00,42182099999.0,"SAFDARJUNG, IN",28.584511,77.205783,214.88,14.938727355550485,7.322332653123232,1018.1372938422734,,60.70577511218531,,NOAA_ISD,FM-12,,,True,2026-09-16T17:56:30.997704+00:00,5.0,180.0,5.0,time
2024-01-02 07:45:00+00:00,42182099999.0,"SAFDARJUNG, IN",28.584511,77.205783,214.88,15.115477534243027,7.315841974117288,1018.0143115886908,,59.930836382808366,,NOAA_ISD,FM-12,,,True,2026-09-16T17:56:30.997704+00:00,5.0,180.0,5.0,time
2024-01-02 07:50:00+00:00,42182099999.0,"SAFDARJUNG, IN",28.584511,77.205783,214.88,15.086553689613721,7.364314545621495,1017.9227705333166,,59.74730262862453,,NOAA_ISD,FM-12,,,True,2026-09-16T17:56:30.997704+00:00,5.0,180.0,5.0,time
2024-01-02 07:55:00+00:00,42182099999.0,"SAFDARJUNG, IN",28.584511,77.205783,214.88,15.220750972628027,7.355549343335192,1017.8236709606331,,59.24412162441666,,NOAA_ISD,FM-12,,,True,2026-09-16T17:56:30.997704+00:00,5.0,180.0,5.0,time
2024-01-02 08:00:00+00:00,42182099999.0,"SAFDARJUNG, IN",28.584511,77.205783,214.88,15.319936103144057,7.376298519133935,1017.7108538980848,,59.240133592496925,,NOAA_ISD,FM-12,,,True,2026-09-16T17:56:30.997704+00:00,5.0,180.0,5.0,time
2024-01-02 08:05:00+00:00,42182099999.0,"SAFDARJUNG, IN",28.584511,77.205783,214.88,15.476959852165397,7.464527774736624,1017.6393540348894,,58.85675006630044,,NOAA_ISD,FM-12,,,True,2026-09-16T17:56:30.997704+00:00,5.0,180.0,5.0,time
2024-01-02 08:10:00+00:00,42182099999.0,"SAFDARJUNG, IN",28.584511,77.205783,214.88,15.655315163634183,7.430860338663238,1017.5517103351576,,58.431870415975666,,NOAA_ISD,FM-12,,,True,2026-09-16T17:56:30.997704+00:00,5.0,180.0,5.0,time
2024-01-02 08:15:00+00:00,42182099999.0,"SAFDARJUNG, IN",28.584511,77.205783,214.88,15.776209392140638,7.497922132781035,1017.4068387513533,,58.5721852224801,,NOAA_ISD,FM-12,,,True,2026-09-16T17:56:30.997704+00:00,5.0,180.0,5.0,time
2024-01-02 08:20:00+00:00,42182099999.0,"SAFDARJUNG, IN",28.584511,77.205783,214.88,15.880480375633095,7.50236840642873,1017.3278910509371,,57.924241019259824,,NOAA_ISD,FM-12,,,True,2026-09-16T17:56:30.997704+00:00,5.0,180.0,5.0,time
2024-01-02 08:25:00+00:00,42182099999.0,"SAFDARJUNG, IN",28.584511,77.205783,214.88,15.912695039138717,7.516597598832797,1017.1987622216539,,57.60410856117815,,NOAA_ISD,FM-12,,,True,2026-09-16T17:56:30.997704+00:00,5.0,180.0,5.0,time
2024-01-02 08:30:00+00:00,42182099999.0,"SAFDARJUNG, IN",28.584511,77.205783,214.88,15.98449482816837,7.5491034223133955,1017.1105682232479,,56.91711863574491,,NOAA_ISD,FM-12,,,True,2026-09-16T17:56:30.997704+00:00,5.0,180.0,5.0,time
2024-01-02 08:35:00+00:00,42182099999.0,"SAFDARJUNG, IN",28.584511,77.205783,214.88,16.219384345936188,7.548978110069374,1017.0000822973053,,56.54794879951157,,NOAA_ISD,FM-12,,,True,2026-09-16T17:56:30.997704+00:00,5.0,180.0,5.0,time
2024-01-02 08:40:00+00:00,42182099999.0,"SAFDARJUNG, IN",28.584511,77.205783,214.88,16.30974453165142,7.599724912407816,1016.9231490240833,,56.399583322041615,,NOAA_ISD,FM-12,,,True,2026-09-16T17:56:30.997704+00:00,5.0,180.0,5.0,time
2024-01-02 08:45:00+00:00,42182099999.0,"SAFDARJUNG, IN",28.584511,77.205783,214.88,16.47296928858583,7.603345193722081,1016.7947575698565,,56.07126809459711,,NOAA_ISD,FM-12,,,True,2026-09-16T17:56:30.997704+00:00,5.0,180.0,5.0,time
2024-01-02 08:50:00+00:00,42182099999.0,"SAFDARJUNG, IN",28.584511,77.205783,214.88,16.60176434797773,7.642091124113721,1016.7257887638297,,55.30984879768822,,NOAA_ISD,FM-12,,,True,2026-09-16T17:56:30.997704+00:00,5.0,180.0,5.0,time
2024-01-02 08:55:00+00:00,42182099999.0,"SAFDARJUNG, IN",28.584511,77.205783,214.88,16.690245404936267,7.693505991279391,1016.5978633623046,,55.28949415098565,,NOAA_ISD,FM-12,,,True,2026-09-16T17:56:30.997704+00:00,5.0,180.0,5.0,time
2024-01-02 09:00:00+00:00,42182099999.0,"SAFDARJUNG, IN",28.584511,77.205783,214.88,16.838006654268792,7.705083813531154,1016.4870079258081,,54.9728144165747,derived_from_temperature_and_dew_point,NOAA_ISD,FM-12,VALID,"{'TMP_QC': '1', 'DEW_QC': '1', 'SLP_QC': '1', 'RECORD_QC': 'V020'}",True,2026-09-16T17:56:30.997704+00:00,5.0,180.0,5.0,time
2024-01-02 09:05:00+00:00,42182099999.0,"SAFDARJUNG, IN",28.584511,77.205783,214.88,16.758682790927978,7.653689923355723,1016.4610450058642,,55.055025722401325,,NOAA_ISD,FM-12,,,True,2026-09-16T17:56:30.997704+00:00,5.0,180.0,5.0,time
2024-01-02 09:10:00+00:00,42182099999.0,"SAFDARJUNG, IN",28.584511,77.205783,214.88,16.72094767972452,7.683696429204945,1016.4772863124281,,55.063433028641775,,NOAA_ISD,FM-12,,,True,2026-09-16T17:56:30.997704+00:00,5.0,180.0,5.0,time
2024-01-02 09:15:00+00:00,42182099999.0,"SAFDARJUNG, IN",28.584511,77.205783,214.88,16.606433003523172,7.649858004761818,1016.4762377013778,,55.24625963028244,,NOAA_ISD,FM-12,,,True,2026-09-16T17:56:30.997704+00:00,5.0,180.0,5.0,time
2024-01-02 09:20:00+00:00,42182099999.0,"SAFDARJUNG, IN",28.584511,77.205783,214.88,16.579908318197315,7.622489627965147,1016.4499108695752,,55.44685038350766,,NOAA_ISD,FM-12,,,True,2026-09-16T17:56:30.997704+00:00,5.0,180.0,5.0,time
2024-01-02 09:25:00+00:00,42182099999.0,"SAFDARJUNG, IN",28.584511,77.205783,214.88,16.54594991594396,7.631600192744846,1016.4753321888838,,55.62843778249979,,NOAA_ISD,FM-12,,,True,2026-09-16T17:56:30.997704+00:00,5.0,180.0,5.0,time
2024-01-02 09:30:00+00:00,42182099999.0,"SAFDARJUNG, IN",28.584511,77.205783,214.88,16.524359757104204,7.59665586326046,1016.445262415716,,55.85929164984344,,NOAA_ISD,FM-12,,,True,2026-09-16T17:56:30.997704+00:00,5.0,180.0,5.0,time
2024-01-02 09:35:00+00:00,42182099999.0,"SAFDARJUNG, IN",28.584511,77.205783,214.88,16.410868496944328,7.560020106535219,1016.3966272224835,,56.082560129879056,,NOAA_ISD,FM-12,,,True,2026-09-16T17:56:30.997704+00:00,5.0,180.0,5.0,time
2024-01-02 09:40:00+00:00,42182099999.0,"SAFDARJUNG, IN",28.584511,77.205783,214.88,16.403836140564387,7.603622860895658,1016.3825283402127,,55.93557489973899,,NOAA_ISD,FM-12,,,True,2026-09-16T17:56:30.997704+00:00,5.0,180.0,5.0,time
2024-01-02 09:45:00+00:00,42182099999.0,"SAFDARJUNG, IN",28.584511,77.205783,214.88,16.31170806040423,7.54965425114218,1016.3843939343897,,56.03126876077693,,NOAA_ISD,FM-12,,,True,2026-09-16T17:56:30.997704+00:00,5.0,180.0,5.0,time
2024-01-02 09:50:00+00:00,42182099999.0,"SAFDARJUNG, IN",28.584511,77.205783,214.88,16.266345113855817,7.531705629243689,1016.3443507275026,,56.33808669026242,,NOAA_ISD,FM-12,,,True,2026-09-16T17:56:30.997704+00:00,5.0,180.0,5.0,time
2024-01-02 09:55:00+00:00,42182099999.0,"SAFDARJUNG, IN",28.584511,77.205783,214.88,16.26092039654565,7.508564563232055,1016.3705479883528,,56.500780094393285,,NOAA_ISD,FM-12,,,True,2026-09-16T17:56:30.997704+00:00,5.0,180.0,5.0,time
2024-01-02 10:00:00+00:00,42182099999.0,"SAFDARJUNG, IN",28.584511,77.205783,214.88,16.06701364811396,7.523599314789152,1016.3405653437702,,56.41982658001489,,NOAA_ISD,FM-12,,,True,2026-09-16T17:56:30.997704+00:00,5.0,180.0,5.0,time
2024-01-02 10:05:00+00:00,42182099999.0,"SAFDARJUNG, IN",28.584511,77.205783,214.88,16.04906527248515,7.472835763170493,1016.3245736226617,,56.79280091761546,,NOAA_ISD,FM-12,,,True,2026-09-16T17:56:30.997704+00:00,5.0,180.0,5.0,time
2024-01-02 10:10:00+00:00,42182099999.0,"SAFDARJUNG, IN",28.584511,77.205783,214.88,15.98700184123897,7.435767069490435,1016.3192946289109,,56.958694846008974,,NOAA_ISD,FM-12,,,True,2026-09-16T17:56:30.997704+00:00,5.0,180.0,5.0,time
2024-01-02 10:15:00+00:00,42182099999.0,"SAFDARJUNG, IN",28.584511,77.205783,214.88,15.891652527340918,7.436426446762081,1016.326123264334,,57.149170626465065,,NOAA_ISD,FM-12,,,True,2026-09-16T17:56:30.997704+00:00,5.0,180.0,5.0,time
2024-01-02 10:20:00+00:00,42182099999.0,"SAFDARJUNG, IN",28.584511,77.205783,214.88,15.921642333547798,7.459868825342429,1016.2811968848216,,57.37455307023285,,NOAA_ISD,FM-12,,,True,2026-09-16T17:56:30.997704+00:00,5.0,180.0,5.0,time
2024-01-02 10:25:00+00:00,42182099999.0,"SAFDARJUNG, IN",28.584511,77.205783,214.88,15.940249472764165,7.433309309895809,1016.2616280814715,,56.97366121671256,,NOAA_ISD,FM-12,,,True,2026-09-16T17:56:30.997704+00:00,5.0,180.0,5.0,time
2024-01-02 10:30:00+00:00,42182099999.0,"SAFDARJUNG, IN",28.584511,77.205783,214.88,15.835755796680871,7.394899686946803,1016.2801743924665,,57.2777796418665,,NOAA_ISD,FM-12,,,True,2026-09-16T17:56:30.997704+00:00,5.0,180.0,5.0,time
2024-01-02 10:35:00+00:00,42182099999.0,"SAFDARJUNG, IN",28.584511,77.205783,214.88,15.807111726319315,7.410798436166142,1016.255462119431,,57.40531109487929,,NOAA_ISD,FM-12,,,True,2026-09-16T17:56:30.997704+00:00,5.0,180.0,5.0,time
2024-01-02 10:40:00+00:00,42182099999.0,"SAFDARJUNG, IN",28.584511,77.205783,214.88,15.798905319279985,7.3816255112431035,1016.2158026254145,,57.511496397404606,,NOAA_ISD,FM-12,,,True,2026-09-16T17:56:30.997704+00:00,5.0,180.0,5.0,time
2024-01-02 10:45:00+00:00,42182099999.0,"SAFDARJUNG, IN",28.584511,77.205783,214.88,15.758050973280051,7.344668212727307,1016.2084370623065,,57.529314082744634,,NOAA_ISD,FM-12,,,True,2026-09-16T17:56:30.997704+00:00,5.0,180.0,5.0,time
2024-01-02 10:50:00+00:00,42182099999.0,"SAFDARJUNG, IN",28.584511,77.205783,214.88,15.635431992152583,7.330015136231311,1016.1983520627632,,57.490109821576006,,NOAA_ISD,FM-12,,,True,2026-09-16T17:56:30.997704+00:00,5.0,180.0,5.0,time
2024-01-02 10:55:00+00:00,42182099999.0,"SAFDARJUNG, IN",28.584511,77.205783,214.88,15.653790405589582,7.323253021305575,1016.1877918144477,,57.933813666983575,,NOAA_ISD,FM-12,,,True,2026-09-16T17:56:30.997704+00:00,5.0,180.0,5.0,time
2024-01-02 11:00:00+00:00,42182099999.0,"SAFDARJUNG, IN",28.584511,77.205783,214.88,15.537939666255038,7.283362261006723,1016.1395346696479,,57.88966220142375,,NOAA_ISD,FM-12,,,True,2026-09-16T17:56:30.997704+00:00,5.0,180.0,5.0,time
2024-01-02 11:05:00+00:00,42182099999.0,"SAFDARJUNG, IN",28.584511,77.205783,214.88,15.438685644364183,7.28342343464352,1016.1219280856218,,58.18858758503841,,NOAA_ISD,FM-12,,,True,2026-09-16T17:56:30.997704+00:00,5.0,180.0,5.0,time
2024-01-02 11:10:00+00:00,42182099999.0,"SAFDARJUNG, IN",28.584511,77.205783,214.88,15.398057760167841,7.272836933958932,1016.1211410884489,,58.14063573610467,,NOAA_ISD,FM-12,,,True,2026-09-16T17:56:30.997704+00:00,5.0,180.0,5.0,time
2024-01-02 11:15:00+00:00,42182099999.0,"SAFDARJUNG, IN",28.584511,77.205783,214.88,15.30097317437175,7.216260675227829,1016.1057052311397,,58.20756833083113,,NOAA_ISD,FM-12,,,True,2026-09-16T17:56:30.997704+00:00,5.0,180.0,5.0,time
2024-01-02 11:20:00+00:00,42182099999.0,"SAFDARJUNG, IN",28.584511,77.205783,214.88,15.277815529535541,7.229546926881976,1016.0982346308316,,58.602415227630935,,NOAA_ISD,FM-12,,,True,2026-09-16T17:56:30.997704+00:00,5.0,180.0,5.0,time
2024-01-02 11:25:00+00:00,42182099999.0,"SAFDARJUNG, IN",28.584511,77.205783,214.88,15.251543610040724,7.210605542959353,1016.109916435064,,58.713795416472415,,NOAA_ISD,FM-12,,,True,2026-09-16T17:56:30.997704+00:00,5.0,180.0,5.0,time
2024-01-02 11:30:00+00:00,42182099999.0,"SAFDARJUNG, IN",28.584511,77.205783,214.88,15.256845917635596,7.220561360399206,1016.0799547502069,,58.92752306093085,,NOAA_ISD,FM-12,,,True,2026-09-16T17:56:30.997704+00:00,5.0,180.0,5.0,time
2024-01-02 11:35:00+00:00,42182099999.0,"SAFDARJUNG, IN",28.584511,77.205783,214.88,15.249927380447188,7.146443393457112,1016.0733723365447,,59.37689497550575,,NOAA_ISD,FM-12,,,True,2026-09-16T17:56:30.997704+00:00,5.0,180.0,5.0,time
2024-01-02 11:40:00+00:00,42182099999.0,"SAFDARJUNG, IN",28.584511,77.205783,214.88,15.042002035342259,7.159036546272592,1016.0310694873547,,59.123235684019946,,NOAA_ISD,FM-12,,,True,2026-09-16T17:56:30.997704+00:00,5.0,180.0,5.0,time
2024-01-02 11:45:00+00:00,42182099999.0,"SAFDARJUNG, IN",28.584511,77.205783,214.88,15.07797470674633,7.1403649070527075,1016.0324338226083,,59.29284968674616,,NOAA_ISD,FM-12,,,True,2026-09-16T17:56:30.997704+00:00,5.0,180.0,5.0,time
2024-01-02 11:50:00+00:00,42182099999.0,"SAFDARJUNG, IN",28.584511,77.205783,214.88,14.95352835859768,7.152534752611765,1016.0395229310127,,59.108376623115426,,NOAA_ISD,FM-12,,,True,2026-09-16T17:56:30.997704+00:00,5.0,180.0,5.0,time
2024-01-02 11:55:00+00:00,42182099999.0,"SAFDARJUNG, IN",28.584511,77.205783,214.88,14.976512632200938,7.115795735279368,1016.0257879380524,,59.194562956337165,,NOAA_ISD,FM-12,,,True,2026-09-16T17:56:30.997704+00:00,5.0,180.0,5.0,time
2024-01-02 12:00:00+00:00,42182099999.0,"SAFDARJUNG, IN",28.584511,77.205783,214.88,14.893445667465613,7.135921892913047,1015.9855085234362,,59.89656588935466,derived_from_temperature_and_dew_point,NOAA_ISD,FM-12,VALID,"{'TMP_QC': '1', 'DEW_QC': '1', 'SLP_QC': '1', 'RECORD_QC': 'V020'}",True,2026-09-16T17:56:30.997704+00:00,5.0,180.0,5.0,time
2024-01-02 12:05:00+00:00,42182099999.0,"SAFDARJUNG, IN",28.584511,77.205783,214.88,14.644565819818734,7.129910934304794,1016.0587888032832,,60.28391515512445,,NOAA_ISD,FM-12,,,True,2026-09-16T17:56:30.997704+00:00,5.0,180.0,5.0,time
2024-01-02 12:10:00+00:00,42182099999.0,"SAFDARJUNG, IN",28.584511,77.205783,214.88,14.618637071800647,7.125128873449542,1016.1550880681807,,61.14843340792849,,NOAA_ISD,FM-12,,,True,2026-09-16T17:56:30.997704+00:00,5.0,180.0,5.0,time
2024-01-02 12:15:00+00:00,42182099999.0,"SAFDARJUNG, IN",28.584511,77.205783,214.88,14.378083297692896,7.1547931739311785,1016.1663147080815,,62.23801354909002,,NOAA_ISD,FM-12,,,True,2026-09-16T17:56:30.997704+00:00,5.0,180.0,5.0,time
2024-01-02 12:20:00+00:00,42182099999.0,"SAFDARJUNG, IN",28.584511,77.205783,214.88,14.217749432525768,7.159585290479277,1016.2083584832993,,63.11640596176896,,NOAA_ISD,FM-12,,,True,2026-09-16T17:56:30.997704+00:00,5.0,180.0,5.0,time
2024-01-02 12:25:00+00:00,42182099999.0,"SAFDARJUNG, IN",28.584511,77.205783,214.88,14.027067934991072,7.2005212551431415,1016.2743025299906,,63.8425542542669,,NOAA_ISD,FM-12,,,True,2026-09-16T17:56:30.997704+00:00,5.0,180.0,5.0,time
2024-01-02 12:30:00+00:00,42182099999.0,"SAFDARJUNG, IN",28.584511,77.205783,214.88,13.88395250283229,7.173356045734179,1016.3351768754839,,64.85067202292404,,NOAA_ISD,FM-12,,,True,2026-09-16T17:56:30.997704+00:00,5.0,180.0,5.0,time
2024-01-02 12:35:00+00:00,42182099999.0,"SAFDARJUNG, IN",28.584511,77.205783,214.88,13.774172299812523,7.20019274713524,1016.3858655212752,,66.0461529213078,,NOAA_ISD,FM-12,,,True,2026-09-16T17:56:30.997704+00:00,5.0,180.0,5.0,time
2024-01-02 12:40:00+00:00,42182099999.0,"SAFDARJUNG, IN",28.584511,77.205783,214.88,13.579426671842068,7.242447131704432,1016.4438173504309,,66.52769016712253,,NOAA_ISD,FM-12,,,True,2026-09-16T17:56:30.997704+00:00,5.0,180.0,5.0,time
2024-01-02 12:45:00+00:00,42182099999.0,"SAFDARJUNG, IN",28.584511,77.205783,214.88,13.441433100114125,7.274515128974472,1016.4711310640613,,67.29876550312676,,NOAA_ISD,FM-12,,,True,2026-09-16T17:56:30.997704+00:00,5.0,180.0,5.0,time
2024-01-02 12:50:00+00:00,42182099999.0,"SAFDARJUNG, IN",28.584511,77.205783,214.88,13.279207203807553,7.222627294743883,1016.5363029460539,,68.65462983529106,,NOAA_ISD,FM-12,,,True,2026-09-16T17:56:30.997704+00:00,5.0,180.0,5.0,time
2024-01-02 12:55:00+00:00,42182099999.0,"SAFDARJUNG, IN",28.584511,77.205783,214.88,13.16325530499863,7.310822757653142,1016.6081244063697,,69.45318160460982,,NOAA_ISD,FM-12,,,True,2026-09-16T17:56:30.997704+00:00,5.0,180.0,5.0,time
2024-01-02 13:00:00+00:00,42182099999.0,"SAFDARJUNG, IN",28.584511,77.205783,214.88,12.916194025790114,7.29719729743144,1016.6633613072662,,70.11922960920359,,NOAA_ISD,FM-12,,,True,2026-09-16T17:56:30.997704+00:00,5.0,180.0,5.0,time
2024-01-02 13:05:00+00:00,42182099999.0,"SAFDARJUNG, IN",28.584511,77.205783,214.88,12.695601553602158,7.278989167427923,1016.710898436725,,70.81551104121905,,NOAA_ISD,FM-12,,,True,2026-09-16T17:56:30.997704+00:00,5.0,180.0,5.0,time
2024-01-02 13:10:00+00:00,42182099999.0,"SAFDARJUNG, IN",28.584511,77.205783,214.88,12.658916676384155,7.273298776495547,1016.7742375060564,,71.87163088426783,,NOAA_ISD,FM-12,,,True,2026-09-16T17:56:30.997704+00:00,5.0,180.0,5.0,time
2024-01-02 13:15:00+00:00,42182099999.0,"SAFDARJUNG, IN",28.584511,77.205783,214.88,12.425092258061804,7.319412278683834,1016.8345536304416,,72.89822577929681,,NOAA_ISD,FM-12,,,True,2026-09-16T17:56:30.997704+00:00,5.0,180.0,5.0,time
2024-01-02 13:20:00+00:00,42182099999.0,"SAFDARJUNG, IN",28.584511,77.205783,214.88,12.333507400006647,7.366272569549758,1016.9066771580194,,74.03091219575452,,NOAA_ISD,FM-12,,,True,2026-09-16T17:56:30.997704+00:00,5.0,180.0,5.0,time
2024-01-02 13:25:00+00:00,42182099999.0,"SAFDARJUNG, IN",28.584511,77.205783,214.88,12.133057744548012,7.382015372577155,1016.9424602097399,,74.47907249391496,,NOAA_ISD,FM-12,,,True,2026-09-16T17:56:30.997704+00:00,5.0,180.0,5.0,time
2024-01-02 13:30:00+00:00,42182099999.0,"SAFDARJUNG, IN",28.584511,77.205783,214.88,11.943443123489832,7.412664008694186,1017.0079820641059,,75.5580960236977,,NOAA_ISD,FM-12,,,True,2026-09-16T17:56:30.997704+00:00,5.0,180.0,5.0,time
2024-01-02 13:35:00+00:00,42182099999.0,"SAFDARJUNG, IN",28.584511,77.205783,214.88,11.803549905813426,7.405676923115448,1017.0447235495269,,76.59864004309009,,NOAA_ISD,FM-12,,,True,2026-09-16T17:56:30.997704+00:00,5.0,180.0,5.0,time
2024-01-02 13:40:00+00:00,42182099999.0,"SAFDARJUNG, IN",28.584511,77.205783,214.88,11.719772850228537,7.41117252240441,1017.1225530255831,,76.87596875419784,,NOAA_ISD,FM-12,,,True,2026-09-16T17:56:30.997704+00:00,5.0,180.0,5.0,time
2024-01-02 13:45:00+00:00,42182099999.0,"SAFDARJUNG, IN",28.584511,77.205783,214.88,11.562182359786021,7.441738272246782,1017.1741812726189,,78.44759056692111,,NOAA_ISD,FM-12,,,True,2026-09-16T17:56:30.997704+00:00,5.0,180.0,5.0,time
2024-01-02 13:50:00+00:00,42182099999.0,"SAFDARJUNG, IN",28.584511,77.205783,214.88,11.297913501201084,7.467338872404898,1017.2395385622858,,78.89295433000315,,NOAA_ISD,FM-12,,,True,2026-09-16T17:56:30.997704+00:00,5.0,180.0,5.0,time
2024-01-02 13:55:00+00:00,42182099999.0,"SAFDARJUNG, IN",28.584511,77.205783,214.88,11.13856508522141,7.487948789232439,1017.2920469870268,,80.08445465424694,,NOAA_ISD,FM-12,,,True,2026-09-16T17:56:30.997704+00:00,5.0,180.0,5.0,time
2024-01-02 14:00:00+00:00,42182099999.0,"SAFDARJUNG, IN",28.584511,77.205783,214.88,11.020478674539985,7.484216706014552,1017.345108045791,,80.95600329658882,,NOAA_ISD,FM-12,,,True,2026-09-16T17:56:30.997704+00:00,5.0,180.0,5.0,time
2024-01-02 14:05:00+00:00,42182099999.0,"SAFDARJUNG, IN",28.584511,77.205783,214.88,10.76049472613941,7.534695600673373,1017.3869205407158,,82.01219505607054,,NOAA_ISD,FM-12,,,True,2026-09-16T17:56:30.997704+00:00,5.0,180.0,5.0,time
2024-01-02 14:10:00+00:00,42182099999.0,"SAFDARJUNG, IN",28.584511,77.205783,214.88,10.655542407519802,7.5209053978988525,1017.4493432289853,,82.7940737650676,,NOAA_ISD,FM-12,,,True,2026-09-16T17:56:30.997704+00:00,5.0,180.0,5.0,time
2024-01-02 14:15:00+00:00,42182099999.0,"SAFDARJUNG, IN",28.584511,77.205783,214.88,10.473706857602307,7.532605652753502,1017.521270178569,,83.097041901654,,NOAA_ISD,FM-12,,,True,2026-09-16T17:56:30.997704+00:00,5.0,180.0,5.0,time
2024-01-02 14:20:00+00:00,42182099999.0,"SAFDARJUNG, IN",28.584511,77.205783,214.88,10.326806521683988,7.5558188364773,1017.5425140641674,,84.30415526167991,,NOAA_ISD,FM-12,,,True,2026-09-16T17:56:30.997704+00:00,5.0,180.0,5.0,time
2024-01-02 14:25:00+00:00,42182099999.0,"SAFDARJUNG, IN",28.584511,77.205783,214.88,10.105553781924751,7.604830136847385,1017.5985429555371,,85.37736324809286,,NOAA_ISD,FM-12,,,True,2026-09-16T17:56:30.997704+00:00,5.0,180.0,5.0,time
2024-01-02 14:30:00+00:00,42182099999.0,"SAFDARJUNG, IN",28.584511,77.205783,214.88,9.903854958667885,7.597344070941187,1017.6702952946256,,86.19933735610937,,NOAA_ISD,FM-12,,,True,2026-09-16T17:56:30.997704+00:00,5.0,180.0,5.0,time
2024-01-02 14:35:00+00:00,42182099999.0,"SAFDARJUNG, IN",28.584511,77.205783,214.88,9.71579527264488,7.602776396605272,1017.7305278160275,,87.22246659039578,,NOAA_ISD,FM-12,,,True,2026-09-16T17:56:30.997704+00:00,5.0,180.0,5.0,time
2024-01-02 14:40:00+00:00,42182099999.0,"SAFDARJUNG, IN",28.584511,77.205783,214.88,9.599686349906074,7.651855488342305,1017.7612956477925,,88.17342886668949,,NOAA_ISD,FM-12,,,True,2026-09-16T17:56:30.997704+00:00,5.0,180.0,5.0,time
2024-01-02 14:45:00+00:00,42182099999.0,"SAFDARJUNG, IN",28.584511,77.205783,214.88,9.468732902419701,7.692854970798975,1017.8318380820651,,89.02585701395259,,NOAA_ISD,FM-12,,,True,2026-09-16T17:56:30.997704+00:00,5.0,180.0,5.0,time
2024-01-02 14:50:00+00:00,42182099999.0,"SAFDARJUNG, IN",28.584511,77.205783,214.88,9.31311819844534,7.670860319352846,1017.8870089134043,,89.74992278926688,,NOAA_ISD,FM-12,,,True,2026-09-16T17:56:30.997704+00:00,5.0,180.0,5.0,time
2024-01-02 14:55:00+00:00,42182099999.0,"SAFDARJUNG, IN",28.584511,77.205783,214.88,9.260750447010365,7.708010182550642,1017.9001388421324,,90.31212148666478,,NOAA_ISD,FM-12,,,True,2026-09-16T17:56:30.997704+00:00,5.0,180.0,5.0,time
2024-01-02 15:00:00+00:00,42182099999.0,"SAFDARJUNG, IN",28.584511,77.205783,214.88,9.055299668495365,7.720721559011496,1017.9956081202148,,91.47890375022902,derived_from_temperature_and_dew_point,NOAA_ISD,FM-12,VALID,"{'TMP_QC': '1', 'DEW_QC': '1', 'SLP_QC': '1', 'RECORD_QC': 'V020'}",True,2026-09-16T17:56:30.997704+00:00,5.0,180.0,5.0,time
2024-01-02 15:05:00+00:00,42182099999.0,"SAFDARJUNG, IN",28.584511,77.205783,214.88,8.951895444182918,7.701776093855723,1018.0079647544541,,91.74105140740556,,NOAA_ISD,FM-12,,,True,2026-09-16T17:56:30.997704+00:00,5.0,180.0,5.0,time
2024-01-02 15:10:00+00:00,42182099999.0,"SAFDARJUNG, IN",28.584511,77.205783,214.88,9.017385422622548,7.728310461387302,1018.0190163633658,,91.52746610504546,,NOAA_ISD,FM-12,,,True,2026-09-16T17:56:30.997704+00:00,5.0,180.0,5.0,time
2024-01-02 15:15:00+00:00,42182099999.0,"SAFDARJUNG, IN",28.584511,77.205783,214.88,8.979646088182484,7.716015774072587,1018.0616516188248,,91.95958827935765,,NOAA_ISD,FM-12,,,True,2026-09-16T17:56:30.997704+00:00,5.0,180.0,5.0,time
2024-01-02 15:20:00+00:00,42182099999.0,"SAFDARJUNG, IN",28.584511,77.205783,214.88,8.985781808097995,7.7514567102283225,1018.0201284784742,,92.10278977056457,,NOAA_ISD,FM-12,,,True,2026-09-16T17:56:30.997704+00:00,5.0,180.0,5.0,time
2024-01-02 15:25:00+00:00,42182099999.0,"SAFDARJUNG, IN",28.584511,77.205783,214.88,9.009266282470769,7.75692063706193,1018.0390631041314,,92.03426228414806,,NOAA_ISD,FM-12,,,True,2026-09-16T17:56:30.997704+00:00,5.0,180.0,5.0,time
2024-01-02 15:30:00+00:00,42182099999.0,"SAFDARJUNG, IN",28.584511,77.205783,214.88,9.03095855584877,7.7752756141898205,1018.0144227507002,,91.48391069340418,,NOAA_ISD,FM-12,,,True,2026-09-16T17:56:30.997704+00:00,5.0,180.0,5.0,time
2024-01-02 15:35:00+00:00,42182099999.0,"SAFDARJUNG, IN",28.584511,77.205783,214.88,8.983037075805798,7.782224321594616,1018.0681594444543,,91.92882677190208,,NOAA_ISD,FM-12,,,True,2026-09-16T17:56:30.997704+00:00,5.0,180.0,5.0,time
2024-01-02 15:40:00+00:00,42182099999.0,"SAFDARJUNG, IN",28.584511,77.205783,214.88,9.053192576636718,7.8053691749472,1018.0809760178063,,92.64946005393342,,NOAA_ISD,FM-12,,,True,2026-09-16T17:56:30.997704+00:00,5.0,180.0,5.0,time
2024-01-02 15:45:00+00:00,42182099999.0,"SAFDARJUNG, IN",28.584511,77.205783,214.88,8.94290308869288,7.835644653725298,1018.0898004564733,,92.25069244139432,,NOAA_ISD,FM-12,,,True,2026-09-16T17:56:30.997704+00:00,5.0,180.0,5.0,time
2024-01-02 15:50:00+00:00,42182099999.0,"SAFDARJUNG, IN",28.584511,77.205783,214.88,9.000316953118114,7.8364990506800885,1018.1332646579008,,92.05094913315197,,NOAA_ISD,FM-12,,,True,2026-09-16T17:56:30.997704+00:00,5.0,180.0,5.0,time
2024-01-02 15:55:00+00:00,42182099999.0,"SAFDARJUNG, IN",28.584511,77.205783,214.88,9.12988368632979,7.815490313822671,1018.139434572669,,92.7826050332176,,NOAA_ISD,FM-12,,,True,2026-09-16T17:56:30.997704+00:00,5.0,180.0,5.0,time
2024-01-02 16:00:00+00:00,42182099999.0,"SAFDARJUNG, IN",28.584511,77.205783,214.88,9.011153987131264,7.851744255368697,1018.1348904678186,,92.62600445164207,,NOAA_ISD,FM-12,,,True,2026-09-16T17:56:30.997704+00:00,5.0,180.0,5.0,time
2024-01-02 16:05:00+00:00,42182099999.0,"SAFDARJUNG, IN",28.584511,77.205783,214.88,9.07166072533031,7.85016756850439,1018.1370321833735,,92.93209920890266,,NOAA_ISD,FM-12,,,True,2026-09-16T17:56:30.997704+00:00,5.0,180.0,5.0,time
2024-01-02 16:10:00+00:00,42182099999.0,"SAFDARJUNG, IN",28.584511,77.205783,214.88,9.00457600890866,7.899325648964079,1018.1760793489177,,92.85428062393275,,NOAA_ISD,FM-12,,,True,2026-09-16T17:56:30.997704+00:00,5.0,180.0,5.0,time
2024-01-02 16:15:00+00:00,42182099999.0,"SAFDARJUNG, IN",28.584511,77.205783,214.88,9.02903885476649,7.918399680614417,1018.1662715094699,,92.9783784939091,,NOAA_ISD,FM-12,,,True,2026-09-16T17:56:30.997704+00:00,5.0,180.0,5.0,time
2024-01-02 16:20:00+00:00,42182099999.0,"SAFDARJUNG, IN",28.584511,77.205783,214.88,8.997160840280365,7.927353186659305,1018.1614123769995,,93.04704629398735,,NOAA_ISD,FM-12,,,True,2026-09-16T17:56:30.997704+00:00,5.0,180.0,5.0,time
2024-01-02 16:25:00+00:00,42182099999.0,"SAFDARJUNG, IN",28.584511,77.205783,214.88,8.99147962094179,7.920363023245123,1018.1545639153392,,93.20171988460642,,NOAA_ISD,FM-12,,,True,2026-09-16T17:56:30.997704+00:00,5.0,180.0,5.0,time
2024-01-02 16:30:00+00:00,42182099999.0,"SAFDARJUNG, IN",28.584511,77.205783,214.88,8.96102588016373,7.954937078582624,1018.191173710122,,93.60548608971122,,NOAA_ISD,FM-12,,,True,2026-09-16T17:56:30.997704+00:00,5.0,180.0,5.0,time
2024-01-02 16:35:00+00:00,42182099999.0,"SAFDARJUNG, IN",28.584511,77.205783,214.88,9.021515067947877,7.954486603773511,1018.2262039834545,,93.43197904496962,,NOAA_ISD,FM-12,,,True,2026-09-16T17:56:30.997704+00:00,5.0,180.0,5.0,time
2024-01-02 16:40:00+00:00,42182099999.0,"SAFDARJUNG, IN",28.584511,77.205783,214.88,8.957423140540712,7.955013268782773,1018.2677529960131,,93.00948769198645,,NOAA_ISD,FM-12,,,True,2026-09-16T17:56:30.997704+00:00,5.0,180.0,5.0,time
2024-01-02 16:45:00+00:00,42182099999.0,"SAFDARJUNG, IN",28.584511,77.205783,214.88,9.033279261815672,8.006505265060845,1018.2345655402571,,93.50266563638911,,NOAA_ISD,FM-12,,,True,2026-09-16T17:56:30.997704+00:00,5.0,180.0,5.0,time
2024-01-02 16:50:00+00:00,42182099999.0,"SAFDARJUNG, IN",28.584511,77.205783,214.88,9.054264350222295,8.02191611063003,1018.229137334142,,93.72940726473176,,NOAA_ISD,FM-12,,,True,2026-09-16T17:56:30.997704+00:00,5.0,180.0,5.0,time
2024-01-02 16:55:00+00:00,42182099999.0,"SAFDARJUNG, IN",28.584511,77.205783,214.88,9.018326570361861,8.038422354066114,1018.2318562513899,,93.82942905019611,,NOAA_ISD,FM-12,,,True,2026-09-16T17:56:30.997704+00:00,5.0,180.0,5.0,time
2024-01-02 17:00:00+00:00,42182099999.0,"SAFDARJUNG, IN",28.584511,77.205783,214.88,8.985687563322216,8.021166361332684,1018.2777057645927,,93.59134567005485,,NOAA_ISD,FM-12,,,True,2026-09-16T17:56:30.997704+00:00,5.0,180.0,5.0,time
2024-01-02 17:05:00+00:00,42182099999.0,"SAFDARJUNG, IN",28.584511,77.205783,214.88,9.022698278965434,8.070809468476083,1018.24248545673,,93.99743333348208,,NOAA_ISD,FM-12,,,True,2026-09-16T17:56:30.997704+00:00,5.0,180.0,5.0,time
2024-01-02 17:10:00+00:00,42182099999.0,"SAFDARJUNG, IN",28.584511,77.205783,214.88,8.98456634722268,8.05123946608455,1018.2998957909169,,94.03777070213246,,NOAA_ISD,FM-12,,,True,2026-09-16T17:56:30.997704+00:00,5.0,180.0,5.0,time
2024-01-02 17:15:00+00:00,42182099999.0,"SAFDARJUNG, IN",28.584511,77.205783,214.88,9.046777356273257,8.088070026430769,1018.3163542321253,,94.45450348739395,,NOAA_ISD,FM-12,,,True,2026-09-16T17:56:30.997704+00:00,5.0,180.0,5.0,time
2024-01-02 17:20:00+00:00,42182099999.0,"SAFDARJUNG, IN",28.584511,77.205783,214.88,8.908429695789243,8.078670635653555,1018.3198367001758,,93.87777743052808,,NOAA_ISD,FM-12,,,True,2026-09-16T17:56:30.997704+00:00,5.0,180.0,5.0,time
2024-01-02 17:25:00+00:00,42182099999.0,"SAFDARJUNG, IN",28.584511,77.205783,214.88,8.983219631594068,8.098298134502862,1018.3178289887834,,94.01407544027548,,NOAA_ISD,FM-12,,,True,2026-09-16T17:56:30.997704+00:00,5.0,180.0,5.0,time
2024-01-02 17:30:00+00:00,42182099999.0,"SAFDARJUNG, IN",28.584511,77.205783,214.88,8.9004594002438,8.068243109518882,1018.3446321464041,,94.14210952364134,,NOAA_ISD,FM-12,,,True,2026-09-16T17:56:30.997704+00:00,5.0,180.0,5.0,time
2024-01-02 17:35:00+00:00,42182099999.0,"SAFDARJUNG, IN",28.584511,77.205783,214.88,8.92524695848864,8.124517291267216,1018.347863211867,,94.19306668110335,,NOAA_ISD,FM-12,,,True,2026-09-16T17:56:30.997704+00:00,5.0,180.0,5.0,time
2024-01-02 17:40:00+00:00,42182099999.0,"SAFDARJUNG, IN",28.584511,77.205783,214.88,9.068193111490695,8.146266243780145,1018.3399930787183,,94.20088473893617,,NOAA_ISD,FM-12,,,True,2026-09-16T17:56:30.997704+00:00,5.0,180.0,5.0,time
2024-01-02 17:45:00+00:00,42182099999.0,"SAFDARJUNG, IN",28.584511,77.205783,214.88,9.044759249098584,8.150132340986056,1018.4036749131142,,93.91413156553192,,NOAA_ISD,FM-12,,,True,2026-09-16T17:56:30.997704+00:00,5.0,180.0,5.0,time
2024-01-02 17:50:00+00:00,42182099999.0,"SAFDARJUNG, IN",28.584511,77.205783,214.88,8.964025988335761,8.207345983583924,1018.3707441901855,,94.46750454969981,,NOAA_ISD,FM-12,,,True,2026-09-16T17:56:30.997704+00:00,5.0,180.0,5.0,time
2024-01-02 17:55:00+00:00,42182099999.0,"SAFDARJUNG, IN",28.584511,77.205783,214.88,8.924874827197955,8.162861789404605,1018.4044039348979,,94.71609383416221,,NOAA_ISD,FM-12,,,True,2026-09-16T17:56:30.997704+00:00,5.0,180.0,5.0,time
2024-01-02 18:00:00+00:00,42182099999.0,"SAFDARJUNG, IN",28.584511,77.205783,214.88,8.851773558107917,8.18872837525792,1018.351627714346,,94.63135563089882,derived_from_temperature_and_dew_point,NOAA_ISD,FM-12,VALID,"{'TMP_QC': '1', 'DEW_QC': '1', 'SLP_QC': '1', 'RECORD_QC': 'V020'}",True,2026-09-16T17:56:30.997704+00:00,5.0,180.0,5.0,time
2024-01-02 18:05:00+00:00,42182099999.0,"SAFDARJUNG, IN",28.584511,77.205783,214.88,8.961714113492258,8.170791436689171,1018.4171960843223,,95.11679845892805,,NOAA_ISD,FM-12,,,True,2026-09-16T17:56:30.997704+00:00,5.0,180.0,5.0,time
2024-01-02 18:10:00+00:00,42182099999.0,"SAFDARJUNG, IN",28.584511,77.205783,214.88,9.098798528390148,8.166502238197868,1018.4127086082265,,94.73211960698762,,NOAA_ISD,FM-12,,,True,2026-09-16T17:56:30.997704+00:00,5.0,180.0,5.0,time
2024-01-02 18:15:00+00:00,42182099999.0,"SAFDARJUNG, IN",28.584511,77.205783,214.88,8.988410880239849,8.18729492792548,1018.3755966757425,,94.9873724777035,,NOAA_ISD,FM-12,,,True,2026-09-16T17:56:30.997704+00:00,5.0,180.0,5.0,time
2024-01-02 18:20:00+00:00,42182099999.0,"SAFDARJUNG, IN",28.584511,77.205783,214.88,8.927576941253081,8.185116191442095,1018.3778420873614,,94.78117297143488,,NOAA_ISD,FM-12,,,True,2026-09-16T17:56:30.997704+00:00,5.0,180.0,5.0,time
2024-01-02 18:25:00+00:00,42182099999.0,"SAFDARJUNG, IN",28.584511,77.205783,214.88,8.96769845491946,8.130428592226066,1018.3695036369655,,94.89389257308977,,NOAA_ISD,FM-12,,,True,2026-09-16T17:56:30.997704+00:00,5.0,180.0,5.0,time
2024-01-02 18:30:00+00:00,42182099999.0,"SAFDARJUNG, IN",28.584511,77.205783,214.88,8.855285415683612,8.118873182478868,1018.3371443286072,,94.78418164412005,,NOAA_ISD,FM-12,,,True,2026-09-16T17:56:30.997704+00:00,5.0,180.0,5.0,time
2024-01-02 18:35:00+00:00,42182099999.0,"SAFDARJUNG, IN",28.584511,77.205783,214.88,8.90735605408734,8.099079649250344,1018.3526091127754,,95.00181248193627,,NOAA_ISD,FM-12,,,True,2026-09-16T17:56:30.997704+00:00,5.0,180.0,5.0,time
2024-01-02 18:40:00+00:00,42182099999.0,"SAFDARJUNG, IN",28.584511,77.205783,214.88,8.916084984761898,8.137236818841497,1018.3171607239359,,94.73896564780425,,NOAA_ISD,FM-12,,,True,2026-09-16T17:56:30.997704+00:00,5.0,180.0,5.0,time
2024-01-02 18:45:00+00:00,42182099999.0,"SAFDARJUNG, IN",28.584511,77.205783,214.88,8.895694967408948,8.122420088138325,1018.3128248615271,,94.82672414161776,,NOAA_ISD,FM-12,,,True,2026-09-16T17:56:30.997704+00:00,5.0,180.0,5.0,time
2024-01-02 18:50:00+00:00,42182099999.0,"SAFDARJUNG, IN",28.584511,77.205783,214.88,8.928429194973393,8.086769252889113,1018.3392055295309,,94.80048880895224,,NOAA_ISD,FM-12,,,True,2026-09-16T17:56:30.997704+00:00,5.0,180.0,5.0,time
2024-01-02 18:55:00+00:00,42182099999.0,"SAFDARJUNG, IN",28.584511,77.205783,214.88,8.89501003908958,8.04985579385164,1018.3278264871473,,94.66928735281898,,NOAA_ISD,FM-12,,,True,2026-09-16T17:56:30.997704+00:00,5.0,180.0,5.0,time
2024-01-02 19:00:00+00:00,42182099999.0,"SAFDARJUNG, IN",28.584511,77.205783,214.88,8.900082967572066,8.040533415357542,1018.2858724899577,,94.80766313045162,,NOAA_ISD,FM-12,,,True,2026-09-16T17:56:30.997704+00:00,5.0,180.0,5.0,time
2024-01-02 19:05:00+00:00,42182099999.0,"SAFDARJUNG, IN",28.584511,77.205783,214.88,8.821136941444019,8.058968144563247,1018.2769951397966,,95.17326613812843,,NOAA_ISD,FM-12,,,True,2026-09-16T17:56:30.997704+00:00,5.0,180.0,5.0,time
2024-01-02 19:10:00+00:00,42182099999.0,"SAFDARJUNG, IN",28.584511,77.205783,214.88,8.889335214864973,8.055431202813374,1018.2704214012841,,94.67203172269203,,NOAA_ISD,FM-12,,,True,2026-09-16T17:56:30.997704+00:00,5.0,180.0,5.0,time
2024-01-02 19:15:00+00:00,42182099999.0,"SAFDARJUNG, IN",28.584511,77.205783,214.88,8.914780180714533,7.99201043723291,1018.2896527913293,,94.80972631190399,,NOAA_ISD,FM-12,,,True,2026-09-16T17:56:30.997704+00:00,5.0,180.0,5.0,time
2024-01-02 19:20:00+00:00,42182099999.0,"SAFDARJUNG, IN",28.584511,77.205783,214.88,8.773714746239651,8.015796024011465,1018.2466669710504,,94.97711134572944,,NOAA_ISD,FM-12,,,True,2026-09-16T17:56:30.997704+00:00,5.0,180.0,5.0,time
2024-01-02 19:25:00+00:00,42182099999.0,"SAFDARJUNG, IN",28.584511,77.205783,214.88,8.766726328325383,8.04347702890226,1018.265467586114,,94.95332843396663,,NOAA_ISD,FM-12,,,True,2026-09-16T17:56:30.997704+00:00,5.0,180.0,5.0,time
2024-01-02 19:30:00+00:00,42182099999.0,"SAFDARJUNG, IN",28.584511,77.205783,214.88,8.866789216816013,7.995649815867393,1018.2649369362127,,94.72734328354387,,NOAA_ISD,FM-12,,,True,2026-09-16T17:56:30.997704+00:00,5.0,180.0,5.0,time
2024-01-02 19:35:00+00:00,42182099999.0,"SAFDARJUNG, IN",28.584511,77.205783,214.88,8.779321689554134,8.0186816507047,1018.2399017576608,,94.24804448163076,,NOAA_ISD,FM-12,,,True,2026-09-16T17:56:30.997704+00:00,5.0,180.0,5.0,time
2024-01-02 19:40:00+00:00,42182099999.0,"SAFDARJUNG, IN",28.584511,77.205783,214.88,8.847968847381104,7.99075870035689,1018.2535346072707,,94.82778500817413,,NOAA_ISD,FM-12,,,True,2026-09-16T17:56:30.997704+00:00,5.0,180.0,5.0,time
2024-01-02 19:45:00+00:00,42182099999.0,"SAFDARJUNG, IN",28.584511,77.205783,214.88,8.744539881072056,7.9449810746499585,1018.2189137966102,,94.28027181494205,,NOAA_ISD,FM-12,,,True,2026-09-16T17:56:30.997704+00:00,5.0,180.0,5.0,time
2024-01-02 19:50:00+00:00,42182099999.0,"SAFDARJUNG, IN",28.584511,77.205783,214.88,8.82830783436909,7.949702129688518,1018.2123895546468,,95.01787633507713,,NOAA_ISD,FM-12,,,True,2026-09-16T17:56:30.997704+00:00,5.0,180.0,5.0,time
2024-01-02 19:55:00+00:00,42182099999.0,"SAFDARJUNG, IN",28.584511,77.205783,214.88,8.751018735284717,7.94187055967355,1018.1887884087107,,94.75750588534976,,NOAA_ISD,FM-12,,,True,2026-09-16T17:56:30.997704+00:00,5.0,180.0,5.0,time
2024-01-02 20:00:00+00:00,42182099999.0,"SAFDARJUNG, IN",28.584511,77.205783,214.88,8.746244774499468,7.914283101971463,1018.2203435469524,,94.92326813730773,,NOAA_ISD,FM-12,,,True,2026-09-16T17:56:30.997704+00:00,5.0,180.0,5.0,time
2024-01-02 20:05:00+00:00,42182099999.0,"SAFDARJUNG, IN",28.584511,77.205783,214.88,8.800458123305717,7.902824861766002,1018.1763362577271,,94.54263332791935,,NOAA_ISD,FM-12,,,True,2026-09-16T17:56:30.997704+00:00,5.0,180.0,5.0,time
2024-01-02 20:10:00+00:00,42182099999.0,"SAFDARJUNG, IN",28.584511,77.205783,214.88,8.693022587238902,7.941246482953482,1018.1903287696877,,94.41227628311776,,NOAA_ISD,FM-12,,,True,2026-09-16T17:56:30.997704+00:00,5.0,180.0,5.0,time
2024-01-02 20:15:00+00:00,42182099999.0,"SAFDARJUNG, IN",28.584511,77.205783,214.88,8.652943895203752,7.88045278760614,1018.1735736786575,,94.77465087682823,,NOAA_ISD,FM-12,,,True,2026-09-16T17:56:30.997704+00:00,5.0,180.0,5.0,time
2024-01-02 20:20:00+00:00,42182099999.0,"SAFDARJUNG, IN",28.584511,77.205783,214.88,8.666460678487471,7.910457610417062,1018.1456110054044,,94.715501534231,,NOAA_ISD,FM-12,,,True,2026-09-16T17:56:30.997704+00:00,5.0,180.0,5.0,time
2024-01-02 20:25:00+00:00,42182099999.0,"SAFDARJUNG, IN",28.584511,77.205783,214.88,8.700394475309935,7.869048088210477,1018.1461512704568,,94.62363627921302,,NOAA_ISD,FM-12,,,True,2026-09-16T17:56:30.997704+00:00,5.0,180.0,5.0,time
2024-01-02 20:30:00+00:00,42182099999.0,"SAFDARJUNG, IN",28.584511,77.205783,214.88,8.58837871305764,7.866153880069003,1018.1776574447808,,94.73859892281321,,NOAA_ISD,FM-12,,,True,2026-09-16T17:56:30.997704+00:00,5.0,180.0,5.0,time
2024-01-02 20:35:00+00:00,42182099999.0,"SAFDARJUNG, IN",28.584511,77.205783,214.88,8.687429100688112,7.8667924439203265,1018.1456998175194,,95.27487606729534,,NOAA_ISD,FM-12,,,True,2026-09-16T17:56:30.997704+00:00,5.0,180.0,5.0,time
2024-01-02 20:40:00+00:00,42182099999.0,"SAFDARJUNG, IN",28.584511,77.205783,214.88,8.617505878563557,7.832473270986351,1018.113150326506,,94.88801622058493,,NOAA_ISD,FM-12,,,True,2026-09-16T17:56:30.997704+00:00,5.0,180.0,5.0,time
2024-01-02 20:45:00+00:00,42182099999.0,"SAFDARJUNG, IN",28.584511,77.205783,214.88,8.690723966370012,7.844691419603223,1018.131106565747,,94.93073305450599,,NOAA_ISD,FM-12,,,True,2026-09-16T17:56:30.997704+00:00,5.0,180.0,5.0,time
2024-01-02 20:50:00+00:00,42182099999.0,"SAFDARJUNG, IN",28.584511,77.205783,214.88,8.502509206977198,7.781293628231254,1018.1137443860348,,94.88934293386622,,NOAA_ISD,FM-12,,,True,2026-09-16T17:56:30.997704+00:00,5.0,180.0,5.0,time
2024-01-02 20:55:00+00:00,42182099999.0,"SAFDARJUNG, IN",28.584511,77.205783,214.88,8.571782822355903,7.819905258879404,1018.1774142613782,,95.01617020654822,,NOAA_ISD,FM-12,,,True,2026-09-16T17:56:30.997704+00:00,5.0,180.0,5.0,time
2024-01-02 21:00:00+00:00,42182099999.0,"SAFDARJUNG, IN",28.584511,77.205783,214.88,8.515676592438295,7.750629397508567,1018.1057024768269,,94.68198566541984,derived_from_temperature_and_dew_point,NOAA_ISD,FM-12,VALID,"{'TMP_QC': '1', 'DEW_QC': '1', 'SLP_QC': '1', 'RECORD_QC': 'V020'}",True,2026-09-16T17:56:30.997704+00:00,5.0,180.0,5.0,time
2024-01-02 21:05:00+00:00,42182099999.0,"SAFDARJUNG, IN",28.584511,77.205783,214.88,8.57535519334847,7.776018621021586,1018.0923875030587,,94.08654773846494,,NOAA_ISD,FM-12,,,True,2026-09-16T17:56:30.997704+00:00,5.0,180.0,5.0,time
2024-01-02 21:10:00+00:00,42182099999.0,"SAFDARJUNG, IN",28.584511,77.205783,214.88,8.64571662838878,7.778195970817481,1018.1284005583558,,94.2372827733988,,NOAA_ISD,FM-12,,,True,2026-09-16T17:56:30.997704+00:00,5.0,180.0,5.0,time
2024-01-02 21:15:00+00:00,42182099999.0,"SAFDARJUNG, IN",28.584511,77.205783,214.88,8.641038668727512,7.754112572787834,1018.0631792766542,,94.2148471419993,,NOAA_ISD,FM-12,,,True,2026-09-16T17:56:30.997704+00:00,5.0,180.0,5.0,time
2024-01-02 21:20:00+00:00,42182099999.0,"SAFDARJUNG, IN",28.584511,77.205783,214.88,8.653997788219264,7.696254012642983,1018.1018864031277,,93.63603992097698,,NOAA_ISD,FM-12,,,True,2026-09-16T17:56:30.997704+00:00,5.0,180.0,5.0,time
2024-01-02 21:25:00+00:00,42182099999.0,"SAFDARJUNG, IN",28.584511,77.205783,214.88,8.67537408976433,7.679384489855908,1018.1398885698936,,93.57222680990213,,NOAA_ISD,FM-12,,,True,2026-09-16T17:56:30.997704+00:00,5.0,180.0,5.0,time
2024-01-02 21:30:00+00:00,42182099999.0,"SAFDARJUNG, IN",28.584511,77.205783,214.88,8.710169412030996,7.669559892526881,1018.0976760143128,,93.24664605139952,,NOAA_ISD,FM-12,,,True,2026-09-16T17:56:30.997704+00:00,5.0,180.0,5.0,time
2024-01-02 21:35:00+00:00,42182099999.0,"SAFDARJUNG, IN",28.584511,77.205783,214.88,8.666239864569512,7.667613206136052,1018.0653339791071,,93.46290585036861,,NOAA_ISD,FM-12,,,True,2026-09-16T17:56:30.997704+00:00,5.0,180.0,5.0,time
2024-01-02 21:40:00+00:00,42182099999.0,"SAFDARJUNG, IN",28.584511,77.205783,214.88,8.768675815378286,7.60380578064357,1018.0920816407119,,93.08989140308131,,NOAA_ISD,FM-12,,,True,2026-09-16T17:56:30.997704+00:00,5.0,180.0,5.0,time
2024-01-02 21:45:00+00:00,42182099999.0,"SAFDARJUNG, IN",28.584511,77.205783,214.88,8.783133298519274,7.624735528483029,1018.1290903608192,,92.84780812412879,,NOAA_ISD,FM-12,,,True,2026-09-16T17:56:30.997704+00:00,5.0,180.0,5.0,time
2024-01-02 21:50:00+00:00,42182099999.0,"SAFDARJUNG, IN",28.584511,77.205783,214.88,8.78591856354947,7.6117841430315565,1018.1075213919264,,92.6193202626242,,NOAA_ISD,FM-12,,,True,2026-09-16T17:56:30.997704+00:00,5.0,180.0,5.0,time
2024-01-02 21:55:00+00:00,42182099999.0,"SAFDARJUNG, IN",28.584511,77.205783,214.88,8.811160005470896,7.580450367493691,1018.0832228778098,,92.26505014948957,,NOAA_ISD,FM-12,,,True,2026-09-16T17:56:30.997704+00:00,5.0,180.0,5.0,time
2024-01-02 22:00:00+00:00,42182099999.0,"SAFDARJUNG, IN",28.584511,77.205783,214.88,8.814820900040433,7.577173086027727,1018.0862951438564,,92.0895112565055,,NOAA_ISD,FM-12,,,True,2026-09-16T17:56:30.997704+00:00,5.0,180.0,5.0,time
2024-01-02 22:05:00+00:00,42182099999.0,"SAFDARJUNG, IN",28.584511,77.205783,214.88,8.918420331803219,7.551696705388745,1018.088805994577,,91.59046308389354,,NOAA_ISD,FM-12,,,True,2026-09-16T17:56:30.997704+00:00,5.0,180.0,5.0,time
2024-01-02 22:10:00+00:00,42182099999.0,"SAFDARJUNG, IN",28.584511,77.205783,214.88,8.828978624780706,7.516944692589799,1018.1072239576811,,91.16771160424987,,NOAA_ISD,FM-12,,,True,2026-09-16T17:56:30.997704+00:00,5.0,180.0,5.0,time
2024-01-02 22:15:00+00:00,42182099999.0,"SAFDARJUNG, IN",28.584511,77.205783,214.88,8.83464583908327,7.469609546128143,1018.1267639226588,,91.412516226069,,NOAA_ISD,FM-12,,,True,2026-09-16T17:56:30.997704+00:00,5.0,180.0,5.0,time
2024-01-02 22:20:00+00:00,42182099999.0,"SAFDARJUNG, IN",28.584511,77.205783,214.88,8.828990287648796,7.491557150520306,1018.121048460256,,91.22479805125442,,NOAA_ISD,FM-12,,,True,2026-09-16T17:56:30.997704+00:00,5.0,180.0,5.0,time
2024-01-02 22:25:00+00:00,42182099999.0,"SAFDARJUNG, IN",28.584511,77.205783,214.88,8.83172019980444,7.450382937139844,1018.1091202436422,,91.17935291368508,,NOAA_ISD,FM-12,,,True,2026-09-16T17:56:30.997704+00:00,5.0,180.0,5.0,time
2024-01-02 22:30:00+00:00,42182099999.0,"SAFDARJUNG, IN",28.584511,77.205783,214.88,8.837776410619945,7.438433147502769,1018.0733671047989,,91.02926716321647,,NOAA_ISD,FM-12,,,True,2026-09-16T17:56:30.997704+00:00,5.0,180.0,5.0,time
2024-01-02 22:35:00+00:00,42182099999.0,"SAFDARJUNG, IN",28.584511,77.205783,214.88,8.87222680100512,7.440138039914817,1018.0734413497202,,90.80649969699978,,NOAA_ISD,FM-12,,,True,2026-09-16T17:56:30.997704+00:00,5.0,180.0,5.0,time
2024-01-02 22:40:00+00:00,42182099999.0,"SAFDARJUNG, IN",28.584511,77.205783,214.88,8.92979931425073,7.439457778779798,1018.1106650404244,,90.07039528134122,,NOAA_ISD,FM-12,,,True,2026-09-16T17:56:30.997704+00:00,5.0,180.0,5.0,time
2024-01-02 22:45:00+00:00,42182099999.0,"SAFDARJUNG, IN",28.584511,77.205783,214.88,8.966714756424885,7.390905464197826,1018.0730905780414,,89.97704699301005,,NOAA_ISD,FM-12,,,True,2026-09-16T17:56:30.997704+00:00,5.0,180.0,5.0,time
2024-01-02 22:50:00+00:00,42182099999.0,"SAFDARJUNG, IN",28.584511,77.205783,214.88,8.969223769594274,7.38330351895114,1018.0954886595787,,89.92106685917626,,NOAA_ISD,FM-12,,,True,2026-09-16T17:56:30.997704+00:00,5.0,180.0,5.0,time
2024-01-02 22:55:00+00:00,42182099999.0,"SAFDARJUNG, IN",28.584511,77.205783,214.88,8.945056569461848,7.32388819095472,1018.1060830089237,,90.10888093554843,,NOAA_ISD,FM-12,,,True,2026-09-16T17:56:30.997704+00:00,5.0,180.0,5.0,time
2024-01-02 23:00:00+00:00,42182099999.0,"SAFDARJUNG, IN",28.584511,77.205783,214.88,9.045009228200998,7.338243804953234,1018.0772481200928,,89.67601984074278,,NOAA_ISD,FM-12,,,True,2026-09-16T17:56:30.997704+00:00,5.0,180.0,5.0,time
2024-01-02 23:05:00+00:00,42182099999.0,"SAFDARJUNG, IN",28.584511,77.205783,214.88,9.053637300281713,7.312690770135345,1018.0795147533129,,89.38137943239967,,NOAA_ISD,FM-12,,,True,2026-09-16T17:56:30.997704+00:00,5.0,180.0,5.0,time
2024-01-02 23:10:00+00:00,42182099999.0,"SAFDARJUNG, IN",28.584511,77.205783,214.88,9.025350917962232,7.319028996056968,1018.0981175787086,,88.85744240889015,,NOAA_ISD,FM-12,,,True,2026-09-16T17:56:30.997704+00:00,5.0,180.0,5.0,time
2024-01-02 23:15:00+00:00,42182099999.0,"SAFDARJUNG, IN",28.584511,77.205783,214.88,9.017354192766764,7.264190830479424,1018.1100730057505,,88.53586007376897,,NOAA_ISD,FM-12,,,True,2026-09-16T17:56:30.997704+00:00,5.0,180.0,5.0,time
2024-01-02 23:20:00+00:00,42182099999.0,"SAFDARJUNG, IN",28.584511,77.205783,214.88,9.094088062708156,7.250722803212308,1018.1212303754083,,88.64778157667665,,NOAA_ISD,FM-12,,,True,2026-09-16T17:56:30.997704+00:00,5.0,180.0,5.0,time
2024-01-02 23:25:00+00:00,42182099999.0,"SAFDARJUNG, IN",28.584511,77.205783,214.88,9.092732012707637,7.257287400453767,1018.1121410686955,,88.04736774715313,,NOAA_ISD,FM-12,,,True,2026-09-16T17:56:30.997704+00:00,5.0,180.0,5.0,time
2024-01-02 23:30:00+00:00,42182099999.0,"SAFDARJUNG, IN",28.584511,77.205783,214.88,9.027593637029247,7.214825990818774,1018.1014731318999,,87.99731272980392,,NOAA_ISD,FM-12,,,True,2026-09-16T17:56:30.997704+00:00,5.0,180.0,5.0,time
2024-01-02 23:35:00+00:00,42182099999.0,"SAFDARJUNG, IN",28.584511,77.205783,214.88,9.113267653867446,7.175045394596476,1018.0850761049289,,87.7995444101996,,NOAA_ISD,FM-12,,,True,2026-09-16T17:56:30.997704+00:00,5.0,180.0,5.0,time
2024-01-02 23:40:00+00:00,42182099999.0,"SAFDARJUNG, IN",28.584511,77.205783,214.88,9.146435123937051,7.22881044324358,1018.0785818600831,,87.91858241782455,,NOAA_ISD,FM-12,,,True,2026-09-16T17:56:30.997704+00:00,5.0,180.0,5.0,time
2024-01-02 23:45:00+00:00,42182099999.0,"SAFDARJUNG, IN",28.584511,77.205783,214.88,9.10501526067561,7.136761478066599,1018.0897824582335,,87.30656053940807,,NOAA_ISD,FM-12,,,True,2026-09-16T17:56:30.997704+00:00,5.0,180.0,5.0,time
2024-01-02 23:50:00+00:00,42182099999.0,"SAFDARJUNG, IN",28.584511,77.205783,214.88,9.176158836308538,7.137594887257898,1018.1081987116996,,86.66715007228548,,NOAA_ISD,FM-12,,,True,2026-09-16T17:56:30.997704+00:00,5.0,180.0,5.0,time
2024-01-02 23:55:00+00:00,42182099999.0,"SAFDARJUNG, IN",28.584511,77.205783,214.88,9.110592209070443,7.126378207564957,1018.1067324741325,,87.03338892953248,,NOAA_ISD,FM-12,,,True,2026-09-16T17:56:30.997704+00:00,5.0,180.0,5.0,time
2024-01-03 00:00:00+00:00,42182099999.0,"SAFDARJUNG, IN",28.584511,77.205783,214.88,9.266809305000608,7.105352350180622,1018.0580019602855,,86.57019562937921,derived_from_temperature_and_dew_point,NOAA_ISD,FM-12,VALID,"{'TMP_QC': '1', 'DEW_QC': '1', 'SLP_QC': '1', 'RECORD_QC': 'V020'}",True,2026-09-16T17:56:30.997704+00:00,5.0,180.0,5.0,time
2024-01-03 00:05:00+00:00,42182099999.0,"SAFDARJUNG, IN",28.584511,77.205783,214.88,9.273508610364082,7.118427348142093,1018.1259531261013,,86.78630398266532,,NOAA_ISD,FM-12,,,True,2026-09-16T17:56:30.997704+00:00,5.0,180.0,5.0,time
2024-01-03 00:10:00+00:00,42182099999.0,"SAFDARJUNG, IN",28.584511,77.205783,214.88,9.209596355507074,7.140749237033917,1018.2074234843656,,86.82821461538713,,NOAA_ISD,FM-12,,,True,2026-09-16T17:56:30.997704+00:00,5.0,180.0,5.0,time
2024-01-03 00:15:00+00:00,42182099999.0,"SAFDARJUNG, IN",28.584511,77.205783,214.88,9.251506050225286,7.161968029340907,1018.2265843009561,,86.85859253416977,,NOAA_ISD,FM-12,,,True,2026-09-16T17:56:30.997704+00:00,5.0,180.0,5.0,time
2024-01-03 00:20:00+00:00,42182099999.0,"SAFDARJUNG, IN",28.584511,77.205783,214.88,9.12394834615445,7.166570211717061,1018.2383264884046,,87.13917922746805,,NOAA_ISD,FM-12,,,True,2026-09-16T17:56:30.997704+00:00,5.0,180.0,5.0,time
2024-01-03 00:25:00+00:00,42182099999.0,"SAFDARJUNG, IN",28.584511,77.205783,214.88,9.197738172542287,7.2541154953995655,1018.3554497569654,,86.74231591321833,,NOAA_ISD,FM-12,,,True,2026-09-16T17:56:30.997704+00:00,5.0,180.0,5.0,time
2024-01-03 00:30:00+00:00,42182099999.0,"SAFDARJUNG, IN",28.584511,77.205783,214.88,9.25197772065906,7.228933514979066,1018.3494211653538,,87.01326382167579,,NOAA_ISD,FM-12,,,True,2026-09-16T17:56:30.997704+00:00,5.0,180.0,5.0,time
2024-01-03 00:35:00+00:00,42182099999.0,"SAFDARJUNG, IN",28.584511,77.205783,214.88,9.224171126706434,7.2674941754120175,1018.3993533458529,,87.32125202706791,,NOAA_ISD,FM-12,,,True,2026-09-16T17:56:30.997704+00:00,5.0,180.0,5.0,time
2024-01-03 00:40:00+00:00,42182099999.0,"SAFDARJUNG, IN",28.584511,77.205783,214.88,9.324608713020421,7.271084720624145,1018.4413238284543,,87.12940526715334,,NOAA_ISD,FM-12,,,True,2026-09-16T17:56:30.997704+00:00,5.0,180.0,5.0,time
2024-01-03 00:45:00+00:00,42182099999.0,"SAFDARJUNG, IN",28.584511,77.205783,214.88,9.3998648265374,7.29290472655289,1018.4676480906768,,86.998238658146,,NOAA_ISD,FM-12,,,True,2026-09-16T17:56:30.997704+00:00,5.0,180.0,5.0,time
2024-01-03 00:50:00+00:00,42182099999.0,"SAFDARJUNG, IN",28.584511,77.205783,214.88,9.252280375139645,7.313113348968829,1018.5021151930302,,87.52148884642912,,NOAA_ISD,FM-12,,,True,2026-09-16T17:56:30.997704+00:00,5.0,180.0,5.0,time
2024-01-03 00:55:00+00:00,42182099999.0,"SAFDARJUNG, IN",28.584511,77.205783,214.88,9.28034905201796,7.313447528684659,1018.6007668330348,,87.68017448164386,,NOAA_ISD,FM-12,,,True,2026-09-16T17:56:30.997704+00:00,5.0,180.0,5.0,time
2024-01-03 01:00:00+00:00,42182099999.0,"SAFDARJUNG, IN",28.584511,77.205783,214.88,9.345105751748829,7.3634542438642505,1018.6200641173924,,87.51433429180473,,NOAA_ISD,FM-12,,,True,2026-09-16T17:56:30.997704+00:00,5.0,180.0,5.0,time
2024-01-03 01:05:00+00:00,42182099999.0,"SAFDARJUNG, IN",28.584511,77.205783,214.88,9.425000251869424,7.3807487358024995,1018.6581054106888,,87.1989419914172,,NOAA_ISD,FM-12,,,True,2026-09-16T17:56:30.997704+00:00,5.0,180.0,5.0,time
2024-01-03 01:10:00+00:00,42182099999.0,"SAFDARJUNG, IN",28.584511,77.205783,214.88,9.29443683992856,7.434541601294807,1018.6948591171678,,87.80008283822865,,NOAA_ISD,FM-12,,,True,2026-09-16T17:56:30.997704+00:00,5.0,180.0,5.0,time
2024-01-03 01:15:00+00:00,42182099999.0,"SAFDARJUNG, IN",28.584511,77.205783,214.88,9.379118472782013,7.4093993309816435,1018.7049336521928,,87.39468909038273,,NOAA_ISD,FM-12,,,True,2026-09-16T17:56:30.997704+00:00,5.0,180.0,5.0,time
2024-01-03 01:20:00+00:00,42182099999.0,"SAFDARJUNG, IN",28.584511,77.205783,214.88,9.468842720318431,7.4440126120044585,1018.7922172705015,,87.85620429981407,,NOAA_ISD,FM-12,,,True,2026-09-16T17:56:30.997704+00:00,5.0,180.0,5.0,time
2024-01-03 01:25:00+00:00,42182099999.0,"SAFDARJUNG, IN",28.584511,77.205783,214.88,9.306300931479925,7.4598089684426965,1018.7914706801731,,87.68472945727379,,NOAA_ISD,FM-12,,,True,2026-09-16T17:56:30.997704+00:00,5.0,180.0,5.0,time
2024-01-03 01:30:00+00:00,42182099999.0,"SAFDARJUNG, IN",28.584511,77.205783,214.88,9.335946539657707,7.528850607880236,1018.855665735963,,87.69803214284661,,NOAA_ISD,FM-12,,,True,2026-09-16T17:56:30.997704+00:00,5.0,180.0,5.0,time
2024-01-03 01:35:00+00:00,42182099999.0,"SAFDARJUNG, IN",28.584511,77.205783,214.88,9.38993078078807,7.504834053325129,1018.8588788685573,,87.90939577436184,,NOAA_ISD,FM-12,,,True,2026-09-16T17:56:30.997704+00:00,5.0,180.0,5.0,time
2024-01-03 01:40:00+00:00,42182099999.0,"SAFDARJUNG, IN",28.584511,77.205783,214.88,9.396192801579453,7.555690441338967,1018.8925161563204,,88.02889604427011,,NOAA_ISD,FM-12,,,True,2026-09-16T17:56:30.997704+00:00,5.0,180.0,5.0,time
2024-01-03 01:45:00+00:00,42182099999.0,"SAFDARJUNG, IN",28.584511,77.205783,214.88,9.473963397721016,7.586069896134786,1018.9813658240531,,88.00449168325605,,NOAA_ISD,FM-12,,,True,2026-09-16T17:56:30.997704+00:00,5.0,180.0,5.0,time
2024-01-03 01:50:00+00:00,42182099999.0,"SAFDARJUNG, IN",28.584511,77.205783,214.88,9.456527430435486,7.58596643066058,1019.0004846813227,,88.31885176675415,,NOAA_ISD,FM-12,,,True,2026-09-16T17:56:30.997704+00:00,5.0,180.0,5.0,time
2024-01-03 01:55:00+00:00,42182099999.0,"SAFDARJUNG, IN",28.584511,77.205783,214.88,9.366807452573449,7.583574891092302,1019.0185499819074,,88.17967501319713,,NOAA_ISD,FM-12,,,True,2026-09-16T17:56:30.997704+00:00,5.0,180.0,5.0,time
2024-01-03 02:00:00+00:00,42182099999.0,"SAFDARJUNG, IN",28.584511,77.205783,214.88,9.492437186811708,7.60605025615806,1019.1108121900589,,88.53270484100103,,NOAA_ISD,FM-12,,,True,2026-09-16T17:56:30.997704+00:00,5.0,180.0,5.0,time
2024-01-03 02:05:00+00:00,42182099999.0,"SAFDARJUNG, IN",28.584511,77.205783,214.88,9.448900833409995,7.672750836851478,1019.1840682820877,,88.46067907757315,,NOAA_ISD,FM-12,,,True,2026-09-16T17:56:30.997704+00:00,5.0,180.0,5.0,time
2024-01-03 02:10:00+00:00,42182099999.0,"SAFDARJUNG, IN",28.584511,77.205783,214.88,9.552611249735952,7.6525658974017805,1019.211124538505,,88.33271078090297,,NOAA_ISD,FM-12,,,True,2026-09-16T17:56:30.997704+00:00,5.0,180.0,5.0,time
2024-01-03 02:15:00+00:00,42182099999.0,"SAFDARJUNG, IN",28.584511,77.205783,214.88,9.468620623178154,7.707840532221199,1019.2198536422948,,88.36681202323355,,NOAA_ISD,FM-12,,,True,2026-09-16T17:56:30.997704+00:00,5.0,180.0,5.0,time
2024-01-03 02:20:00+00:00,42182099999.0,"SAFDARJUNG, IN",28.584511,77.205783,214.88,9.479280346956,7.724509204418634,1019.2668435728006,,88.2782785179683,,NOAA_ISD,FM-12,,,True,2026-09-16T17:56:30.997704+00:00,5.0,180.0,5.0,time
2024-01-03 02:25:00+00:00,42182099999.0,"SAFDARJUNG, IN",28.584511,77.205783,214.88,9.54927880276245,7.751987094130665,1019.326087458469,,88.73370219112893,,NOAA_ISD,FM-12,,,True,2026-09-16T17:56:30.997704+00:00,5.0,180.0,5.0,time
2024-01-03 02:30:00+00:00,42182099999.0,"SAFDARJUNG, IN",28.584511,77.205783,214.88,9.57147965745018,7.776098362823585,1019.3724425603967,,88.67241582388307,,NOAA_ISD,FM-12,,,True,2026-09-16T17:56:30.997704+00:00,5.0,180.0,5.0,time
2024-01-03 02:35:00+00:00,42182099999.0,"SAFDARJUNG, IN",28.584511,77.205783,214.88,9.566849412641254,7.770215473200531,1019.3847959522901,,88.33667200549841,,NOAA_ISD,FM-12,,,True,2026-09-16T17:56:30.997704+00:00,5.0,180.0,5.0,time
2024-01-03 02:40:00+00:00,42182099999.0,"SAFDARJUNG, IN",28.584511,77.205783,214.88,9.471275689686316,7.791600547530817,1019.4340168876479,,88.77174591433501,,NOAA_ISD,FM-12,,,True,2026-09-16T17:56:30.997704+00:00,5.0,180.0,5.0,time
2024-01-03 02:45:00+00:00,42182099999.0,"SAFDARJUNG, IN",28.584511,77.205783,214.88,9.59356838866308,7.847631876015342,1019.4810122961353,,88.76645986081569,,NOAA_ISD,FM-12,,,True,2026-09-16T17:56:30.997704+00:00,5.0,180.0,5.0,time
2024-01-03 02:50:00+00:00,42182099999.0,"SAFDARJUNG, IN",28.584511,77.205783,214.88,9.526062375194057,7.842968663344268,1019.5277441930722,,89.32957996287858,,NOAA_ISD,FM-12,,,True,2026-09-16T17:56:30.997704+00:00,5.0,180.0,5.0,time
2024-01-03 02:55:00+00:00,42182099999.0,"SAFDARJUNG, IN",28.584511,77.205783,214.88,9.600652694468302,7.822774807937675,1019.5556718044932,,88.74166649984356,,NOAA_ISD,FM-12,,,True,2026-09-16T17:56:30.997704+00:00,5.0,180.0,5.0,time
2024-01-03 03:00:00+00:00,42182099999.0,"SAFDARJUNG, IN",28.584511,77.205783,214.88,9.528813278230047,7.912975105957678,1019.5975982950987,,88.8617298400532,derived_from_temperature_and_dew_point,NOAA_ISD,FM-12,VALID,"{'TMP_QC': '1', 'DEW_QC': '1', 'SLP_QC': '1', 'RECORD_QC': 'V020'}",True,2026-09-16T17:56:30.997704+00:00,5.0,180.0,5.0,time
2024-01-03 03:05:00+00:00,42182099999.0,"SAFDARJUNG, IN",28.584511,77.205783,214.88,9.666760551821596,7.915385885349736,1019.6442633132617,,89.32588281751003,,NOAA_ISD,FM-12,,,True,2026-09-16T17:56:30.997704+00:00,5.0,180.0,5.0,time
2024-01-03 03:10:00+00:00,42182099999.0,"SAFDARJUNG, IN",28.584511,77.205783,214.88,9.64855894367352,7.981564939780327,1019.6575237473821,,89.32913040927058,,NOAA_ISD,FM-12,,,True,2026-09-16T17:56:30.997704+00:00,5.0,180.0,5.0,time
2024-01-03 03:15:00+00:00,42182099999.0,"SAFDARJUNG, IN",28.584511,77.205783,214.88,9.669201600820307,8.036189770319671,1019.6595482114687,,88.86267007892154,,NOAA_ISD,FM-12,,,True,2026-09-16T17:56:30.997704+00:00,5.0,180.0,5.0,time
2024-01-03 03:20:00+00:00,42182099999.0,"SAFDARJUNG, IN",28.584511,77.205783,214.88,9.813468784601897,8.044779693589684,1019.7010488480672,,88.83913839099377,,NOAA_ISD,FM-12,,,True,2026-09-16T17:56:30.997704+00:00,5.0,180.0,5.0,time
2024-01-03 03:25:00+00:00,42182099999.0,"SAFDARJUNG, IN",28.584511,77.205783,214.88,9.834304448306058,8.100470872188826,1019.6756044180888,,89.04269152375511,,NOAA_ISD,FM-12,,,True,2026-09-16T17:56:30.997704+00:00,5.0,180.0,5.0,time
2024-01-03 03:30:00+00:00,42182099999.0,"SAFDARJUNG, IN",28.584511,77.205783,214.88,9.835967826597022,8.11974262027739,1019.7324594689726,,88.40791337394427,,NOAA_ISD,FM-12,,,True,2026-09-16T17:56:30.997704+00:00,5.0,180.0,5.0,time
2024-01-03 03:35:00+00:00,42182099999.0,"SAFDARJUNG, IN",28.584511,77.205783,214.88,9.983670053562165,8.184526364340602,1019.7275169755374,,88.45498348532112,,NOAA_ISD,FM-12,,,True,2026-09-16T17:56:30.997704+00:00,5.0,180.0,5.0,time
2024-01-03 03:40:00+00:00,42182099999.0,"SAFDARJUNG, IN",28.584511,77.205783,214.88,9.933522934477068,8.167646746713746,1019.7987538557776,,88.72496443094097,,NOAA_ISD,FM-12,,,True,2026-09-16T17:56:30.997704+00:00,5.0,180.0,5.0,time
2024-01-03 03:45:00+00:00,42182099999.0,"SAFDARJUNG, IN",28.584511,77.205783,214.88,10.001605383698546,8.22483570039167,1019.7261503614643,,89.04497811322582,,NOAA_ISD,FM-12,,,True,2026-09-16T17:56:30.997704+00:00,5.0,180.0,5.0,time
2024-01-03 03:50:00+00:00,42182099999.0,"SAFDARJUNG, IN",28.584511,77.205783,214.88,10.057890116828375,8.27457434321194,1019.7528797616224,,88.60174287125555,,NOAA_ISD,FM-12,,,True,2026-09-16T17:56:30.997704+00:00,5.0,180.0,5.0,time
2024-01-03 03:55:00+00:00,42182099999.0,"SAFDARJUNG, IN",28.584511,77.205783,214.88,10.057905592182458,8.29341398708202,1019.7917092898974,,88.66296513612481,,NOAA_ISD,FM-12,,,True,2026-09-16T17:56:30.997704+00:00,5.0,180.0,5.0,time
2024-01-03 04:00:00+00:00,42182099999.0,"SAFDARJUNG, IN",28.584511,77.205783,214.88,10.15689014800333,8.356377713266387,1019.8079446810597,,88.82342452117946,,NOAA_ISD,FM-12,,,True,2026-09-16T17:56:30.997704+00:00,5.0,180.0,5.0,time
2024-01-03 04:05:00+00:00,42182099999.0,"SAFDARJUNG, IN",28.584511,77.205783,214.88,10.15110516041954,8.360803653654228,1019.8556694463502,,88.97193250221119,,NOAA_ISD,FM-12,,,True,2026-09-16T17:56:30.997704+00:00,5.0,180.0,5.0,time
2024-01-03 04:10:00+00:00,42182099999.0,"SAFDARJUNG, IN",28.584511,77.205783,214.88,10.201640306111411,8.446942978588133,1019.8199658396674,,88.38907474981478,,NOAA_ISD,FM-12,,,True,2026-09-16T17:56:30.997704+00:00,5.0,180.0,5.0,time
2024-01-03 04:15:00+00:00,42182099999.0,"SAFDARJUNG, IN",28.584511,77.205783,214.88,10.334798798656832,8.484110616752112,1019.8680983703739,,88.45496598858665,,NOAA_ISD,FM-12,,,True,2026-09-16T17:56:30.997704+00:00,5.0,180.0,5.0,time
2024-01-03 04:20:00+00:00,42182099999.0,"SAFDARJUNG, IN",28.584511,77.205783,214.88,10.259081808485488,8.483419217702323,1019.8899159267603,,88.77663326649079,,NOAA_ISD,FM-12,,,True,2026-09-16T17:56:30.997704+00:00,5.0,180.0,5.0,time
2024-01-03 04:25:00+00:00,42182099999.0,"SAFDARJUNG, IN",28.584511,77.205783,214.88,10.23491653900908,8.524940912495982,1019.8974262899777,,88.06167125607283,,NOAA_ISD,FM-12,,,True,2026-09-16T17:56:30.997704+00:00,5.0,180.0,5.0,time
2024-01-03 04:30:00+00:00,42182099999.0,"SAFDARJUNG, IN",28.584511,77.205783,214.88,10.480546849750594,8.573833428712494,1019.8807800731616,,88.52551621411075,,NOAA_ISD,FM-12,,,True,2026-09-16T17:56:30.997704+00:00,5.0,180.0,5.0,time
2024-01-03 04:35:00+00:00,42182099999.0,"SAFDARJUNG, IN",28.584511,77.205783,214.88,10.571910842074795,8.562367163131762,1019.9448218427718,,88.07022578241664,,NOAA_ISD,FM-12,,,True,2026-09-16T17:56:30.997704+00:00,5.0,180.0,5.0,time
2024-01-03 04:40:00+00:00,42182099999.0,"SAFDARJUNG, IN",28.584511,77.205783,214.88,10.468625425616422,8.595982221930665,1019.9579198319597,,88.2482722511984,,NOAA_ISD,FM-12,,,True,2026-09-16T17:56:30.997704+00:00,5.0,180.0,5.0,time
2024-01-03 04:45:00+00:00,42182099999.0,"SAFDARJUNG, IN",28.584511,77.205783,214.88,10.436491431302324,8.683461711610486,1019.9619916903958,,88.13314285718661,,NOAA_ISD,FM-12,,,True,2026-09-16T17:56:30.997704+00:00,5.0,180.0,5.0,time
2024-01-03 04:50:00+00:00,42182099999.0,"SAFDARJUNG, IN",28.584511,77.205783,214.88,10.56225357896798,8.699924213901905,1019.9707536204108,,87.94395323541531,,NOAA_ISD,FM-12,,,True,2026-09-16T17:56:30.997704+00:00,5.0,180.0,5.0,time
2024-01-03 04:55:00+00:00,42182099999.0,"SAFDARJUNG, IN",28.584511,77.205783,214.88,10.607911074730188,8.726025450635959,1019.9878554935342,,87.89282405891278,,NOAA_ISD,FM-12,,,True,2026-09-16T17:56:30.997704+00:00,5.0,180.0,5.0,time
2024-01-03 05:00:00+00:00,42182099999.0,"SAFDARJUNG, IN",28.584511,77.205783,214.88,10.657170474615553,8.76688913272429,1019.9984252841552,,88.09861620618409,,NOAA_ISD,FM-12,,,True,2026-09-16T17:56:30.997704+00:00,5.0,180.0,5.0,time
2024-01-03 05:05:00+00:00,42182099999.0,"SAFDARJUNG, IN",28.584511,77.205783,214.88,10.655441709015017,8.755056948330497,1020.0294823693517,,88.19633008785476,,NOAA_ISD,FM-12,,,True,2026-09-16T17:56:30.997704+00:00,5.0,180.0,5.0,time
2024-01-03 05:10:00+00:00,42182099999.0,"SAFDARJUNG, IN",28.584511,77.205783,214.88,10.784533612679379,8.835077642599748,1020.0339560303923,,87.9251638704734,,NOAA_ISD,FM-12,,,True,2026-09-16T17:56:30.997704+00:00,5.0,180.0,5.0,time
2024-01-03 05:15:00+00:00,42182099999.0,"SAFDARJUNG, IN",28.584511,77.205783,214.88,10.826225368764304,8.859939065216135,1020.0330295004931,,87.91902263174664,,NOAA_ISD,FM-12,,,True,2026-09-16T17:56:30.997704+00:00,5.0,180.0,5.0,time
2024-01-03 05:20:00+00:00,42182099999.0,"SAFDARJUNG, IN",28.584511,77.205783,214.88,10.769724163453478,8.929472543783413,1020.0456948337702,,87.97312370214709,,NOAA_ISD,FM-12,,,True,2026-09-16T17:56:30.997704+00:00,5.0,180.0,5.0,time
2024-01-03 05:25:00+00:00,42182099999.0,"SAFDARJUNG, IN",28.584511,77.205783,214.88,10.923848725473633,8.967122837789901,1020.0682926082603,,87.61845402317518,,NOAA_ISD,FM-12,,,True,2026-09-16T17:56:30.997704+00:00,5.0,180.0,5.0,time
2024-01-03 05:30:00+00:00,42182099999.0,"SAFDARJUNG, IN",28.584511,77.205783,214.88,11.035967582430628,8.99486693801593,1020.104442644851,,87.91460516834925,,NOAA_ISD,FM-12,,,True,2026-09-16T17:56:30.997704+00:00,5.0,180.0,5.0,time
2024-01-03 05:35:00+00:00,42182099999.0,"SAFDARJUNG, IN",28.584511,77.205783,214.88,10.986375794399631,9.027353617420427,1020.1161275499379,,87.88442417496749,,NOAA_ISD,FM-12,,,True,2026-09-16T17:56:30.997704+00:00,5.0,180.0,5.0,time
2024-01-03 05:40:00+00:00,42182099999.0,"SAFDARJUNG, IN",28.584511,77.205783,214.88,11.005355964118797,9.02560862058115,1020.137640209199,,88.19516970419453,,NOAA_ISD,FM-12,,,True,2026-09-16T17:56:30.997704+00:00,5.0,180.0,5.0,time
2024-01-03 05:45:00+00:00,42182099999.0,"SAFDARJUNG, IN",28.584511,77.205783,214.88,11.05956650594629,9.103479528266602,1020.160016262671,,87.55311249522141,,NOAA_ISD,FM-12,,,True,2026-09-16T17:56:30.997704+00:00,5.0,180.0,5.0,time
2024-01-03 05:50:00+00:00,42182099999.0,"SAFDARJUNG, IN",28.584511,77.205783,214.88,11.141873949459539,9.140365736688244,1020.1541202481484,,87.49060586188858,,NOAA_ISD,FM-12,,,True,2026-09-16T17:56:30.997704+00:00,5.0,180.0,5.0,time
2024-01-03 05:55:00+00:00,42182099999.0,"SAFDARJUNG, IN",28.584511,77.205783,214.88,11.069021975280194,9.188792741964262,1020.2126465367003,,87.68990428542585,,NOAA_ISD,FM-12,,,True,2026-09-16T17:56:30.997704+00:00,5.0,180.0,5.0,time
2024-01-03 06:00:00+00:00,42182099999.0,"SAFDARJUNG, IN",28.584511,77.205783,214.88,11.208219535148864,9.242364196248603,1020.1946457834591,,87.65382083378242,derived_from_temperature_and_dew_point,NOAA_ISD,FM-12,VALID,"{'TMP_QC': '1', 'DEW_QC': '1', 'SLP_QC': '1', 'RECORD_QC': 'V020'}",True,2026-09-16T17:56:30.997704+00:00,5.0,180.0,5.0,time
2024-01-03 06:05:00+00:00,42182099999.0,"SAFDARJUNG, IN",28.584511,77.205783,214.88,11.291587913637969,9.135593230973011,1020.1024425714156,,86.69076034710243,,NOAA_ISD,FM-12,,,True,2026-09-16T17:56:30.997704+00:00,5.0,180.0,5.0,time
2024-01-03 06:10:00+00:00,42182099999.0,"SAFDARJUNG, IN",28.584511,77.205783,214.88,11.514613472870023,9.131119352376523,1020.0318699469689,,86.02492302016954,,NOAA_ISD,FM-12,,,True,2026-09-16T17:56:30.997704+00:00,5.0,180.0,5.0,time
2024-01-03 06:15:00+00:00,42182099999.0,"SAFDARJUNG, IN",28.584511,77.205783,214.88,11.524624696643086,9.09348800059018,1019.8966031292858,,85.52155950097693,,NOAA_ISD,FM-12,,,True,2026-09-16T17:56:30.997704+00:00,5.0,180.0,5.0,time
2024-01-03 06:20:00+00:00,42182099999.0,"SAFDARJUNG, IN",28.584511,77.205783,214.88,11.72783882500042,9.081227921545478,1019.82863375545,,84.55559426296416,,NOAA_ISD,FM-12,,,True,2026-09-16T17:56:30.997704+00:00,5.0,180.0,5.0,time
2024-01-03 06:25:00+00:00,42182099999.0,"SAFDARJUNG, IN",28.584511,77.205783,214.88,11.700368520666455,9.047490259386581,1019.7751770115294,,83.94678209128588,,NOAA_ISD,FM-12,,,True,2026-09-16T17:56:30.997704+00:00,5.0,180.0,5.0,time
2024-01-03 06:30:00+00:00,42182099999.0,"SAFDARJUNG, IN",28.584511,77.205783,214.88,11.896029625006806,9.011985025205062,1019.6319182280855,,83.35458522014035,,NOAA_ISD,FM-12,,,True,2026-09-16T17:56:30.997704+00:00,5.0,180.0,5.0,time
2024-01-03 06:35:00+00:00,42182099999.0,"SAFDARJUNG, IN",28.584511,77.205783,214.88,11.993747790967339,9.006663198339135,1019.6001292617165,,82.84363218140889,,NOAA_ISD,FM-12,,,True,2026-09-16T17:56:30.997704+00:00,5.0,180.0,5.0,time
2024-01-03 06:40:00+00:00,42182099999.0,"SAFDARJUNG, IN",28.584511,77.205783,214.88,12.04543652649565,8.93352727133194,1019.5191116202161,,81.8313024989863,,NOAA_ISD,FM-12,,,True,2026-09-16T17:56:30.997704+00:00,5.0,180.0,5.0,time
2024-01-03 06:45:00+00:00,42182099999.0,"SAFDARJUNG, IN",28.584511,77.205783,214.88,12.208869805731846,8.904177570652147,1019.3926108932436,,80.89152310759386,,NOAA_ISD,FM-12,,,True,2026-09-16T17:56:30.997704+00:00,5.0,180.0,5.0,time
2024-01-03 06:50:00+00:00,42182099999.0,"SAFDARJUNG, IN",28.584511,77.205783,214.88,12.37173705295269,8.873959939022484,1019.3169473664597,,80.18445828427413,,NOAA_ISD,FM-12,,,True,2026-09-16T17:56:30.997704+00:00,5.0,180.0,5.0,time
2024-01-03 06:55:00+00:00,42182099999.0,"SAFDARJUNG, IN",28.584511,77.205783,214.88,12.406032637007891,8.85668233714037,1019.2446039639193,,79.62367294221433,,NOAA_ISD,FM-12,,,True,2026-09-16T17:56:30.997704+00:00,5.0,180.0,5.0,time
2024-01-03 07:00:00+00:00,42182099999.0,"SAFDARJUNG, IN",28.584511,77.205783,214.88,12.448735200874845,8.808761529015095,1019.1239975495724,,78.92069978969334,,NOAA_ISD,FM-12,,,True,2026-09-16T17:56:30.997704+00:00,5.0,180.0,5.0,time
2024-01-03 07:05:00+00:00,42182099999.0,"SAFDARJUNG, IN",28.584511,77.205783,214.88,12.643566303120572,8.801806348001792,1019.061799954855,,78.46018895938712,,NOAA_ISD,FM-12,,,True,2026-09-16T17:56:30.997704+00:00,5.0,180.0,5.0,time
2024-01-03 07:10:00+00:00,42182099999.0,"SAFDARJUNG, IN",28.584511,77.205783,214.88,12.71043440081593,8.768912418329604,1018.942132579653,,77.56111285816937,,NOAA_ISD,FM-12,,,True,2026-09-16T17:56:30.997704+00:00,5.0,180.0,5.0,time
2024-01-03 07:15:00+00:00,42182099999.0,"SAFDARJUNG, IN",28.584511,77.205783,214.88,12.849549619733471,8.725936364386683,1018.8571146208,,76.96611567470242,,NOAA_ISD,FM-12,,,True,2026-09-16T17:56:30.997704+00:00,5.0,180.0,5.0,time
2024-01-03 07:20:00+00:00,42182099999.0,"SAFDARJUNG, IN",28.584511,77.205783,214.88,12.973698389293522,8.728586436192234,1018.7617910484913,,76.25962726744802,,NOAA_ISD,FM-12,,,True,2026-09-16T17:56:30.997704+00:00,5.0,180.0,5.0,time
2024-01-03 07:25:00+00:00,42182099999.0,"SAFDARJUNG, IN",28.584511,77.205783,214.88,13.003606278088112,8.679365544989821,1018.6957418328727,,75.63412065005262,,NOAA_ISD,FM-12,,,True,2026-09-16T17:56:30.997704+00:00,5.0,180.0,5.0,time
2024-01-03 07:30:00+00:00,42182099999.0,"SAFDARJUNG, IN",28.584511,77.205783,214.88,13.119217083033966,8.671252947280635,1018.6231593810513,,75.29450086630463,,NOAA_ISD,FM-12,,,True,2026-09-16T17:56:30.997704+00:00,5.0,180.0,5.0,time
2024-01-03 07:35:00+00:00,42182099999.0,"SAFDARJUNG, IN",28.584511,77.205783,214.88,13.335214452887387,8.615543447420356,1018.5074288524688,,74.47016729566387,,NOAA_ISD,FM-12,,,True,2026-09-16T17:56:30.997704+00:00,5.0,180.0,5.0,time
2024-01-03 07:40:00+00:00,42182099999.0,"SAFDARJUNG, IN",28.584511,77.205783,214.88,13.396086287413736,8.588404991124262,1018.396797239024,,73.64878143861074,,NOAA_ISD,FM-12,,,True,2026-09-16T17:56:30.997704+00:00,5.0,180.0,5.0,time
2024-01-03 07:45:00+00:00,42182099999.0,"SAFDARJUNG, IN",28.584511,77.205783,214.88,13.405096116242303,8.5470776852397,1018.3116791968877,,72.86112807721716,,NOAA_ISD,FM-12,,,True,2026-09-16T17:56:30.997704+00:00,5.0,180.0,5.0,time
2024-01-03 07:50:00+00:00,42182099999.0,"SAFDARJUNG, IN",28.584511,77.205783,214.88,13.68368664627485,8.527636846967066,1018.2523364328719,,72.1744645797865,,NOAA_ISD,FM-12,,,True,2026-09-16T17:56:30.997704+00:00,5.0,180.0,5.0,time
2024-01-03 07:55:00+00:00,42182099999.0,"SAFDARJUNG, IN",28.584511,77.205783,214.88,13.769174043319266,8.511466848344863,1018.1924378838235,,71.63443818287928,,NOAA_ISD,FM-12,,,True,2026-09-16T17:56:30.997704+00:00,5.0,180.0,5.0,time
2024-01-03 08:00:00+00:00,42182099999.0,"SAFDARJUNG, IN",28.584511,77.205783,214.88,13.830972925464842,8.458439982021261,1018.074541166653,,70.99350048133712,,NOAA_ISD,FM-12,,,True,2026-09-16T17:56:30.997704+00:00,5.0,180.0,5.0,time
2024-01-03 08:05:00+00:00,42182099999.0,"SAFDARJUNG, IN",28.584511,77.205783,214.88,13.911936267224865,8.446479350361804,1017.9700398467647,,70.00292094322431,,NOAA_ISD,FM-12,,,True,2026-09-16T17:56:30.997704+00:00,5.0,180.0,5.0,time
2024-01-03 08:10:00+00:00,42182099999.0,"SAFDARJUNG, IN",28.584511,77.205783,214.88,14.130679283704605,8.38930061633464,1017.904212568226,,69.49951837334507,,NOAA_ISD,FM-12,,,True,2026-09-16T17:56:30.997704+00:00,5.0,180.0,5.0,time
2024-01-03 08:15:00+00:00,42182099999.0,"SAFDARJUNG, IN",28.584511,77.205783,214.88,14.21746753112802,8.390181011310444,1017.7952100272882,,68.39367608626739,,NOAA_ISD,FM-12,,,True,2026-09-16T17:56:30.997704+00:00,5.0,180.0,5.0,time
2024-01-03 08:20:00+00:00,42182099999.0,"SAFDARJUNG, IN",28.584511,77.205783,214.88,14.430241225245314,8.332846327898205,1017.7035454067639,,68.1501205346119,,NOAA_ISD,FM-12,,,True,2026-09-16T17:56:30.997704+00:00,5.0,180.0,5.0,time
2024-01-03 08:25:00+00:00,42182099999.0,"SAFDARJUNG, IN",28.584511,77.205783,214.88,14.443231652158467,8.330922486353469,1017.6030530401083,,67.56798540394729,,NOAA_ISD,FM-12,,,True,2026-09-16T17:56:30.997704+00:00,5.0,180.0,5.0,time
2024-01-03 08:30:00+00:00,42182099999.0,"SAFDARJUNG, IN",28.584511,77.205783,214.88,14.552718490396432,8.284552864182006,1017.5615023102182,,66.66731960795715,,NOAA_ISD,FM-12,,,True,2026-09-16T17:56:30.997704+00:00,5.0,180.0,5.0,time
2024-01-03 08:35:00+00:00,42182099999.0,"SAFDARJUNG, IN",28.584511,77.205783,214.88,14.636098047939015,8.283196852445597,1017.3936602860946,,66.39441651033913,,NOAA_ISD,FM-12,,,True,2026-09-16T17:56:30.997704+00:00,5.0,180.0,5.0,time
2024-01-03 08:40:00+00:00,42182099999.0,"SAFDARJUNG, IN",28.584511,77.205783,214.88,14.796394348915594,8.199140867697137,1017.3715127395612,,65.16264119940168,,NOAA_ISD,FM-12,,,True,2026-09-16T17:56:30.997704+00:00,5.0,180.0,5.0,time
2024-01-03 08:45:00+00:00,42182099999.0,"SAFDARJUNG, IN",28.584511,77.205783,214.88,14.897920926729073,8.162143131200429,1017.2573917679107,,64.69015474972731,,NOAA_ISD,FM-12,,,True,2026-09-16T17:56:30.997704+00:00,5.0,180.0,5.0,time
2024-01-03 08:50:00+00:00,42182099999.0,"SAFDARJUNG, IN",28.584511,77.205783,214.88,15.040364028206037,8.1487867661916,1017.1695709631488,,63.94727949511126,,NOAA_ISD,FM-12,,,True,2026-09-16T17:56:30.997704+00:00,5.0,180.0,5.0,time
2024-01-03 08:55:00+00:00,42182099999.0,"SAFDARJUNG, IN",28.584511,77.205783,214.88,15.062822742957025,8.102863336594869,1017.1227351920112,,63.242162688733536,,NOAA_ISD,FM-12,,,True,2026-09-16T17:56:30.997704+00:00,5.0,180.0,5.0,time
2024-01-03 09:00:00+00:00,42182099999.0,"SAFDARJUNG, IN",28.584511,77.205783,214.88,15.1782296263528,8.072345302111435,1016.985717378156,,62.54713556639905,derived_from_temperature_and_dew_point,NOAA_ISD,FM-12,VALID,"{'TMP_QC': '1', 'DEW_QC': '1', 'SLP_QC': '1', 'RECORD_QC': 'V020'}",True,2026-09-16T17:56:30.997704+00:00,5.0,180.0,5.0,time
2024-01-03 09:05:00+00:00,42182099999.0,"SAFDARJUNG, IN",28.584511,77.205783,214.88,15.13715595256551,8.151319904098086,1016.9780652835861,,62.94447656155745,,NOAA_ISD,FM-12,,,True,2026-09-16T17:56:30.997704+00:00,5.0,180.0,5.0,time
2024-01-03 09:10:00+00:00,42182099999.0,"SAFDARJUNG, IN",28.584511,77.205783,214.88,15.16176230828117,8.177694201909524,1016.980725448555,,63.44570285980385,,NOAA_ISD,FM-12,,,True,2026-09-16T17:56:30.997704+00:00,5.0,180.0,5.0,time
2024-01-03 09:15:00+00:00,42182099999.0,"SAFDARJUNG, IN",28.584511,77.205783,214.88,15.158252055348168,8.207073047132582,1016.9832769477163,,63.90471391392162,,NOAA_ISD,FM-12,,,True,2026-09-16T17:56:30.997704+00:00,5.0,180.0,5.0,time
2024-01-03 09:20:00+00:00,42182099999.0,"SAFDARJUNG, IN",28.584511,77.205783,214.88,15.021502419786978,8.247816303609445,1016.9578295510208,,63.98177217332139,,NOAA_ISD,FM-12,,,True,2026-09-16T17:56:30.997704+00:00,5.0,180.0,5.0,time
2024-01-03 09:25:00+00:00,42182099999.0,"SAFDARJUNG, IN",28.584511,77.205783,214.88,14.9843168691659,8.282499691157918,1016.9268561547226,,64.4983409922121,,NOAA_ISD,FM-12,,,True,2026-09-16T17:56:30.997704+00:00,5.0,180.0,5.0,time
2024-01-03 09:30:00+00:00,42182099999.0,"SAFDARJUNG, IN",28.584511,77.205783,214.88,14.982370527860157,8.366340716689713,1016.9326860363824,,64.54797994407997,,NOAA_ISD,FM-12,,,True,2026-09-16T17:56:30.997704+00:00,5.0,180.0,5.0,time
2024-01-03 09:35:00+00:00,42182099999.0,"SAFDARJUNG, IN",28.584511,77.205783,214.88,14.915489702777132,8.357512108069361,1016.967293343796,,65.19457997943414,,NOAA_ISD,FM-12,,,True,2026-09-16T17:56:30.997704+00:00,5.0,180.0,5.0,time
2024-01-03 09:40:00+00:00,42182099999.0,"SAFDARJUNG, IN",28.584511,77.205783,214.88,14.936491571545885,8.384668433149445,1016.9348288691161,,65.24204613967905,,NOAA_ISD,FM-12,,,True,2026-09-16T17:56:30.997704+00:00,5.0,180.0,5.0,time
2024-01-03 09:45:00+00:00,42182099999.0,"SAFDARJUNG, IN",28.584511,77.205783,214.88,14.737411135469047,8.465921012349726,1016.934021745674,,65.96563198721763,,NOAA_ISD,FM-12,,,True,2026-09-16T17:56:30.997704+00:00,5.0,180.0,5.0,time
2024-01-03 09:50:00+00:00,42182099999.0,"SAFDARJUNG, IN",28.584511,77.205783,214.88,14.769775858765266,8.484573776421932,1016.9114382425232,,66.5426837310342,,NOAA_ISD,FM-12,,,True,2026-09-16T17:56:30.997704+00:00,5.0,180.0,5.0,time
2024-01-03 09:55:00+00:00,42182099999.0,"SAFDARJUNG, IN",28.584511,77.205783,214.88,14.73310140552415,8.568553251554135,1016.8951433794099,,66.42919433351683,,NOAA_ISD,FM-12,,,True,2026-09-16T17:56:30.997704+00:00,5.0,180.0,5.0,time
2024-01-03 10:00:00+00:00,42182099999.0,"SAFDARJUNG, IN",28.584511,77.205783,214.88,14.617315532714025,8.556142553890783,1016.9335513889974,,66.36815796850519,,NOAA_ISD,FM-12,,,True,2026-09-16T17:56:30.997704+00:00,5.0,180.0,5.0,time
2024-01-03 10:05:00+00:00,42182099999.0,"SAFDARJUNG, IN",28.584511,77.205783,214.88,14.646262522226005,8.622475239150692,1016.8879028295256,,67.05010763557327,,NOAA_ISD,FM-12,,,True,2026-09-16T17:56:30.997704+00:00,5.0,180.0,5.0,time
2024-01-03 10:10:00+00:00,42182099999.0,"SAFDARJUNG, IN",28.584511,77.205783,214.88,14.609797749763258,8.66608839105643,1016.8744659357428,,67.75915280463565,,NOAA_ISD,FM-12,,,True,2026-09-16T17:56:30.997704+00:00,5.0,180.0,5.0,time
2024-01-03 10:15:00+00:00,42182099999.0,"SAFDARJUNG, IN",28.584511,77.205783,214.88,14.606611433940726,8.672906616689293,1016.8969228473271,,67.97644869073838,,NOAA_ISD,FM-12,,,True,2026-09-16T17:56:30.997704+00:00,5.0,180.0,5.0,time
2024-01-03 10:20:00+00:00,42182099999.0,"SAFDARJUNG, IN",28.584511,77.205783,214.88,14.633426072360791,8.707363806864041,1016.8522194594893,,68.26867160862389,,NOAA_ISD,FM-12,,,True,2026-09-16T17:56:30.997704+00:00,5.0,180.0,5.0,time
2024-01-03 10:25:00+00:00,42182099999.0,"SAFDARJUNG, IN",28.584511,77.205783,214.88,14.526635856329355,8.775938441729728,1016.8464387864578,,68.7736781156354,,NOAA_ISD,FM-12,,,True,2026-09-16T17:56:30.997704+00:00,5.0,180.0,5.0,time
2024-01-03 10:30:00+00:00,42182099999.0,"SAFDARJUNG, IN",28.584511,77.205783,214.88,14.448459313986442,8.811497838358278,1016.8502049336804,,69.02189068784968,,NOAA_ISD,FM-12,,,True,2026-09-16T17:56:30.997704+00:00,5.0,180.0,5.0,time
2024-01-03 10:35:00+00:00,42182099999.0,"SAFDARJUNG, IN",28.584511,77.205783,214.88,14.458263384050435,8.81067668687467,1016.8416720687485,,69.52160059304578,,NOAA_ISD,FM-12,,,True,2026-09-16T17:56:30.997704+00:00,5.0,180.0,5.0,time
2024-01-03 10:40:00+00:00,42182099999.0,"SAFDARJUNG, IN",28.584511,77.205783,214.88,14.47468090329429,8.855209065051683,1016.8385255602915,,69.81499584644051,,NOAA_ISD,FM-12,,,True,2026-09-16T17:56:30.997704+00:00,5.0,180.0,5.0,time
2024-01-03 10:45:00+00:00,42182099999.0,"SAFDARJUNG, IN",28.584511,77.205783,214.88,14.334535392527588,8.865938066567706,1016.866833381788,,70.28850675721407,,NOAA_ISD,FM-12,,,True,2026-09-16T17:56:30.997704+00:00,5.0,180.0,5.0,time
2024-01-03 10:50:00+00:00,42182099999.0,"SAFDARJUNG, IN",28.584511,77.205783,214.88,14.298915700248372,8.967463292635133,1016.8233916315937,,70.40898143900347,,NOAA_ISD,FM-12,,,True,2026-09-16T17:56:30.997704+00:00,5.0,180.0,5.0,time
2024-01-03 10:55:00+00:00,42182099999.0,"SAFDARJUNG, IN",28.584511,77.205783,214.88,14.333483003519266,8.989207900581729,1016.7607722540783,,70.87132965807658,,NOAA_ISD,FM-12,,,True,2026-09-16T17:56:30.997704+00:00,5.0,180.0,5.0,time
2024-01-03 11:00:00+00:00,42182099999.0,"SAFDARJUNG, IN",28.584511,77.205783,214.88,14.255589860880127,9.030090324913827,1016.8065259788686,,70.98190791871617,,NOAA_ISD,FM-12,,,True,2026-09-16T17:56:30.997704+00:00,5.0,180.0,5.0,time
2024-01-03 11:05:00+00:00,42182099999.0,"SAFDARJUNG, IN",28.584511,77.205783,214.88,14.260152012313252,9.038393340268186,1016.7924242665565,,71.2760967265771,,NOAA_ISD,FM-12,,,True,2026-09-16T17:56:30.997704+00:00,5.0,180.0,5.0,time
2024-01-03 11:10:00+00:00,42182099999.0,"SAFDARJUNG, IN",28.584511,77.205783,214.88,14.188206549299125,9.089149064049325,1016.7842023338204,,72.09079797252825,,NOAA_ISD,FM-12,,,True,2026-09-16T17:56:30.997704+00:00,5.0,180.0,5.0,time
2024-01-03 11:15:00+00:00,42182099999.0,"SAFDARJUNG, IN",28.584511,77.205783,214.88,14.185083182404478,9.14044082174865,1016.779918946188,,72.14574093526454,,NOAA_ISD,FM-12,,,True,2026-09-16T17:56:30.997704+00:00,5.0,180.0,5.0,time
2024-01-03 11:20:00+00:00,42182099999.0,"SAFDARJUNG, IN",28.584511,77.205783,214.88,14.059357205409079,9.175442376885933,1016.7660931009132,,72.61653166872803,,NOAA_ISD,FM-12,,,True,2026-09-16T17:56:30.997704+00:00,5.0,180.0,5.0,time
2024-01-03 11:25:00+00:00,42182099999.0,"SAFDARJUNG, IN",28.584511,77.205783,214.88,14.07161798968281,9.23013449928813,1016.7572810914722,,72.83335911399338,,NOAA_ISD,FM-12,,,True,2026-09-16T17:56:30.997704+00:00,5.0,180.0,5.0,time
2024-01-03 11:30:00+00:00,42182099999.0,"SAFDARJUNG, IN",28.584511,77.205783,214.88,14.022798832615175,9.278336029199302,1016.7622608841954,,73.04436353648266,,NOAA_ISD,FM-12,,,True,2026-09-16T17:56:30.997704+00:00,5.0,180.0,5.0,time
2024-01-03 11:35:00+00:00,42182099999.0,"SAFDARJUNG, IN",28.584511,77.205783,214.88,13.933649898239238,9.35094780694126,1016.7308250507227,,73.5169188007387,,NOAA_ISD,FM-12,,,True,2026-09-16T17:56:30.997704+00:00,5.0,180.0,5.0,time
2024-01-03 11:40:00+00:00,42182099999.0,"SAFDARJUNG, IN",28.584511,77.205783,214.88,13.877381658162122,9.344044103843826,1016.7143796066206,,74.15497658133131,,NOAA_ISD,FM-12,,,True,2026-09-16T17:56:30.997704+00:00,5.0,180.0,5.0,time
2024-01-03 11:45:00+00:00,42182099999.0,"SAFDARJUNG, IN",28.584511,77.205783,214.88,13.950954118430401,9.405641386595272,1016.7854756290525,,74.33188134818921,,NOAA_ISD,FM-12,,,True,2026-09-16T17:56:30.997704+00:00,5.0,180.0,5.0,time
2024-01-03 11:50:00+00:00,42182099999.0,"SAFDARJUNG, IN",28.584511,77.205783,214.88,13.86023015866688,9.405622766682628,1016.702349517791,,74.2315942569428,,NOAA_ISD,FM-12,,,True,2026-09-16T17:56:30.997704+00:00,5.0,180.0,5.0,time
2024-01-03 11:55:00+00:00,42182099999.0,"SAFDARJUNG, IN",28.584511,77.205783,214.88,13.787774874806525,9.427612184811604,1016.7103361915825,,74.88389555312921,,NOAA_ISD,FM-12,,,True,2026-09-16T17:56:30.997704+00:00,5.0,180.0,5.0,time
2024-01-03 12:00:00+00:00,42182099999.0,"SAFDARJUNG, IN",28.584511,77.205783,214.88,13.795191053153834,9.492953967065798,1016.6700867949826,,75.63645875854094,derived_from_temperature_and_dew_point,NOAA_ISD,FM-12,VALID,"{'TMP_QC': '1', 'DEW_QC': '1', 'SLP_QC': '1', 'RECORD_QC': 'V020'}",True,2026-09-16T17:56:30.997704+00:00,5.0,180.0,5.0,time
2024-01-03 12:05:00+00:00,42182099999.0,"SAFDARJUNG, IN",28.584511,77.205783,214.88,13.7397342762008,9.437490010086961,1016.7273293683011,,75.70807396096335,,NOAA_ISD,FM-12,,,True,2026-09-16T17:56:30.997704+00:00,5.0,180.0,5.0,time
2024-01-03 12:10:00+00:00,42182099999.0,"SAFDARJUNG, IN",28.584511,77.205783,214.88,13.452629774398071,9.43918235223227,1016.7313354889862,,75.86157092831982,,NOAA_ISD,FM-12,,,True,2026-09-16T17:56:30.997704+00:00,5.0,180.0,5.0,time
2024-01-03 12:15:00+00:00,42182099999.0,"SAFDARJUNG, IN",28.584511,77.205783,214.88,13.375168065504834,9.39272425084316,1016.7661505411431,,77.0711097770845,,NOAA_ISD,FM-12,,,True,2026-09-16T17:56:30.997704+00:00,5.0,180.0,5.0,time
2024-01-03 12:20:00+00:00,42182099999.0,"SAFDARJUNG, IN",28.584511,77.205783,214.88,13.28718901123857,9.338692350042686,1016.8209012933155,,77.2998118352959,,NOAA_ISD,FM-12,,,True,2026-09-16T17:56:30.997704+00:00,5.0,180.0,5.0,time
2024-01-03 12:25:00+00:00,42182099999.0,"SAFDARJUNG, IN",28.584511,77.205783,214.88,13.289725610002684,9.381942725139425,1016.8344401913677,,77.62016409490411,,NOAA_ISD,FM-12,,,True,2026-09-16T17:56:30.997704+00:00,5.0,180.0,5.0,time
2024-01-03 12:30:00+00:00,42182099999.0,"SAFDARJUNG, IN",28.584511,77.205783,214.88,13.114129349145966,9.305915432404559,1016.8613681904915,,78.0307164527836,,NOAA_ISD,FM-12,,,True,2026-09-16T17:56:30.997704+00:00,5.0,180.0,5.0,time
2024-01-03 12:35:00+00:00,42182099999.0,"SAFDARJUNG, IN",28.584511,77.205783,214.88,13.021699195356396,9.253358725052227,1016.8395759032321,,78.79230371929168,,NOAA_ISD,FM-12,,,True,2026-09-16T17:56:30.997704+00:00,5.0,180.0,5.0,time
2024-01-03 12:40:00+00:00,42182099999.0,"SAFDARJUNG, IN",28.584511,77.205783,214.88,12.809658620710355,9.273518991365702,1016.9367379033966,,78.93826998662144,,NOAA_ISD,FM-12,,,True,2026-09-16T17:56:30.997704+00:00,5.0,180.0,5.0,time
2024-01-03 12:45:00+00:00,42182099999.0,"SAFDARJUNG, IN",28.584511,77.205783,214.88,12.694023206236473,9.210427712749214,1016.9011623737812,,79.7471512849032,,NOAA_ISD,FM-12,,,True,2026-09-16T17:56:30.997704+00:00,5.0,180.0,5.0,time
2024-01-03 12:50:00+00:00,42182099999.0,"SAFDARJUNG, IN",28.584511,77.205783,214.88,12.655724019169469,9.216247765118258,1016.980571216286,,80.09677239047818,,NOAA_ISD,FM-12,,,True,2026-09-16T17:56:30.997704+00:00,5.0,180.0,5.0,time
2024-01-03 12:55:00+00:00,42182099999.0,"SAFDARJUNG, IN",28.584511,77.205783,214.88,12.51958038321344,9.149221002195329,1016.9954308773197,,80.50810305176415,,NOAA_ISD,FM-12,,,True,2026-09-16T17:56:30.997704+00:00,5.0,180.0,5.0,time
2024-01-03 13:00:00+00:00,42182099999.0,"SAFDARJUNG, IN",28.584511,77.205783,214.88,12.427436940943206,9.122515379528076,1017.0115466548357,,80.95910296106713,,NOAA_ISD,FM-12,,,True,2026-09-16T17:56:30.997704+00:00,5.0,180.0,5.0,time
2024-01-03 13:05:00+00:00,42182099999.0,"SAFDARJUNG, IN",28.584511,77.205783,214.88,12.273949783786911,9.109674411967319,1017.0079003043819,,81.3658397259905,,NOAA_ISD,FM-12,,,True,2026-09-16T17:56:30.997704+00:00,5.0,180.0,5.0,time
2024-01-03 13:10:00+00:00,42182099999.0,"SAFDARJUNG, IN",28.584511,77.205783,214.88,12.180573852989399,9.084086609836305,1017.0530317968964,,82.08079469070853,,NOAA_ISD,FM-12,,,True,2026-09-16T17:56:30.997704+00:00,5.0,180.0,5.0,time
2024-01-03 13:15:00+00:00,42182099999.0,"SAFDARJUNG, IN",28.584511,77.205783,214.88,12.057905954245257,9.057036341413479,1017.0655815717871,,82.16943143357963,,NOAA_ISD,FM-12,,,True,2026-09-16T17:56:30.997704+00:00,5.0,180.0,5.0,time
2024-01-03 13:20:00+00:00,42182099999.0,"SAFDARJUNG, IN",28.584511,77.205783,214.88,11.97222170278758,9.009316288336525,1017.1005807914302,,82.48894830796729,,NOAA_ISD,FM-12,,,True,2026-09-16T17:56:30.997704+00:00,5.0,180.0,5.0,time
2024-01-03 13:25:00+00:00,42182099999.0,"SAFDARJUNG, IN",28.584511,77.205783,214.88,11.85701708076389,8.991127889986648,1017.1200025548183,,83.40705469124516,,NOAA_ISD,FM-12,,,True,2026-09-16T17:56:30.997704+00:00,5.0,180.0,5.0,time
2024-01-03 13:30:00+00:00,42182099999.0,"SAFDARJUNG, IN",28.584511,77.205783,214.88,11.61900640028041,8.964912572138468,1017.1092277898687,,83.88124766561343,,NOAA_ISD,FM-12,,,True,2026-09-16T17:56:30.997704+00:00,5.0,180.0,5.0,time
2024-01-03 13:35:00+00:00,42182099999.0,"SAFDARJUNG, IN",28.584511,77.205783,214.88,11.47096990556629,8.923455827215781,1017.1974356830198,,84.32188156383569,,NOAA_ISD,FM-12,,,True,2026-09-16T17:56:30.997704+00:00,5.0,180.0,5.0,time
2024-01-03 13:40:00+00:00,42182099999.0,"SAFDARJUNG, IN",28.584511,77.205783,214.88,11.516753936549241,8.886035726623604,1017.1983778568691,,84.77821234059029,,NOAA_ISD,FM-12,,,True,2026-09-16T17:56:30.997704+00:00,5.0,180.0,5.0,time
2024-01-03 13:45:00+00:00,42182099999.0,"SAFDARJUNG, IN",28.584511,77.205783,214.88,11.409386254663097,8.829427434368712,1017.2153039920099,,85.1033919243325,,NOAA_ISD,FM-12,,,True,2026-09-16T17:56:30.997704+00:00,5.0,180.0,5.0,time
2024-01-03 13:50:00+00:00,42182099999.0,"SAFDARJUNG, IN",28.584511,77.205783,214.88,11.182302182357667,8.839761260913377,1017.2387934553434,,85.79582987421044,,NOAA_ISD,FM-12,,,True,2026-09-16T17:56:30.997704+00:00,5.0,180.0,5.0,time
2024-01-03 13:55:00+00:00,42182099999.0,"SAFDARJUNG, IN",28.584511,77.205783,214.88,11.023674896339386,8.798065696205045,1017.2821691915273,,86.10005504131576,,NOAA_ISD,FM-12,,,True,2026-09-16T17:56:30.997704+00:00,5.0,180.0,5.0,time
2024-01-03 14:00:00+00:00,42182099999.0,"SAFDARJUNG, IN",28.584511,77.205783,214.88,11.00495174105036,8.758394349619653,1017.2821248732341,,86.48257728783696,,NOAA_ISD,FM-12,,,True,2026-09-16T17:56:30.997704+00:00,5.0,180.0,5.0,time
2024-01-03 14:05:00+00:00,42182099999.0,"SAFDARJUNG, IN",28.584511,77.205783,214.88,10.929875244650859,8.761666438382944,1017.2798964888306,,86.98845507088227,,NOAA_ISD,FM-12,,,True,2026-09-16T17:56:30.997704+00:00,5.0,180.0,5.0,time
2024-01-03 14:10:00+00:00,42182099999.0,"SAFDARJUNG, IN",28.584511,77.205783,214.88,10.856546392788381,8.676998882897289,1017.3581425960642,,87.92579460642185,,NOAA_ISD,FM-12,,,True,2026-09-16T17:56:30.997704+00:00,5.0,180.0,5.0,time
2024-01-03 14:15:00+00:00,42182099999.0,"SAFDARJUNG, IN",28.584511,77.205783,214.88,10.675814878605072,8.707880726307298,1017.3853820599592,,87.64550478359092,,NOAA_ISD,FM-12,,,True,2026-09-16T17:56:30.997704+00:00,5.0,180.0,5.0,time
2024-01-03 14:20:00+00:00,42182099999.0,"SAFDARJUNG, IN",28.584511,77.205783,214.88,10.514747498504049,8.643998978871755,1017.3960073635064,,88.5632909541925,,NOAA_ISD,FM-12,,,True,2026-09-16T17:56:30.997704+00:00,5.0,180.0,5.0,time
2024-01-03 14:25:00+00:00,42182099999.0,"SAFDARJUNG, IN",28.584511,77.205783,214.88,10.372010135587423,8.620239252458948,1017.4020419424962,,88.59834458114193,,NOAA_ISD,FM-12,,,True,2026-09-16T17:56:30.997704+00:00,5.0,180.0,5.0,time
2024-01-03 14:30:00+00:00,42182099999.0,"SAFDARJUNG, IN",28.584511,77.205783,214.88,10.300572564583533,8.575432451042728,1017.4517787108178,,89.3833533323354,,NOAA_ISD,FM-12,,,True,2026-09-16T17:56:30.997704+00:00,5.0,180.0,5.0,time
2024-01-03 14:35:00+00:00,42182099999.0,"SAFDARJUNG, IN",28.584511,77.205783,214.88,10.168370098139071,8.51943631952731,1017.4457093526338,,89.78910783630249,,NOAA_ISD,FM-12,,,True,2026-09-16T17:56:30.997704+00:00,5.0,180.0,5.0,time
2024-01-03 14:40:00+00:00,42182099999.0,"SAFDARJUNG, IN",28.584511,77.205783,214.88,10.015913271380226,8.519430024252907,1017.4794553880663,,89.9296610073307,,NOAA_ISD,FM-12,,,True,2026-09-16T17:56:30.997704+00:00,5.0,180.0,5.0,time
2024-01-03 14:45:00+00:00,42182099999.0,"SAFDARJUNG, IN",28.584511,77.205783,214.88,10.052437782543164,8.498361564804522,1017.5099860412699,,90.89530751808677,,NOAA_ISD,FM-12,,,True,2026-09-16T17:56:30.997704+00:00,5.0,180.0,5.0,time
2024-01-03 14:50:00+00:00,42182099999.0,"SAFDARJUNG, IN",28.584511,77.205783,214.88,9.922591753436938,8.474635620039164,1017.5668787814179,,91.2123257208949,,NOAA_ISD,FM-12,,,True,2026-09-16T17:56:30.997704+00:00,5.0,180.0,5.0,time
2024-01-03 14:55:00+00:00,42182099999.0,"SAFDARJUNG, IN",28.584511,77.205783,214.88,9.773469100844439,8.426594891586777,1017.5677477809913,,91.33932539815443,,NOAA_ISD,FM-12,,,True,2026-09-16T17:56:30.997704+00:00,5.0,180.0,5.0,time
2024-01-03 15:00:00+00:00,42182099999.0,"SAFDARJUNG, IN",28.584511,77.205783,214.88,9.553957480109544,8.356149203175912,1017.5910426717645,,92.39791361815486,derived_from_temperature_and_dew_point,NOAA_ISD,FM-12,VALID,"{'TMP_QC': '1', 'DEW_QC': '1', 'SLP_QC': '1', 'RECORD_QC': 'V020'}",True,2026-09-16T17:56:30.997704+00:00,5.0,180.0,5.0,time
2024-01-03 15:05:00+00:00,42182099999.0,"SAFDARJUNG, IN",28.584511,77.205783,214.88,9.63719541065931,8.374722328663902,1017.6502049614193,,92.58700123559778,,NOAA_ISD,FM-12,,,True,2026-09-16T17:56:30.997704+00:00,5.0,180.0,5.0,time
2024-01-03 15:10:00+00:00,42182099999.0,"SAFDARJUNG, IN",28.584511,77.205783,214.88,9.620870209363783,8.452151503586377,1017.629271472166,,92.66802486845931,,NOAA_ISD,FM-12,,,True,2026-09-16T17:56:30.997704+00:00,5.0,180.0,5.0,time
2024-01-03 15:15:00+00:00,42182099999.0,"SAFDARJUNG, IN",28.584511,77.205783,214.88,9.605460614543535,8.394815946991226,1017.6401132235428,,92.5117912881303,,NOAA_ISD,FM-12,,,True,2026-09-16T17:56:30.997704+00:00,5.0,180.0,5.0,time
2024-01-03 15:20:00+00:00,42182099999.0,"SAFDARJUNG, IN",28.584511,77.205783,214.88,9.640261041129966,8.450763211387006,1017.6370504295403,,92.51921162771542,,NOAA_ISD,FM-12,,,True,2026-09-16T17:56:30.997704+00:00,5.0,180.0,5.0,time
2024-01-03 15:25:00+00:00,42182099999.0,"SAFDARJUNG, IN",28.584511,77.205783,214.88,9.603990779365287,8.409096043029425,1017.6436281222028,,92.84563132417915,,NOAA_ISD,FM-12,,,True,2026-09-16T17:56:30.997704+00:00,5.0,180.0,5.0,time
2024-01-03 15:30:00+00:00,42182099999.0,"SAFDARJUNG, IN",28.584511,77.205783,214.88,9.603667378481884,8.429684215138776,1017.6229385378664,,92.98647671706803,,NOAA_ISD,FM-12,,,True,2026-09-16T17:56:30.997704+00:00,5.0,180.0,5.0,time
2024-01-03 15:35:00+00:00,42182099999.0,"SAFDARJUNG, IN",28.584511,77.205783,214.88,9.59295642527972,8.451393054080889,1017.6971525884163,,92.94671374057512,,NOAA_ISD,FM-12,,,True,2026-09-16T17:56:30.997704+00:00,5.0,180.0,5.0,time
2024-01-03 15:40:00+00:00,42182099999.0,"SAFDARJUNG, IN",28.584511,77.205783,214.88,9.57259512595566,8.428040555512828,1017.697855083004,,92.60169247955405,,NOAA_ISD,FM-12,,,True,2026-09-16T17:56:30.997704+00:00,5.0,180.0,5.0,time
2024-01-03 15:45:00+00:00,42182099999.0,"SAFDARJUNG, IN",28.584511,77.205783,214.88,9.460819443514291,8.48184430271518,1017.6964166801358,,92.90026897064298,,NOAA_ISD,FM-12,,,True,2026-09-16T17:56:30.997704+00:00,5.0,180.0,5.0,time
2024-01-03 15:50:00+00:00,42182099999.0,"SAFDARJUNG, IN",28.584511,77.205783,214.88,9.548625498314973,8.457070122716924,1017.7083665770743,,93.01790322885829,,NOAA_ISD,FM-12,,,True,2026-09-16T17:56:30.997704+00:00,5.0,180.0,5.0,time
2024-01-03 15:55:00+00:00,42182099999.0,"SAFDARJUNG, IN",28.584511,77.205783,214.88,9.511079290946432,8.470328128037105,1017.7369451074675,,92.63807660621656,,NOAA_ISD,FM-12,,,True,2026-09-16T17:56:30.997704+00:00,5.0,180.0,5.0,time
2024-01-03 16:00:00+00:00,42182099999.0,"SAFDARJUNG, IN",28.584511,77.205783,214.88,9.469341285451332,8.461314526506284,1017.7022391318718,,93.16387213192417,,NOAA_ISD,FM-12,,,True,2026-09-16T17:56:30.997704+00:00,5.0,180.0,5.0,time
2024-01-03 16:05:00+00:00,42182099999.0,"SAFDARJUNG, IN",28.584511,77.205783,214.88,9.61186860874282,8.485396627962563,1017.7326468178134,,93.59459836519588,,NOAA_ISD,FM-12,,,True,2026-09-16T17:56:30.997704+00:00,5.0,180.0,5.0,time
2024-01-03 16:10:00+00:00,42182099999.0,"SAFDARJUNG, IN",28.584511,77.205783,214.88,9.608671989266508,8.509353632574776,1017.7328294982977,,93.33798723316016,,NOAA_ISD,FM-12,,,True,2026-09-16T17:56:30.997704+00:00,5.0,180.0,5.0,time
2024-01-03 16:15:00+00:00,42182099999.0,"SAFDARJUNG, IN",28.584511,77.205783,214.88,9.584627696681446,8.48070761458087,1017.8020968523164,,93.57468261628836,,NOAA_ISD,FM-12,,,True,2026-09-16T17:56:30.997704+00:00,5.0,180.0,5.0,time
2024-01-03 16:20:00+00:00,42182099999.0,"SAFDARJUNG, IN",28.584511,77.205783,214.88,9.523871781953904,8.523483144703874,1017.7952908884149,,93.38658294602575,,NOAA_ISD,FM-12,,,True,2026-09-16T17:56:30.997704+00:00,5.0,180.0,5.0,time
2024-01-03 16:25:00+00:00,42182099999.0,"SAFDARJUNG, IN",28.584511,77.205783,214.88,9.57308681160319,8.482212528276861,1017.7448350360662,,93.40535633520324,,NOAA_ISD,FM-12,,,True,2026-09-16T17:56:30.997704+00:00,5.0,180.0,5.0,time
2024-01-03 16:30:00+00:00,42182099999.0,"SAFDARJUNG, IN",28.584511,77.205783,214.88,9.500602659030092,8.515281920787034,1017.7697247674672,,93.56625427801619,,NOAA_ISD,FM-12,,,True,2026-09-16T17:56:30.997704+00:00,5.0,180.0,5.0,time
2024-01-03 16:35:00+00:00,42182099999.0,"SAFDARJUNG, IN",28.584511,77.205783,214.88,9.504584308289333,8.515337842280417,1017.808464197644,,93.39683467040311,,NOAA_ISD,FM-12,,,True,2026-09-16T17:56:30.997704+00:00,5.0,180.0,5.0,time
2024-01-03 16:40:00+00:00,42182099999.0,"SAFDARJUNG, IN",28.584511,77.205783,214.88,9.434215320365789,8.489739469657463,1017.8127734179808,,93.43724496255312,,NOAA_ISD,FM-12,,,True,2026-09-16T17:56:30.997704+00:00,5.0,180.0,5.0,time
2024-01-03 16:45:00+00:00,42182099999.0,"SAFDARJUNG, IN",28.584511,77.205783,214.88,9.503182898558276,8.520942860759412,1017.8068456891718,,93.95326091143387,,NOAA_ISD,FM-12,,,True,2026-09-16T17:56:30.997704+00:00,5.0,180.0,5.0,time
2024-01-03 16:50:00+00:00,42182099999.0,"SAFDARJUNG, IN",28.584511,77.205783,214.88,9.480797074198998,8.522369540979229,1017.8833396891974,,94.0444684685733,,NOAA_ISD,FM-12,,,True,2026-09-16T17:56:30.997704+00:00,5.0,180.0,5.0,time
2024-01-03 16:55:00+00:00,42182099999.0,"SAFDARJUNG, IN",28.584511,77.205783,214.88,9.407089616380498,8.51071393425224,1017.8618063538353,,93.64177873688253,,NOAA_ISD,FM-12,,,True,2026-09-16T17:56:30.997704+00:00,5.0,180.0,5.0,time
2024-01-03 17:00:00+00:00,42182099999.0,"SAFDARJUNG, IN",28.584511,77.205783,214.88,9.464106811075837,8.540493382017216,1017.8761629931239,,94.10359976091077,,NOAA_ISD,FM-12,,,True,2026-09-16T17:56:30.997704+00:00,5.0,180.0,5.0,time
2024-01-03 17:05:00+00:00,42182099999.0,"SAFDARJUNG, IN",28.584511,77.205783,214.88,9.457124632918271,8.541814679811058,1017.8639374787931,,93.9626080048788,,NOAA_ISD,FM-12,,,True,2026-09-16T17:56:30.997704+00:00,5.0,180.0,5.0,time
2024-01-03 17:10:00+00:00,42182099999.0,"SAFDARJUNG, IN",28.584511,77.205783,214.88,9.545433613887788,8.5429927054983,1017.9033343718324,,94.11796171489809,,NOAA_ISD,FM-12,,,True,2026-09-16T17:56:30.997704+00:00,5.0,180.0,5.0,time
2024-01-03 17:15:00+00:00,42182099999.0,"SAFDARJUNG, IN",28.584511,77.205783,214.88,9.49471066642567,8.548628450618827,1017.8923913447803,,94.21204372788702,,NOAA_ISD,FM-12,,,True,2026-09-16T17:56:30.997704+00:00,5.0,180.0,5.0,time
2024-01-03 17:20:00+00:00,42182099999.0,"SAFDARJUNG, IN",28.584511,77.205783,214.88,9.445016716399017,8.553755350377083,1017.905444247637,,94.38887009362486,,NOAA_ISD,FM-12,,,True,2026-09-16T17:56:30.997704+00:00,5.0,180.0,5.0,time
2024-01-03 17:25:00+00:00,42182099999.0,"SAFDARJUNG, IN",28.584511,77.205783,214.88,9.451328254378945,8.553757118686184,1017.9344422614187,,94.27654364037264,,NOAA_ISD,FM-12,,,True,2026-09-16T17:56:30.997704+00:00,5.0,180.0,5.0,time
2024-01-03 17:30:00+00:00,42182099999.0,"SAFDARJUNG, IN",28.584511,77.205783,214.88,9.435543952238543,8.569463348566966,1017.9007533820322,,94.61203239906038,,NOAA_ISD,FM-12,,,True,2026-09-16T17:56:30.997704+00:00,5.0,180.0,5.0,time
2024-01-03 17:35:00+00:00,42182099999.0,"SAFDARJUNG, IN",28.584511,77.205783,214.88,9.417632078538,8.559343937974948,1017.9763850016415,,94.46188256795199,,NOAA_ISD,FM-12,,,True,2026-09-16T17:56:30.997704+00:00,5.0,180.0,5.0,time
2024-01-03 17:40:00+00:00,42182099999.0,"SAFDARJUNG, IN",28.584511,77.205783,214.88,9.368100862352808,8.630913967607178,1017.95920333985,,94.5948368544939,,NOAA_ISD,FM-12,,,True,2026-09-16T17:56:30.997704+00:00,5.0,180.0,5.0,time
2024-01-03 17:45:00+00:00,42182099999.0,"SAFDARJUNG, IN",28.584511,77.205783,214.88,9.409114072786322,8.555146668424026,1017.9922855508423,,94.37334748169256,,NOAA_ISD,FM-12,,,True,2026-09-16T17:56:30.997704+00:00,5.0,180.0,5.0,time
2024-01-03 17:50:00+00:00,42182099999.0,"SAFDARJUNG, IN",28.584511,77.205783,214.88,9.373806198278485,8.5771941673442,1017.9562693826454,,95.04173180214097,,NOAA_ISD,FM-12,,,True,2026-09-16T17:56:30.997704+00:00,5.0,180.0,5.0,time
2024-01-03 17:55:00+00:00,42182099999.0,"SAFDARJUNG, IN",28.584511,77.205783,214.88,9.343039778609398,8.584329602352906,1017.9704255864084,,94.773964984641,,NOAA_ISD,FM-12,,,True,2026-09-16T17:56:30.997704+00:00,5.0,180.0,5.0,time
2024-01-03 18:00:00+00:00,42182099999.0,"SAFDARJUNG, IN",28.584511,77.205783,214.88,9.425561090727378,8.64080986828649,1017.976761995568,,94.89259948506901,derived_from_temperature_and_dew_point,NOAA_ISD,FM-12,VALID,"{'TMP_QC': '1', 'DEW_QC': '1', 'SLP_QC': '1', 'RECORD_QC': 'V020'}",True,2026-09-16T17:56:30.997704+00:00,5.0,180.0,5.0,time
2024-01-03 18:05:00+00:00,42182099999.0,"SAFDARJUNG, IN",28.584511,77.205783,214.88,9.425118788552217,8.579152862556006,1017.9994503978977,,94.42864061553547,,NOAA_ISD,FM-12,,,True,2026-09-16T17:56:30.997704+00:00,5.0,180.0,5.0,time
2024-01-03 18:10:00+00:00,42182099999.0,"SAFDARJUNG, IN",28.584511,77.205783,214.88,9.321775735542708,8.619629557070834,1017.9902085549273,,94.58601515093973,,NOAA_ISD,FM-12,,,True,2026-09-16T17:56:30.997704+00:00,5.0,180.0,5.0,time
2024-01-03 18:15:00+00:00,42182099999.0,"SAFDARJUNG, IN",28.584511,77.205783,214.88,9.41053243479191,8.621634547967599,1017.9740450969488,,94.99841007091707,,NOAA_ISD,FM-12,,,True,2026-09-16T17:56:30.997704+00:00,5.0,180.0,5.0,time
2024-01-03 18:20:00+00:00,42182099999.0,"SAFDARJUNG, IN",28.584511,77.205783,214.88,9.472007291517219,8.628894268315713,1017.9574963939201,,94.80848933476963,,NOAA_ISD,FM-12,,,True,2026-09-16T17:56:30.997704+00:00,5.0,180.0,5.0,time
2024-01-03 18:25:00+00:00,42182099999.0,"SAFDARJUNG, IN",28.584511,77.205783,214.88,9.480738964722594,8.652504641029998,1017.9468902968275,,94.3686329419231,,NOAA_ISD,FM-12,,,True,2026-09-16T17:56:30.997704+00:00,5.0,180.0,5.0,time
2024-01-03 18:30:00+00:00,42182099999.0,"SAFDARJUNG, IN",28.584511,77.205783,214.88,9.484625175477596,8.657649920528275,1017.9656969886573,,94.95932465246342,,NOAA_ISD,FM-12,,,True,2026-09-16T17:56:30.997704+00:00,5.0,180.0,5.0,time
2024-01-03 18:35:00+00:00,42182099999.0,"SAFDARJUNG, IN",28.584511,77.205783,214.88,9.440834549233964,8.629869752358488,1017.9517993755194,,94.6431878835739,,NOAA_ISD,FM-12,,,True,2026-09-16T17:56:30.997704+00:00,5.0,180.0,5.0,time
2024-01-03 18:40:00+00:00,42182099999.0,"SAFDARJUNG, IN",28.584511,77.205783,214.88,9.402192178045986,8.648324793434323,1017.9418434157084,,95.03448561939757,,NOAA_ISD,FM-12,,,True,2026-09-16T17:56:30.997704+00:00,5.0,180.0,5.0,time
2024-01-03 18:45:00+00:00,42182099999.0,"SAFDARJUNG, IN",28.584511,77.205783,214.88,9.395815058632095,8.612717959356958,1017.9809417897227,,94.73493286427926,,NOAA_ISD,FM-12,,,True,2026-09-16T17:56:30.997704+00:00,5.0,180.0,5.0,time
2024-01-03 18:50:00+00:00,42182099999.0,"SAFDARJUNG, IN",28.584511,77.205783,214.88,9.472785800793073,8.657537415725994,1017.9427979308806,,94.79371911498188,,NOAA_ISD,FM-12,,,True,2026-09-16T17:56:30.997704+00:00,5.0,180.0,5.0,time
2024-01-03 18:55:00+00:00,42182099999.0,"SAFDARJUNG, IN",28.584511,77.205783,214.88,9.48007511282937,8.645231322554473,1017.9642897475674,,94.98884647127389,,NOAA_ISD,FM-12,,,True,2026-09-16T17:56:30.997704+00:00,5.0,180.0,5.0,time
2024-01-03 19:00:00+00:00,42182099999.0,"SAFDARJUNG, IN",28.584511,77.205783,214.88,9.53103322224692,8.662939018147457,1017.9226682896797,,94.5738347391624,,NOAA_ISD,FM-12,,,True,2026-09-16T17:56:30.997704+00:00,5.0,180.0,5.0,time
2024-01-03 19:05:00+00:00,42182099999.0,"SAFDARJUNG, IN",28.584511,77.205783,214.88,9.527221204739325,8.638514784925889,1017.9326733034537,,94.55504174954433,,NOAA_ISD,FM-12,,,True,2026-09-16T17:56:30.997704+00:00,5.0,180.0,5.0,time
2024-01-03 19:10:00+00:00,42182099999.0,"SAFDARJUNG, IN",28.584511,77.205783,214.88,9.47116634495122,8.68587522351216,1017.9211127018971,,94.71458920480927,,NOAA_ISD,FM-12,,,True,2026-09-16T17:56:30.997704+00:00,5.0,180.0,5.0,time
2024-01-03 19:15:00+00:00,42182099999.0,"SAFDARJUNG, IN",28.584511,77.205783,214.88,9.421123039390292,8.649401959421821,1017.8827142204763,,94.91960122659091,,NOAA_ISD,FM-12,,,True,2026-09-16T17:56:30.997704+00:00,5.0,180.0,5.0,time
2024-01-03 19:20:00+00:00,42182099999.0,"SAFDARJUNG, IN",28.584511,77.205783,214.88,9.472933559038344,8.69185458102472,1017.9396778772364,,94.48826899392175,,NOAA_ISD,FM-12,,,True,2026-09-16T17:56:30.997704+00:00,5.0,180.0,5.0,time
2024-01-03 19:25:00+00:00,42182099999.0,"SAFDARJUNG, IN",28.584511,77.205783,214.88,9.50530600418497,8.669914332583994,1017.9028524834149,,94.4211153022444,,NOAA_ISD,FM-12,,,True,2026-09-16T17:56:30.997704+00:00,5.0,180.0,5.0,time
2024-01-03 19:30:00+00:00,42182099999.0,"SAFDARJUNG, IN",28.584511,77.205783,214.88,9.48989583773053,8.683007179297281,1017.9149283643926,,94.91974418540876,,NOAA_ISD,FM-12,,,True,2026-09-16T17:56:30.997704+00:00,5.0,180.0,5.0,time
2024-01-03 19:35:00+00:00,42182099999.0,"SAFDARJUNG, IN",28.584511,77.205783,214.88,9.476660850151674,8.72865019760646,1017.8794038699951,,94.63468211526438,,NOAA_ISD,FM-12,,,True,2026-09-16T17:56:30.997704+00:00,5.0,180.0,5.0,time
2024-01-03 19:40:00+00:00,42182099999.0,"SAFDARJUNG, IN",28.584511,77.205783,214.88,9.523755351859606,8.722869470029385,1017.8855920012574,,94.6771103529715,,NOAA_ISD,FM-12,,,True,2026-09-16T17:56:30.997704+00:00,5.0,180.0,5.0,time
2024-01-03 19:45:00+00:00,42182099999.0,"SAFDARJUNG, IN",28.584511,77.205783,214.88,9.491468779596135,8.739650729420077,1017.8659962861349,,94.3844712529453,,NOAA_ISD,FM-12,,,True,2026-09-16T17:56:30.997704+00:00,5.0,180.0,5.0,time
2024-01-03 19:50:00+00:00,42182099999.0,"SAFDARJUNG, IN",28.584511,77.205783,214.88,9.490818918035954,8.753416764872249,1017.902497747433,,94.62031524824071,,NOAA_ISD,FM-12,,,True,2026-09-16T17:56:30.997704+00:00,5.0,180.0,5.0,time
2024-01-03 19:55:00+00:00,42182099999.0,"SAFDARJUNG, IN",28.584511,77.205783,214.88,9.54335041949295,8.712321003634983,1017.8784504091711,,94.75487542956266,,NOAA_ISD,FM-12,,,True,2026-09-16T17:56:30.997704+00:00,5.0,180.0,5.0,time
2024-01-03 20:00:00+00:00,42182099999.0,"SAFDARJUNG, IN",28.584511,77.205783,214.88,9.513233704326874,8.763312766582152,1017.8740077372003,,94.94274223819126,,NOAA_ISD,FM-12,,,True,2026-09-16T17:56:30.997704+00:00,5.0,180.0,5.0,time
2024-01-03 20:05:00+00:00,42182099999.0,"SAFDARJUNG, IN",28.584511,77.205783,214.88,9.551094108337805,8.70957877576531,1017.8882747940531,,94.60269841119751,,NOAA_ISD,FM-12,,,True,2026-09-16T17:56:30.997704+00:00,5.0,180.0,5.0,time
2024-01-03 20:10:00+00:00,42182099999.0,"SAFDARJUNG, IN",28.584511,77.205783,214.88,9.55810464558705,8.759366451135344,1017.8786823814935,,95.08869744626872,,NOAA_ISD,FM-12,,,True,2026-09-16T17:56:30.997704+00:00,5.0,180.0,5.0,time
2024-01-03 20:15:00+00:00,42182099999.0,"SAFDARJUNG, IN",28.584511,77.205783,214.88,9.493028549945421,8.740133245708,1017.8653068507226,,94.62058879516405,,NOAA_ISD,FM-12,,,True,2026-09-16T17:56:30.997704+00:00,5.0,180.0,5.0,time
2024-01-03 20:20:00+00:00,42182099999.0,"SAFDARJUNG, IN",28.584511,77.205783,214.88,9.531493499362284,8.73694955270277,1017.8160098975037,,94.62115941746075,,NOAA_ISD,FM-12,,,True,2026-09-16T17:56:30.997704+00:00,5.0,180.0,5.0,time
2024-01-03 20:25:00+00:00,42182099999.0,"SAFDARJUNG, IN",28.584511,77.205783,214.88,9.632999958106932,8.7734005084572,1017.8249753064985,,95.06552706593511,,NOAA_ISD,FM-12,,,True,2026-09-16T17:56:30.997704+00:00,5.0,180.0,5.0,time
2024-01-03 20:30:00+00:00,42182099999.0,"SAFDARJUNG, IN",28.584511,77.205783,214.88,9.508562691029953,8.785565697170052,1017.813255570613,,94.80062536380612,,NOAA_ISD,FM-12,,,True,2026-09-16T17:56:30.997704+00:00,5.0,180.0,5.0,time
2024-01-03 20:35:00+00:00,42182099999.0,"SAFDARJUNG, IN",28.584511,77.205783,214.88,9.466389499773696,8.790527589955152,1017.8423284516502,,94.6482061653088,,NOAA_ISD,FM-12,,,True,2026-09-16T17:56:30.997704+00:00,5.0,180.0,5.0,time
2024-01-03 20:40:00+00:00,42182099999.0,"SAFDARJUNG, IN",28.584511,77.205783,214.88,9.484685520115653,8.782074975555675,1017.8256352610572,,94.72786226265278,,NOAA_ISD,FM-12,,,True,2026-09-16T17:56:30.997704+00:00,5.0,180.0,5.0,time
2024-01-03 20:45:00+00:00,42182099999.0,"SAFDARJUNG, IN",28.584511,77.205783,214.88,9.584788830662166,8.785972479359918,1017.788856417994,,95.02978138217509,,NOAA_ISD,FM-12,,,True,2026-09-16T17:56:30.997704+00:00,5.0,180.0,5.0,time
2024-01-03 20:50:00+00:00,42182099999.0,"SAFDARJUNG, IN",28.584511,77.205783,214.88,9.590434752790523,8.799426220602887,1017.8073362268508,,95.0526850083696,,NOAA_ISD,FM-12,,,True,2026-09-16T17:56:30.997704+00:00,5.0,180.0,5.0,time
2024-01-03 20:55:00+00:00,42182099999.0,"SAFDARJUNG, IN",28.584511,77.205783,214.88,9.588563901673188,8.800519725954787,1017.7756733088412,,94.59636358636817,,NOAA_ISD,FM-12,,,True,2026-09-16T17:56:30.997704+00:00,5.0,180.0,5.0,time
2024-01-03 21:00:00+00:00,42182099999.0,"SAFDARJUNG, IN",28.584511,77.205783,214.88,9.660709491446426,8.810827116791721,1017.7989368702385,,94.75151323798418,derived_from_temperature_and_dew_point,NOAA_ISD,FM-12,VALID,"{'TMP_QC': '1', 'DEW_QC': '1', 'SLP_QC': '1', 'RECORD_QC': 'V020'}",True,2026-09-16T17:56:30.997704+00:00,5.0,180.0,5.0,time
2024-01-03 21:05:00+00:00,42182099999.0,"SAFDARJUNG, IN",28.584511,77.205783,214.88,9.460802722789298,8.798524433666659,1017.7807814388091,,94.77775358775574,,NOAA_ISD,FM-12,,,True,2026-09-16T17:56:30.997704+00:00,5.0,180.0,5.0,time
2024-01-03 21:10:00+00:00,42182099999.0,"SAFDARJUNG, IN",28.584511,77.205783,214.88,9.60868558261043,8.805744565379017,1017.8383543276454,,94.56219642234113,,NOAA_ISD,FM-12,,,True,2026-09-16T17:56:30.997704+00:00,5.0,180.0,5.0,time
2024-01-03 21:15:00+00:00,42182099999.0,"SAFDARJUNG, IN",28.584511,77.205783,214.88,9.661405243423511,8.750789177202325,1017.8492259191872,,94.74802965613668,,NOAA_ISD,FM-12,,,True,2026-09-16T17:56:30.997704+00:00,5.0,180.0,5.0,time
2024-01-03 21:20:00+00:00,42182099999.0,"SAFDARJUNG, IN",28.584511,77.205783,214.88,9.521388739533192,8.77515230827605,1017.8937145254224,,94.75995346097923,,NOAA_ISD,FM-12,,,True,2026-09-16T17:56:30.997704+00:00,5.0,180.0,5.0,time
2024-01-03 21:25:00+00:00,42182099999.0,"SAFDARJUNG, IN",28.584511,77.205783,214.88,9.553231896632727,8.744545292345311,1017.8864019102343,,94.98665300689846,,NOAA_ISD,FM-12,,,True,2026-09-16T17:56:30.997704+00:00,5.0,180.0,5.0,time
2024-01-03 21:30:00+00:00,42182099999.0,"SAFDARJUNG, IN",28.584511,77.205783,214.88,9.529022070805235,8.772200707018765,1017.8748750482168,,94.99981833899558,,NOAA_ISD,FM-12,,,True,2026-09-16T17:56:30.997704+00:00,5.0,180.0,5.0,time
2024-01-03 21:35:00+00:00,42182099999.0,"SAFDARJUNG, IN",28.584511,77.205783,214.88,9.516393808807234,8.793949714628186,1017.9135836240877,,94.69221367588375,,NOAA_ISD,FM-12,,,True,2026-09-16T17:56:30.997704+00:00,5.0,180.0,5.0,time
2024-01-03 21:40:00+00:00,42182099999.0,"SAFDARJUNG, IN",28.584511,77.205783,214.88,9.539242455304404,8.746073859916617,1017.8831578334922,,94.71498714900561,,NOAA_ISD,FM-12,,,True,2026-09-16T17:56:30.997704+00:00,5.0,180.0,5.0,time
2024-01-03 21:45:00+00:00,42182099999.0,"SAFDARJUNG, IN",28.584511,77.205783,214.88,9.621374264184226,8.752545040605945,1017.9057505479263,,94.89035846041114,,NOAA_ISD,FM-12,,,True,2026-09-16T17:56:30.997704+00:00,5.0,180.0,5.0,time
2024-01-03 21:50:00+00:00,42182099999.0,"SAFDARJUNG, IN",28.584511,77.205783,214.88,9.63631377821882,8.759574178742879,1017.9455517395304,,94.64018453243682,,NOAA_ISD,FM-12,,,True,2026-09-16T17:56:30.997704+00:00,5.0,180.0,5.0,time
2024-01-03 21:55:00+00:00,42182099999.0,"SAFDARJUNG, IN",28.584511,77.205783,214.88,9.52209192763688,8.697534430253558,1017.9096127845228,,94.87467247479192,,NOAA_ISD,FM-12,,,True,2026-09-16T17:56:30.997704+00:00,5.0,180.0,5.0,time
2024-01-03 22:00:00+00:00,42182099999.0,"SAFDARJUNG, IN",28.584511,77.205783,214.88,9.628586344036556,8.72289112369045,1017.9659234509679,,94.73908536919284,,NOAA_ISD,FM-12,,,True,2026-09-16T17:56:30.997704+00:00,5.0,180.0,5.0,time
2024-01-03 22:05:00+00:00,42182099999.0,"SAFDARJUNG, IN",28.584511,77.205783,214.88,9.529556601627009,8.735068090963235,1017.9601502897132,,94.56250917334117,,NOAA_ISD,FM-12,,,True,2026-09-16T17:56:30.997704+00:00,5.0,180.0,5.0,time
2024-01-03 22:10:00+00:00,42182099999.0,"SAFDARJUNG, IN",28.584511,77.205783,214.88,9.609906773557276,8.664282327709078,1017.9964705855475,,94.56474376853518,,NOAA_ISD,FM-12,,,True,2026-09-16T17:56:30.997704+00:00,5.0,180.0,5.0,time
2024-01-03 22:15:00+00:00,42182099999.0,"SAFDARJUNG, IN",28.584511,77.205783,214.88,9.512001734183992,8.697130496805167,1017.9867786061724,,95.04524507253956,,NOAA_ISD,FM-12,,,True,2026-09-16T17:56:30.997704+00:00,5.0,180.0,5.0,time
2024-01-03 22:20:00+00:00,42182099999.0,"SAFDARJUNG, IN",28.584511,77.205783,214.88,9.517664002413419,8.733128270578739,1018.0307071849712,,94.7242712597269,,NOAA_ISD,FM-12,,,True,2026-09-16T17:56:30.997704+00:00,5.0,180.0,5.0,time
2024-01-03 22:25:00+00:00,42182099999.0,"SAFDARJUNG, IN",28.584511,77.205783,214.88,9.523829279187698,8.72561549356457,1018.0364976595844,,95.08334859655744,,NOAA_ISD,FM-12,,,True,2026-09-16T17:56:30.997704+00:00,5.0,180.0,5.0,time
2024-01-03 22:30:00+00:00,42182099999.0,"SAFDARJUNG, IN",28.584511,77.205783,214.88,9.658942683968377,8.707486364547401,1018.0780073183375,,94.65227274785701,,NOAA_ISD,FM-12,,,True,2026-09-16T17:56:30.997704+00:00,5.0,180.0,5.0,time
2024-01-03 22:35:00+00:00,42182099999.0,"SAFDARJUNG, IN",28.584511,77.205783,214.88,9.537008723186682,8.712088397243308,1018.0640235795709,,94.81296326244852,,NOAA_ISD,FM-12,,,True,2026-09-16T17:56:30.997704+00:00,5.0,180.0,5.0,time
2024-01-03 22:40:00+00:00,42182099999.0,"SAFDARJUNG, IN",28.584511,77.205783,214.88,9.453525662391316,8.693190973577318,1018.0624049216785,,95.23297978904809,,NOAA_ISD,FM-12,,,True,2026-09-16T17:56:30.997704+00:00,5.0,180.0,5.0,time
2024-01-03 22:45:00+00:00,42182099999.0,"SAFDARJUNG, IN",28.584511,77.205783,214.88,9.531783226847127,8.69444123148218,1018.0867289495501,,94.542689317734,,NOAA_ISD,FM-12,,,True,2026-09-16T17:56:30.997704+00:00,5.0,180.0,5.0,time
2024-01-03 22:50:00+00:00,42182099999.0,"SAFDARJUNG, IN",28.584511,77.205783,214.88,9.459686150923561,8.671464703600964,1018.0786708276152,,94.37432598890894,,NOAA_ISD,FM-12,,,True,2026-09-16T17:56:30.997704+00:00,5.0,180.0,5.0,time
2024-01-03 22:55:00+00:00,42182099999.0,"SAFDARJUNG, IN",28.584511,77.205783,214.88,9.44773471307716,8.674538475880665,1018.1275671895385,,95.01092913736856,,NOAA_ISD,FM-12,,,True,2026-09-16T17:56:30.997704+00:00,5.0,180.0,5.0,time
2024-01-03 23:00:00+00:00,42182099999.0,"SAFDARJUNG, IN",28.584511,77.205783,214.88,9.512096734661272,8.65401925893835,1018.1451303382596,,94.58797151225471,,NOAA_ISD,FM-12,,,True,2026-09-16T17:56:30.997704+00:00,5.0,180.0,5.0,time
2024-01-03 23:05:00+00:00,42182099999.0,"SAFDARJUNG, IN",28.584511,77.205783,214.88,9.46266539049967,8.686380777994758,1018.1966061429559,,94.74891428273432,,NOAA_ISD,FM-12,,,True,2026-09-16T17:56:30.997704+00:00,5.0,180.0,5.0,time
2024-01-03 23:10:00+00:00,42182099999.0,"SAFDARJUNG, IN",28.584511,77.205783,214.88,9.469484351281146,8.685986743745598,1018.148674391299,,94.63559413568747,,NOAA_ISD,FM-12,,,True,2026-09-16T17:56:30.997704+00:00,5.0,180.0,5.0,time
2024-01-03 23:15:00+00:00,42182099999.0,"SAFDARJUNG, IN",28.584511,77.205783,214.88,9.450699261093265,8.677598256013942,1018.1696441085264,,94.80613255619106,,NOAA_ISD,FM-12,,,True,2026-09-16T17:56:30.997704+00:00,5.0,180.0,5.0,time
2024-01-03 23:20:00+00:00,42182099999.0,"SAFDARJUNG, IN",28.584511,77.205783,214.88,9.461273600774716,8.636282269210886,1018.1773737184001,,94.56211498078508,,NOAA_ISD,FM-12,,,True,2026-09-16T17:56:30.997704+00:00,5.0,180.0,5.0,time
2024-01-03 23:25:00+00:00,42182099999.0,"SAFDARJUNG, IN",28.584511,77.205783,214.88,9.460137183760697,8.619813408101587,1018.2070200518004,,94.71595642686779,,NOAA_ISD,FM-12,,,True,2026-09-16T17:56:30.997704+00:00,5.0,180.0,5.0,time
2024-01-03 23:30:00+00:00,42182099999.0,"SAFDARJUNG, IN",28.584511,77.205783,214.88,9.336484986698062,8.658872806548336,1018.2243004773562,,94.84162973197797,,NOAA_ISD,FM-12,,,True,2026-09-16T17:56:30.997704+00:00,5.0,180.0,5.0,time
2024-01-03 23:35:00+00:00,42182099999.0,"SAFDARJUNG, IN",28.584511,77.205783,214.88,9.461106411208254,8.638655921829606,1018.2294880586669,,94.54972711163403,,NOAA_ISD,FM-12,,,True,2026-09-16T17:56:30.997704+00:00,5.0,180.0,5.0,time
2024-01-03 23:40:00+00:00,42182099999.0,"SAFDARJUNG, IN",28.584511,77.205783,214.88,9.373121251230707,8.628793909052694,1018.2661709627819,,94.61109430518194,,NOAA_ISD,FM-12,,,True,2026-09-16T17:56:30.997704+00:00,5.0,180.0,5.0,time
2024-01-03 23:45:00+00:00,42182099999.0,"SAFDARJUNG, IN",28.584511,77.205783,214.88,9.344551709888698,8.603994024967765,1018.2459937432583,,94.68135676661363,,NOAA_ISD,FM-12,,,True,2026-09-16T17:56:30.997704+00:00,5.0,180.0,5.0,time
2024-01-03 23:50:00+00:00,42182099999.0,"SAFDARJUNG, IN",28.584511,77.205783,214.88,9.408190548918178,8.619624387363846,1018.29194570318,,94.4647924687103,,NOAA_ISD,FM-12,,,True,2026-09-16T17:56:30.997704+00:00,5.0,180.0,5.0,time
2024-01-03 23:55:00+00:00,42182099999.0,"SAFDARJUNG, IN",28.584511,77.205783,214.88,9.409754605721277,8.583849994362318,1018.2968810681839,,94.66576558121804,,NOAA_ISD,FM-12,,,True,2026-09-16T17:56:30.997704+00:00,5.0,180.0,5.0,time
2024-01-04 00:00:00+00:00,42182099999.0,"SAFDARJUNG, IN",28.584511,77.205783,214.88,9.365324691771386,8.61268124712158,1018.2997594016019,,94.77375930798058,derived_from_temperature_and_dew_point,NOAA_ISD,FM-12,VALID,"{'TMP_QC': '1', 'DEW_QC': '1', 'SLP_QC': '1', 'RECORD_QC': 'V020'}",True,2026-09-16T17:56:30.997704+00:00,5.0,180.0,5.0,time
2024-01-04 00:05:00+00:00,42182099999.0,"SAFDARJUNG, IN",28.584511,77.205783,214.88,9.458218259550067,8.62202217843657,1018.354812378296,,94.53231243390454,,NOAA_ISD,FM-12,,,True,2026-09-16T17:56:30.997704+00:00,5.0,180.0,5.0,time
2024-01-04 00:10:00+00:00,42182099999.0,"SAFDARJUNG, IN",28.584511,77.205783,214.88,9.366224575014789,8.621509799767047,1018.4707555773969,,94.4201691458581,,NOAA_ISD,FM-12,,,True,2026-09-16T17:56:30.997704+00:00,5.0,180.0,5.0,time
2024-01-04 00:15:00+00:00,42182099999.0,"SAFDARJUNG, IN",28.584511,77.205783,214.88,9.429652812561374,8.597503814415528,1018.4669931603185,,94.33268633248535,,NOAA_ISD,FM-12,,,True,2026-09-16T17:56:30.997704+00:00,5.0,180.0,5.0,time
2024-01-04 00:20:00+00:00,42182099999.0,"SAFDARJUNG, IN",28.584511,77.205783,214.88,9.437422959920017,8.550137346785355,1018.5504031079837,,94.06774019640243,,NOAA_ISD,FM-12,,,True,2026-09-16T17:56:30.997704+00:00,5.0,180.0,5.0,time
2024-01-04 00:25:00+00:00,42182099999.0,"SAFDARJUNG, IN",28.584511,77.205783,214.88,9.481003969816367,8.576168824841144,1018.5905511741506,,94.19932362428449,,NOAA_ISD,FM-12,,,True,2026-09-16T17:56:30.997704+00:00,5.0,180.0,5.0,time
2024-01-04 00:30:00+00:00,42182099999.0,"SAFDARJUNG, IN",28.584511,77.205783,214.88,9.513943214232363,8.60946030154782,1018.702379081639,,94.2105289582937,,NOAA_ISD,FM-12,,,True,2026-09-16T17:56:30.997704+00:00,5.0,180.0,5.0,time
2024-01-04 00:35:00+00:00,42182099999.0,"SAFDARJUNG, IN",28.584511,77.205783,214.88,9.46627201918549,8.543738879302264,1018.7455143043537,,93.69267947711647,,NOAA_ISD,FM-12,,,True,2026-09-16T17:56:30.997704+00:00,5.0,180.0,5.0,time
2024-01-04 00:40:00+00:00,42182099999.0,"SAFDARJUNG, IN",28.584511,77.205783,214.88,9.569547467206144,8.554371924097351,1018.775321891312,,93.74481742407332,,NOAA_ISD,FM-12,,,True,2026-09-16T17:56:30.997704+00:00,5.0,180.0,5.0,time
2024-01-04 00:45:00+00:00,42182099999.0,"SAFDARJUNG, IN",28.584511,77.205783,214.88,9.553150118416736,8.57827048703602,1018.8602518998686,,93.46207656891308,,NOAA_ISD,FM-12,,,True,2026-09-16T17:56:30.997704+00:00,5.0,180.0,5.0,time
2024-01-04 00:50:00+00:00,42182099999.0,"SAFDARJUNG, IN",28.584511,77.205783,214.88,9.472069354001071,8.556787122885916,1018.9162650255365,,93.44531969122993,,NOAA_ISD,FM-12,,,True,2026-09-16T17:56:30.997704+00:00,5.0,180.0,5.0,time
2024-01-04 00:55:00+00:00,42182099999.0,"SAFDARJUNG, IN",28.584511,77.205783,214.88,9.485403761313483,8.58849201537859,1018.9618897269827,,93.5476003506851,,NOAA_ISD,FM-12,,,True,2026-09-16T17:56:30.997704+00:00,5.0,180.0,5.0,time
2024-01-04 01:00:00+00:00,42182099999.0,"SAFDARJUNG, IN",28.584511,77.205783,214.88,9.599384035353534,8.518675945668761,1019.0484966176779,,93.19839857527029,,NOAA_ISD,FM-12,,,True,2026-09-16T17:56:30.997704+00:00,5.0,180.0,5.0,time
2024-01-04 01:05:00+00:00,42182099999.0,"SAFDARJUNG, IN",28.584511,77.205783,214.88,9.60561830077735,8.507982662062963,1019.1022305522665,,92.60420598112695,,NOAA_ISD,FM-12,,,True,2026-09-16T17:56:30.997704+00:00,5.0,180.0,5.0,time
2024-01-04 01:10:00+00:00,42182099999.0,"SAFDARJUNG, IN",28.584511,77.205783,214.88,9.628162327654602,8.546704730938925,1019.1598695298333,,92.9119102374005,,NOAA_ISD,FM-12,,,True,2026-09-16T17:56:30.997704+00:00,5.0,180.0,5.0,time
2024-01-04 01:15:00+00:00,42182099999.0,"SAFDARJUNG, IN",28.584511,77.205783,214.88,9.64860087717349,8.492749094101235,1019.2158282724419,,92.92990608199514,,NOAA_ISD,FM-12,,,True,2026-09-16T17:56:30.997704+00:00,5.0,180.0,5.0,time
2024-01-04 01:20:00+00:00,42182099999.0,"SAFDARJUNG, IN",28.584511,77.205783,214.88,9.677944658642176,8.50717575133476,1019.2863988676297,,92.50123632155594,,NOAA_ISD,FM-12,,,True,2026-09-16T17:56:30.997704+00:00,5.0,180.0,5.0,time
2024-01-04 01:25:00+00:00,42182099999.0,"SAFDARJUNG, IN",28.584511,77.205783,214.88,9.730715813825748,8.504242624658366,1019.3434766421187,,92.60690473900135,,NOAA_ISD,FM-12,,,True,2026-09-16T17:56:30.997704+00:00,5.0,180.0,5.0,time
2024-01-04 01:30:00+00:00,42182099999.0,"SAFDARJUNG, IN",28.584511,77.205783,214.88,9.64444475495412,8.520719789467718,1019.4011818666605,,92.13197689176963,,NOAA_ISD,FM-12,,,True,2026-09-16T17:56:30.997704+00:00,5.0,180.0,5.0,time
2024-01-04 01:35:00+00:00,42182099999.0,"SAFDARJUNG, IN",28.584511,77.205783,214.88,9.658068087021627,8.506729803804948,1019.4482907927913,,91.83511439031777,,NOAA_ISD,FM-12,,,True,2026-09-16T17:56:30.997704+00:00,5.0,180.0,5.0,time
2024-01-04 01:40:00+00:00,42182099999.0,"SAFDARJUNG, IN",28.584511,77.205783,214.88,9.678667140438964,8.498030187172427,1019.5560975470374,,92.02267824821098,,NOAA_ISD,FM-12,,,True,2026-09-16T17:56:30.997704+00:00,5.0,180.0,5.0,time
2024-01-04 01:45:00+00:00,42182099999.0,"SAFDARJUNG, IN",28.584511,77.205783,214.88,9.764445833358435,8.4752847157753,1019.5623249344662,,91.5053713225174,,NOAA_ISD,FM-12,,,True,2026-09-16T17:56:30.997704+00:00,5.0,180.0,5.0,time
2024-01-04 01:50:00+00:00,42182099999.0,"SAFDARJUNG, IN",28.584511,77.205783,214.88,9.82891403559899,8.502077858159417,1019.652997168822,,91.67093468631018,,NOAA_ISD,FM-12,,,True,2026-09-16T17:56:30.997704+00:00,5.0,180.0,5.0,time
2024-01-04 01:55:00+00:00,42182099999.0,"SAFDARJUNG, IN",28.584511,77.205783,214.88,9.761766361421358,8.552738703076766,1019.6991507407095,,91.83847956364022,,NOAA_ISD,FM-12,,,True,2026-09-16T17:56:30.997704+00:00,5.0,180.0,5.0,time
2024-01-04 02:00:00+00:00,42182099999.0,"SAFDARJUNG, IN",28.584511,77.205783,214.88,9.674915007792018,8.480492308645125,1019.8018576120556,,91.06138075218409,,NOAA_ISD,FM-12,,,True,2026-09-16T17:56:30.997704+00:00,5.0,180.0,5.0,time
2024-01-04 02:05:00+00:00,42182099999.0,"SAFDARJUNG, IN",28.584511,77.205783,214.88,9.731467023536148,8.46310455526205,1019.8097081270333,,91.04965619637278,,NOAA_ISD,FM-12,,,True,2026-09-16T17:56:30.997704+00:00,5.0,180.0,5.0,time
2024-01-04 02:10:00+00:00,42182099999.0,"SAFDARJUNG, IN",28.584511,77.205783,214.88,9.791681497193533,8.429598296135712,1019.8741836236537,,90.96137132874547,,NOAA_ISD,FM-12,,,True,2026-09-16T17:56:30.997704+00:00,5.0,180.0,5.0,time
2024-01-04 02:15:00+00:00,42182099999.0,"SAFDARJUNG, IN",28.584511,77.205783,214.88,9.822113555625238,8.437250371013656,1019.9306036387349,,91.01733602805781,,NOAA_ISD,FM-12,,,True,2026-09-16T17:56:30.997704+00:00,5.0,180.0,5.0,time
2024-01-04 02:20:00+00:00,42182099999.0,"SAFDARJUNG, IN",28.584511,77.205783,214.88,9.846247235303931,8.440170239765498,1020.0175804121301,,90.81907886509299,,NOAA_ISD,FM-12,,,True,2026-09-16T17:56:30.997704+00:00,5.0,180.0,5.0,time
2024-01-04 02:25:00+00:00,42182099999.0,"SAFDARJUNG, IN",28.584511,77.205783,214.88,9.885262389482378,8.428196884083548,1020.0447612090309,,91.03427172078366,,NOAA_ISD,FM-12,,,True,2026-09-16T17:56:30.997704+00:00,5.0,180.0,5.0,time
2024-01-04 02:30:00+00:00,42182099999.0,"SAFDARJUNG, IN",28.584511,77.205783,214.88,9.884412683458878,8.433011776642797,1020.1237627634382,,90.80753633248501,,NOAA_ISD,FM-12,,,True,2026-09-16T17:56:30.997704+00:00,5.0,180.0,5.0,time
2024-01-04 02:35:00+00:00,42182099999.0,"SAFDARJUNG, IN",28.584511,77.205783,214.88,9.969133647193836,8.463338099313923,1020.1513971279874,,90.57794347810261,,NOAA_ISD,FM-12,,,True,2026-09-16T17:56:30.997704+00:00,5.0,180.0,5.0,time
2024-01-04 02:40:00+00:00,42182099999.0,"SAFDARJUNG, IN",28.584511,77.205783,214.88,9.899532468049266,8.447165560569607,1020.2603639826382,,90.3702371739799,,NOAA_ISD,FM-12,,,True,2026-09-16T17:56:30.997704+00:00,5.0,180.0,5.0,time
2024-01-04 02:45:00+00:00,42182099999.0,"SAFDARJUNG, IN",28.584511,77.205783,214.88,9.906884102026222,8.413490012337302,1020.3066623694915,,90.2819792887303,,NOAA_ISD,FM-12,,,True,2026-09-16T17:56:30.997704+00:00,5.0,180.0,5.0,time
2024-01-04 02:50:00+00:00,42182099999.0,"SAFDARJUNG, IN",28.584511,77.205783,214.88,9.99061044359269,8.386945512217794,1020.3480166428991,,89.8931590844929,,NOAA_ISD,FM-12,,,True,2026-09-16T17:56:30.997704+00:00,5.0,180.0,5.0,time
2024-01-04 02:55:00+00:00,42182099999.0,"SAFDARJUNG, IN",28.584511,77.205783,214.88,9.906551229837026,8.432302908413604,1020.4606010769484,,90.0992198484891,,NOAA_ISD,FM-12,,,True,2026-09-16T17:56:30.997704+00:00,5.0,180.0,5.0,time
2024-01-04 03:00:00+00:00,42182099999.0,"SAFDARJUNG, IN",28.584511,77.205783,214.88,10.019484585266,8.399018914530773,1020.4738466620323,,89.56759114912816,derived_from_temperature_and_dew_point,NOAA_ISD,FM-12,VALID,"{'TMP_QC': '1', 'DEW_QC': '1', 'SLP_QC': '1', 'RECORD_QC': 'V020'}",True,2026-09-16T17:56:30.997704+00:00,5.0,180.0,5.0,time
2024-01-04 03:05:00+00:00,42182099999.0,"SAFDARJUNG, IN",28.584511,77.205783,214.88,10.060683214741868,8.387692213710176,1020.5159388738006,,89.76818650989156,,NOAA_ISD,FM-12,,,True,2026-09-16T17:56:30.997704+00:00,5.0,180.0,5.0,time
2024-01-04 03:10:00+00:00,42182099999.0,"SAFDARJUNG, IN",28.584511,77.205783,214.88,10.103738986615202,8.458693046814306,1020.4859791835203,,89.649450722646,,NOAA_ISD,FM-12,,,True,2026-09-16T17:56:30.997704+00:00,5.0,180.0,5.0,time
2024-01-04 03:15:00+00:00,42182099999.0,"SAFDARJUNG, IN",28.584511,77.205783,214.88,10.24608047202413,8.487180400351336,1020.5320314275579,,89.26550625375096,,NOAA_ISD,FM-12,,,True,2026-09-16T17:56:30.997704+00:00,5.0,180.0,5.0,time
2024-01-04 03:20:00+00:00,42182099999.0,"SAFDARJUNG, IN",28.584511,77.205783,214.88,10.191111849957485,8.440370720790195,1020.5149910107785,,88.99920183265205,,NOAA_ISD,FM-12,,,True,2026-09-16T17:56:30.997704+00:00,5.0,180.0,5.0,time
2024-01-04 03:25:00+00:00,42182099999.0,"SAFDARJUNG, IN",28.584511,77.205783,214.88,10.380792686303982,8.494620018268453,1020.4798390425825,,88.9256175372175,,NOAA_ISD,FM-12,,,True,2026-09-16T17:56:30.997704+00:00,5.0,180.0,5.0,time
2024-01-04 03:30:00+00:00,42182099999.0,"SAFDARJUNG, IN",28.584511,77.205783,214.88,10.322061760871929,8.53112425310718,1020.4816583489558,,88.08436299264653,,NOAA_ISD,FM-12,,,True,2026-09-16T17:56:30.997704+00:00,5.0,180.0,5.0,time
2024-01-04 03:35:00+00:00,42182099999.0,"SAFDARJUNG, IN",28.584511,77.205783,214.88,10.325038066640378,8.570245773781728,1020.5121105041045,,88.52822942147488,,NOAA_ISD,FM-12,,,True,2026-09-16T17:56:30.997704+00:00,5.0,180.0,5.0,time
2024-01-04 03:40:00+00:00,42182099999.0,"SAFDARJUNG, IN",28.584511,77.205783,214.88,10.447940423494186,8.567462846085293,1020.4947524373858,,88.25621808932092,,NOAA_ISD,FM-12,,,True,2026-09-16T17:56:30.997704+00:00,5.0,180.0,5.0,time
2024-01-04 03:45:00+00:00,42182099999.0,"SAFDARJUNG, IN",28.584511,77.205783,214.88,10.446187739984062,8.583357161960521,1020.4966131498596,,88.0798743773886,,NOAA_ISD,FM-12,,,True,2026-09-16T17:56:30.997704+00:00,5.0,180.0,5.0,time
2024-01-04 03:50:00+00:00,42182099999.0,"SAFDARJUNG, IN",28.584511,77.205783,214.88,10.517967763164881,8.636765607215828,1020.5254447772354,,88.04241761369069,,NOAA_ISD,FM-12,,,True,2026-09-16T17:56:30.997704+00:00,5.0,180.0,5.0,time
2024-01-04 03:55:00+00:00,42182099999.0,"SAFDARJUNG, IN",28.584511,77.205783,214.88,10.630962776111886,8.635077996978161,1020.4850262225326,,87.69726843790927,,NOAA_ISD,FM-12,,,True,2026-09-16T17:56:30.997704+00:00,5.0,180.0,5.0,time
2024-01-04 04:00:00+00:00,42182099999.0,"SAFDARJUNG, IN",28.584511,77.205783,214.88,10.694445771099172,8.67750775967764,1020.5018258754435,,87.2952919620031,,NOAA_ISD,FM-12,,,True,2026-09-16T17:56:30.997704+00:00,5.0,180.0,5.0,time
2024-01-04 04:05:00+00:00,42182099999.0,"SAFDARJUNG, IN",28.584511,77.205783,214.88,10.691113837209508,8.666658575789397,1020.519092555873,,87.30616391027937,,NOAA_ISD,FM-12,,,True,2026-09-16T17:56:30.997704+00:00,5.0,180.0,5.0,time
2024-01-04 04:10:00+00:00,42182099999.0,"SAFDARJUNG, IN",28.584511,77.205783,214.88,10.827148035030099,8.684064450726382,1020.5161823497677,,87.15906665237172,,NOAA_ISD,FM-12,,,True,2026-09-16T17:56:30.997704+00:00,5.0,180.0,5.0,time
2024-01-04 04:15:00+00:00,42182099999.0,"SAFDARJUNG, IN",28.584511,77.205783,214.88,10.89120872123439,8.74843871648474,1020.4968077466496,,86.97965344898287,,NOAA_ISD,FM-12,,,True,2026-09-16T17:56:30.997704+00:00,5.0,180.0,5.0,time
2024-01-04 04:20:00+00:00,42182099999.0,"SAFDARJUNG, IN",28.584511,77.205783,214.88,10.960703976717054,8.7606059537619,1020.4942218823829,,86.80016165123479,,NOAA_ISD,FM-12,,,True,2026-09-16T17:56:30.997704+00:00,5.0,180.0,5.0,time
2024-01-04 04:25:00+00:00,42182099999.0,"SAFDARJUNG, IN",28.584511,77.205783,214.88,10.97091511480073,8.796226892442503,1020.4652236907496,,86.78676269787259,,NOAA_ISD,FM-12,,,True,2026-09-16T17:56:30.997704+00:00,5.0,180.0,5.0,time
2024-01-04 04:30:00+00:00,42182099999.0,"SAFDARJUNG, IN",28.584511,77.205783,214.88,11.068171435604285,8.789348139981572,1020.4788751001468,,86.17279308939317,,NOAA_ISD,FM-12,,,True,2026-09-16T17:56:30.997704+00:00,5.0,180.0,5.0,time
2024-01-04 04:35:00+00:00,42182099999.0,"SAFDARJUNG, IN",28.584511,77.205783,214.88,10.961515634156852,8.806320116172628,1020.5063671845315,,86.23625120234409,,NOAA_ISD,FM-12,,,True,2026-09-16T17:56:30.997704+00:00,5.0,180.0,5.0,time
2024-01-04 04:40:00+00:00,42182099999.0,"SAFDARJUNG, IN",28.584511,77.205783,214.88,11.095215783679688,8.871658822195263,1020.4972423562211,,86.27020816194587,,NOAA_ISD,FM-12,,,True,2026-09-16T17:56:30.997704+00:00,5.0,180.0,5.0,time
2024-01-04 04:45:00+00:00,42182099999.0,"SAFDARJUNG, IN",28.584511,77.205783,214.88,11.123316403850495,8.836207491386778,1020.5014985415713,,85.4764110339459,,NOAA_ISD,FM-12,,,True,2026-09-16T17:56:30.997704+00:00,5.0,180.0,5.0,time
2024-01-04 04:50:00+00:00,42182099999.0,"SAFDARJUNG, IN",28.584511,77.205783,214.88,11.228183515278591,8.913918103072502,1020.5207850721927,,85.67037378060046,,NOAA_ISD,FM-12,,,True,2026-09-16T17:56:30.997704+00:00,5.0,180.0,5.0,time
2024-01-04 04:55:00+00:00,42182099999.0,"SAFDARJUNG, IN",28.584511,77.205783,214.88,11.249205316817942,8.93752120526076,1020.4762535378187,,85.32847985516095,,NOAA_ISD,FM-12,,,True,2026-09-16T17:56:30.997704+00:00,5.0,180.0,5.0,time
2024-01-04 05:00:00+00:00,42182099999.0,"SAFDARJUNG, IN",28.584511,77.205783,214.88,11.325025441235848,8.950535123618655,1020.4952763939554,,85.18252458977204,,NOAA_ISD,FM-12,,,True,2026-09-16T17:56:30.997704+00:00,5.0,180.0,5.0,time
2024-01-04 05:05:00+00:00,42182099999.0,"SAFDARJUNG, IN",28.584511,77.205783,214.88,11.482997632899092,8.941799405215347,1020.5037742192683,,84.8868162771349,,NOAA_ISD,FM-12,,,True,2026-09-16T17:56:30.997704+00:00,5.0,180.0,5.0,time
2024-01-04 05:10:00+00:00,42182099999.0,"SAFDARJUNG, IN",28.584511,77.205783,214.88,11.435958454623426,8.96144730104327,1020.4859168012485,,84.8449787457488,,NOAA_ISD,FM-12,,,True,2026-09-16T17:56:30.997704+00:00,5.0,180.0,5.0,time
2024-01-04 05:15:00+00:00,42182099999.0,"SAFDARJUNG, IN",28.584511,77.205783,214.88,11.52068961585951,8.995798884540037,1020.5286295422785,,85.05825112288538,,NOAA_ISD,FM-12,,,True,2026-09-16T17:56:30.997704+00:00,5.0,180.0,5.0,time
2024-01-04 05:20:00+00:00,42182099999.0,"SAFDARJUNG, IN",28.584511,77.205783,214.88,11.543942089059344,8.996321428685594,1020.5181717360323,,84.24822503887567,,NOAA_ISD,FM-12,,,True,2026-09-16T17:56:30.997704+00:00,5.0,180.0,5.0,time
2024-01-04 05:25:00+00:00,42182099999.0,"SAFDARJUNG, IN",28.584511,77.205783,214.88,11.614896775508953,9.025210564469372,1020.5058026665417,,84.07830022172645,,NOAA_ISD,FM-12,,,True,2026-09-16T17:56:30.997704+00:00,5.0,180.0,5.0,time
2024-01-04 05:30:00+00:00,42182099999.0,"SAFDARJUNG, IN",28.584511,77.205783,214.88,11.66696750068847,9.079561352496848,1020.5358846355866,,83.86294641930063,,NOAA_ISD,FM-12,,,True,2026-09-16T17:56:30.997704+00:00,5.0,180.0,5.0,time
2024-01-04 05:35:00+00:00,42182099999.0,"SAFDARJUNG, IN",28.584511,77.205783,214.88,11.744638425520879,9.101875871173371,1020.4700220944078,,84.27992810177005,,NOAA_ISD,FM-12,,,True,2026-09-16T17:56:30.997704+00:00,5.0,180.0,5.0,time
2024-01-04 05:40:00+00:00,42182099999.0,"SAFDARJUNG, IN",28.584511,77.205783,214.88,11.836043154555137,9.090119614580411,1020.4998454743779,,83.6530876144513,,NOAA_ISD,FM-12,,,True,2026-09-16T17:56:30.997704+00:00,5.0,180.0,5.0,time
2024-01-04 05:45:00+00:00,42182099999.0,"SAFDARJUNG, IN",28.584511,77.205783,214.88,11.9157030332135,9.146855772039334,1020.5073267393786,,83.55153885459713,,NOAA_ISD,FM-12,,,True,2026-09-16T17:56:30.997704+00:00,5.0,180.0,5.0,time
2024-01-04 05:50:00+00:00,42182099999.0,"SAFDARJUNG, IN",28.584511,77.205783,214.88,11.904369892984347,9.16464162167035,1020.4817088990641,,83.28722118955653,,NOAA_ISD,FM-12,,,True,2026-09-16T17:56:30.997704+00:00,5.0,180.0,5.0,time
2024-01-04 05:55:00+00:00,42182099999.0,"SAFDARJUNG, IN",28.584511,77.205783,214.88,11.973921788746225,9.207975502869319,1020.5060142908363,,82.99000431320826,,NOAA_ISD,FM-12,,,True,2026-09-16T17:56:30.997704+00:00,5.0,180.0,5.0,time
2024-01-04 06:00:00+00:00,42182099999.0,"SAFDARJUNG, IN",28.584511,77.205783,214.88,11.942456774540721,9.21138272883735,1020.4778683501243,,82.9429698706771,derived_from_temperature_and_dew_point,NOAA_ISD,FM-12,VALID,"{'TMP_QC': '1', 'DEW_QC': '1', 'SLP_QC': '1', 'RECORD_QC': 'V020'}",True,2026-09-16T17:56:30.997704+00:00,5.0,180.0,5.0,time
2024-01-04 06:05:00+00:00,42182099999.0,"SAFDARJUNG, IN",28.584511,77.205783,214.88,11.984495051768107,9.221171621074687,1020.4925148500691,,83.54516723966583,,NOAA_ISD,FM-12,,,True,2026-09-16T17:56:30.997704+00:00,5.0,180.0,5.0,time
2024-01-04 06:10:00+00:00,42182099999.0,"SAFDARJUNG, IN",28.584511,77.205783,214.88,12.024792251021957,9.209541551818603,1020.4785641027701,,83.39545122123188,,NOAA_ISD,FM-12,,,True,2026-09-16T17:56:30.997704+00:00,5.0,180.0,5.0,time
2024-01-04 06:15:00+00:00,42182099999.0,"SAFDARJUNG, IN",28.584511,77.205783,214.88,12.009965098587525,9.219598582193942,1020.4415577791337,,83.0099679919971,,NOAA_ISD,FM-12,,,True,2026-09-16T17:56:30.997704+00:00,5.0,180.0,5.0,time
2024-01-04 06:20:00+00:00,42182099999.0,"SAFDARJUNG, IN",28.584511,77.205783,214.88,11.966136042195307,9.174257656868644,1020.3777588585135,,83.3735888946864,,NOAA_ISD,FM-12,,,True,2026-09-16T17:56:30.997704+00:00,5.0,180.0,5.0,time
2024-01-04 06:25:00+00:00,42182099999.0,"SAFDARJUNG, IN",28.584511,77.205783,214.88,11.988764142422843,9.19756511085778,1020.3741826480951,,83.14128803805932,,NOAA_ISD,FM-12,,,True,2026-09-16T17:56:30.997704+00:00,5.0,180.0,5.0,time
2024-01-04 06:30:00+00:00,42182099999.0,"SAFDARJUNG, IN",28.584511,77.205783,214.88,11.957871668783024,9.19922034463545,1020.3835164222866,,83.01583758334186,,NOAA_ISD,FM-12,,,True,2026-09-16T17:56:30.997704+00:00,5.0,180.0,5.0,time
2024-01-04 06:35:00+00:00,42182099999.0,"SAFDARJUNG, IN",28.584511,77.205783,214.88,11.982237535135189,9.195125001061294,1020.3513498987962,,83.63853181316256,,NOAA_ISD,FM-12,,,True,2026-09-16T17:56:30.997704+00:00,5.0,180.0,5.0,time
2024-01-04 06:40:00+00:00,42182099999.0,"SAFDARJUNG, IN",28.584511,77.205783,214.88,11.925579068958967,9.208877732606334,1020.2757495772757,,83.73016671747686,,NOAA_ISD,FM-12,,,True,2026-09-16T17:56:30.997704+00:00,5.0,180.0,5.0,time
2024-01-04 06:45:00+00:00,42182099999.0,"SAFDARJUNG, IN",28.584511,77.205783,214.88,11.882215084221448,9.212687593089914,1020.3331899410108,,83.77087711687625,,NOAA_ISD,FM-12,,,True,2026-09-16T17:56:30.997704+00:00,5.0,180.0,5.0,time
2024-01-04 06:50:00+00:00,42182099999.0,"SAFDARJUNG, IN",28.584511,77.205783,214.88,11.90568095173554,9.207845141541423,1020.2897701671621,,83.53121213534126,,NOAA_ISD,FM-12,,,True,2026-09-16T17:56:30.997704+00:00,5.0,180.0,5.0,time
2024-01-04 06:55:00+00:00,42182099999.0,"SAFDARJUNG, IN",28.584511,77.205783,214.88,11.73124805898514,9.196461122375572,1020.2493592474607,,83.65534855690329,,NOAA_ISD,FM-12,,,True,2026-09-16T17:56:30.997704+00:00,5.0,180.0,5.0,time
2024-01-04 07:00:00+00:00,42182099999.0,"SAFDARJUNG, IN",28.584511,77.205783,214.88,11.885810953485919,9.185285398403098,1020.2643435563957,,83.90217533295385,,NOAA_ISD,FM-12,,,True,2026-09-16T17:56:30.997704+00:00,5.0,180.0,5.0,time
2024-01-04 07:05:00+00:00,42182099999.0,"SAFDARJUNG, IN",28.584511,77.205783,214.88,11.673134914294817,9.221943721483123,1020.20959734789,,83.89403994821036,,NOAA_ISD,FM-12,,,True,2026-09-16T17:56:30.997704+00:00,5.0,180.0,5.0,time
2024-01-04 07:10:00+00:00,42182099999.0,"SAFDARJUNG, IN",28.584511,77.205783,214.88,11.758271274074174,9.206994656332276,1020.1880828094997,,83.80053176499985,,NOAA_ISD,FM-12,,,True,2026-09-16T17:56:30.997704+00:00,5.0,180.0,5.0,time
2024-01-04 07:15:00+00:00,42182099999.0,"SAFDARJUNG, IN",28.584511,77.205783,214.88,11.855921763380383,9.179627722832011,1020.1877226085758,,83.61896341375414,,NOAA_ISD,FM-12,,,True,2026-09-16T17:56:30.997704+00:00,5.0,180.0,5.0,time
2024-01-04 07:20:00+00:00,42182099999.0,"SAFDARJUNG, IN",28.584511,77.205783,214.88,11.846098689085563,9.196126249167007,1020.1948800284441,,84.02907133512468,,NOAA_ISD,FM-12,,,True,2026-09-16T17:56:30.997704+00:00,5.0,180.0,5.0,time
2024-01-04 07:25:00+00:00,42182099999.0,"SAFDARJUNG, IN",28.584511,77.205783,214.88,11.752989672104116,9.165134006445852,1020.1704347065224,,84.28561674266203,,NOAA_ISD,FM-12,,,True,2026-09-16T17:56:30.997704+00:00,5.0,180.0,5.0,time
2024-01-04 07:30:00+00:00,42182099999.0,"SAFDARJUNG, IN",28.584511,77.205783,214.88,11.764394897906055,9.200707412286949,1020.1238608966447,,83.8938156755265,,NOAA_ISD,FM-12,,,True,2026-09-16T17:56:30.997704+00:00,5.0,180.0,5.0,time
2024-01-04 07:35:00+00:00,42182099999.0,"SAFDARJUNG, IN",28.584511,77.205783,214.88,11.857415938319596,9.196032401148027,1020.1046180835474,,84.32460372818704,,NOAA_ISD,FM-12,,,True,2026-09-16T17:56:30.997704+00:00,5.0,180.0,5.0,time
2024-01-04 07:40:00+00:00,42182099999.0,"SAFDARJUNG, IN",28.584511,77.205783,214.88,11.753576271199146,9.188510660992893,1020.0899040527158,,84.3266787093971,,NOAA_ISD,FM-12,,,True,2026-09-16T17:56:30.997704+00:00,5.0,180.0,5.0,time
2024-01-04 07:45:00+00:00,42182099999.0,"SAFDARJUNG, IN",28.584511,77.205783,214.88,11.878812682286817,9.23169200379607,1020.0276381042704,,84.47391854153535,,NOAA_ISD,FM-12,,,True,2026-09-16T17:56:30.997704+00:00,5.0,180.0,5.0,time
2024-01-04 07:50:00+00:00,42182099999.0,"SAFDARJUNG, IN",28.584511,77.205783,214.88,11.755459562896739,9.176876917609157,1020.0443644482245,,84.56180250735122,,NOAA_ISD,FM-12,,,True,2026-09-16T17:56:30.997704+00:00,5.0,180.0,5.0,time
2024-01-04 07:55:00+00:00,42182099999.0,"SAFDARJUNG, IN",28.584511,77.205783,214.88,11.764846253288509,9.214127859033646,1019.9955037158222,,84.31203287754084,,NOAA_ISD,FM-12,,,True,2026-09-16T17:56:30.997704+00:00,5.0,180.0,5.0,time
2024-01-04 08:00:00+00:00,42182099999.0,"SAFDARJUNG, IN",28.584511,77.205783,214.88,11.814177053258264,9.243734163218637,1019.9952584502249,,84.19105256441145,,NOAA_ISD,FM-12,,,True,2026-09-16T17:56:30.997704+00:00,5.0,180.0,5.0,time
2024-01-04 08:05:00+00:00,42182099999.0,"SAFDARJUNG, IN",28.584511,77.205783,214.88,11.728773578031895,9.221545358074334,1019.9630432400404,,84.47125905782639,,NOAA_ISD,FM-12,,,True,2026-09-16T17:56:30.997704+00:00,5.0,180.0,5.0,time
2024-01-04 08:10:00+00:00,42182099999.0,"SAFDARJUNG, IN",28.584511,77.205783,214.88,11.660993912076572,9.199369224358044,1019.9563204628386,,84.81930694498688,,NOAA_ISD,FM-12,,,True,2026-09-16T17:56:30.997704+00:00,5.0,180.0,5.0,time
2024-01-04 08:15:00+00:00,42182099999.0,"SAFDARJUNG, IN",28.584511,77.205783,214.88,11.694513627415285,9.177318627211532,1019.9273620693001,,84.5965992192948,,NOAA_ISD,FM-12,,,True,2026-09-16T17:56:30.997704+00:00,5.0,180.0,5.0,time
2024-01-04 08:20:00+00:00,42182099999.0,"SAFDARJUNG, IN",28.584511,77.205783,214.88,11.687108352079383,9.17275875646831,1019.8422430982873,,84.62970985374699,,NOAA_ISD,FM-12,,,True,2026-09-16T17:56:30.997704+00:00,5.0,180.0,5.0,time
2024-01-04 08:25:00+00:00,42182099999.0,"SAFDARJUNG, IN",28.584511,77.205783,214.88,11.609540695167698,9.191768966100849,1019.8859852416415,,84.4677669686521,,NOAA_ISD,FM-12,,,True,2026-09-16T17:56:30.997704+00:00,5.0,180.0,5.0,time
2024-01-04 08:30:00+00:00,42182099999.0,"SAFDARJUNG, IN",28.584511,77.205783,214.88,11.653875063099624,9.18625998532172,1019.873954170157,,85.24608506646574,,NOAA_ISD,FM-12,,,True,2026-09-16T17:56:30.997704+00:00,5.0,180.0,5.0,time
2024-01-04 08:35:00+00:00,42182099999.0,"SAFDARJUNG, IN",28.584511,77.205783,214.88,11.618445950855683,9.185609061820836,1019.8487333817816,,85.12421680235913,,NOAA_ISD,FM-12,,,True,2026-09-16T17:56:30.997704+00:00,5.0,180.0,5.0,time
2024-01-04 08:40:00+00:00,42182099999.0,"SAFDARJUNG, IN",28.584511,77.205783,214.88,11.690662332303816,9.193473730890574,1019.8164667995944,,85.17657178884754,,NOAA_ISD,FM-12,,,True,2026-09-16T17:56:30.997704+00:00,5.0,180.0,5.0,time
2024-01-04 08:45:00+00:00,42182099999.0,"SAFDARJUNG, IN",28.584511,77.205783,214.88,11.635063927042596,9.197955058142286,1019.8300654560609,,85.279656188467,,NOAA_ISD,FM-12,,,True,2026-09-16T17:56:30.997704+00:00,5.0,180.0,5.0,time
2024-01-04 08:50:00+00:00,42182099999.0,"SAFDARJUNG, IN",28.584511,77.205783,214.88,11.608082434764844,9.209704238952906,1019.7821533885083,,85.2649713019383,,NOAA_ISD,FM-12,,,True,2026-09-16T17:56:30.997704+00:00,5.0,180.0,5.0,time
2024-01-04 08:55:00+00:00,42182099999.0,"SAFDARJUNG, IN",28.584511,77.205783,214.88,11.605802014579982,9.17524407561075,1019.7633830956336,,85.16428237711223,,NOAA_ISD,FM-12,,,True,2026-09-16T17:56:30.997704+00:00,5.0,180.0,5.0,time
2024-01-04 09:00:00+00:00,42182099999.0,"SAFDARJUNG, IN",28.584511,77.205783,214.88,11.611156100920308,9.186355124077338,1019.7542231712143,,85.24391384584221,,NOAA_ISD,FM-12,,,True,2026-09-16T17:56:30.997704+00:00,5.0,180.0,5.0,time
2024-01-04 09:05:00+00:00,42182099999.0,"SAFDARJUNG, IN",28.584511,77.205783,214.88,11.619729598873377,9.19680655834355,1019.719288897031,,85.25467231226675,,NOAA_ISD,FM-12,,,True,2026-09-16T17:56:30.997704+00:00,5.0,180.0,5.0,time
2024-01-04 09:10:00+00:00,42182099999.0,"SAFDARJUNG, IN",28.584511,77.205783,214.88,11.527792166344309,9.196090296131533,1019.6727803856725,,85.9306518545867,,NOAA_ISD,FM-12,,,True,2026-09-16T17:56:30.997704+00:00,5.0,180.0,5.0,time
2024-01-04 09:15:00+00:00,42182099999.0,"SAFDARJUNG, IN",28.584511,77.205783,214.88,11.514587285035603,9.236728474148268,1019.6206776961689,,85.5784046284821,,NOAA_ISD,FM-12,,,True,2026-09-16T17:56:30.997704+00:00,5.0,180.0,5.0,time
2024-01-04 09:20:00+00:00,42182099999.0,"SAFDARJUNG, IN",28.584511,77.205783,214.88,11.610789516325681,9.204644931854476,1019.6386057301078,,85.43798065247046,,NOAA_ISD,FM-12,,,True,2026-09-16T17:56:30.997704+00:00,5.0,180.0,5.0,time
2024-01-04 09:25:00+00:00,42182099999.0,"SAFDARJUNG, IN",28.584511,77.205783,214.88,11.523827600834208,9.167728203760811,1019.6420707623695,,85.68735861409252,,NOAA_ISD,FM-12,,,True,2026-09-16T17:56:30.997704+00:00,5.0,180.0,5.0,time
2024-01-04 09:30:00+00:00,42182099999.0,"SAFDARJUNG, IN",28.584511,77.205783,214.88,11.46249122870349,9.208363627231735,1019.5984936289273,,85.4556039942065,,NOAA_ISD,FM-12,,,True,2026-09-16T17:56:30.997704+00:00,5.0,180.0,5.0,time
2024-01-04 09:35:00+00:00,42182099999.0,"SAFDARJUNG, IN",28.584511,77.205783,214.88,11.544412857691377,9.210913274454878,1019.6002828267049,,86.02219764001413,,NOAA_ISD,FM-12,,,True,2026-09-16T17:56:30.997704+00:00,5.0,180.0,5.0,time
2024-01-04 09:40:00+00:00,42182099999.0,"SAFDARJUNG, IN",28.584511,77.205783,214.88,11.534279601412745,9.197497439435104,1019.5659375264813,,85.65260099565339,,NOAA_ISD,FM-12,,,True,2026-09-16T17:56:30.997704+00:00,5.0,180.0,5.0,time
2024-01-04 09:45:00+00:00,42182099999.0,"SAFDARJUNG, IN",28.584511,77.205783,214.88,11.423464237137164,9.175732066511815,1019.5674279880719,,85.94855041985782,,NOAA_ISD,FM-12,,,True,2026-09-16T17:56:30.997704+00:00,5.0,180.0,5.0,time
2024-01-04 09:50:00+00:00,42182099999.0,"SAFDARJUNG, IN",28.584511,77.205783,214.88,11.50036297466207,9.23516109390627,1019.514466036228,,86.12504737780047,,NOAA_ISD,FM-12,,,True,2026-09-16T17:56:30.997704+00:00,5.0,180.0,5.0,time
2024-01-04 09:55:00+00:00,42182099999.0,"SAFDARJUNG, IN",28.584511,77.205783,214.88,11.514556932399197,9.178602321728373,1019.5084263706054,,86.05232407921137,,NOAA_ISD,FM-12,,,True,2026-09-16T17:56:30.997704+00:00,5.0,180.0,5.0,time
2024-01-04 10:00:00+00:00,42182099999.0,"SAFDARJUNG, IN",28.584511,77.205783,214.88,11.48538598925198,9.213215444128318,1019.4878954790685,,86.0577828872528,,NOAA_ISD,FM-12,,,True,2026-09-16T17:56:30.997704+00:00,5.0,180.0,5.0,time
2024-01-04 10:05:00+00:00,42182099999.0,"SAFDARJUNG, IN",28.584511,77.205783,214.88,11.487154629743625,9.204001010581278,1019.4865135189342,,86.1045678243786,,NOAA_ISD,FM-12,,,True,2026-09-16T17:56:30.997704+00:00,5.0,180.0,5.0,time
2024-01-04 10:10:00+00:00,42182099999.0,"SAFDARJUNG, IN",28.584511,77.205783,214.88,11.374230989539907,9.212016210980595,1019.4010524390585,,86.1546377065485,,NOAA_ISD,FM-12,,,True,2026-09-16T17:56:30.997704+00:00,5.0,180.0,5.0,time
2024-01-04 10:15:00+00:00,42182099999.0,"SAFDARJUNG, IN",28.584511,77.205783,214.88,11.449885341083144,9.234137158483346,1019.4047207233979,,86.11410474665894,,NOAA_ISD,FM-12,,,True,2026-09-16T17:56:30.997704+00:00,5.0,180.0,5.0,time
2024-01-04 10:20:00+00:00,42182099999.0,"SAFDARJUNG, IN",28.584511,77.205783,214.88,11.4070912342487,9.21123277744282,1019.4095629147004,,86.20306627700901,,NOAA_ISD,FM-12,,,True,2026-09-16T17:56:30.997704+00:00,5.0,180.0,5.0,time
2024-01-04 10:25:00+00:00,42182099999.0,"SAFDARJUNG, IN",28.584511,77.205783,214.88,11.38697160317488,9.188826715459129,1019.402214225892,,86.65239955621166,,NOAA_ISD,FM-12,,,True,2026-09-16T17:56:30.997704+00:00,5.0,180.0,5.0,time
2024-01-04 10:30:00+00:00,42182099999.0,"SAFDARJUNG, IN",28.584511,77.205783,214.88,11.443527780470987,9.222119845502558,1019.3548014302529,,86.39829267346296,,NOAA_ISD,FM-12,,,True,2026-09-16T17:56:30.997704+00:00,5.0,180.0,5.0,time
2024-01-04 10:35:00+00:00,42182099999.0,"SAFDARJUNG, IN",28.584511,77.205783,214.88,11.462852614422602,9.187378010999117,1019.3228496204152,,86.32635926464195,,NOAA_ISD,FM-12,,,True,2026-09-16T17:56:30.997704+00:00,5.0,180.0,5.0,time
2024-01-04 10:40:00+00:00,42182099999.0,"SAFDARJUNG, IN",28.584511,77.205783,214.88,11.467496280507795,9.203271160227905,1019.322549774781,,86.44377751766473,,NOAA_ISD,FM-12,,,True,2026-09-16T17:56:30.997704+00:00,5.0,180.0,5.0,time
2024-01-04 10:45:00+00:00,42182099999.0,"SAFDARJUNG, IN",28.584511,77.205783,214.88,11.432407060241962,9.174138327839684,1019.3034851646158,,86.830629691695,,NOAA_ISD,FM-12,,,True,2026-09-16T17:56:30.997704+00:00,5.0,180.0,5.0,time
2024-01-04 10:50:00+00:00,42182099999.0,"SAFDARJUNG, IN",28.584511,77.205783,214.88,11.350068846474047,9.179334375453264,1019.2576215812414,,86.80919540070697,,NOAA_ISD,FM-12,,,True,2026-09-16T17:56:30.997704+00:00,5.0,180.0,5.0,time
2024-01-04 10:55:00+00:00,42182099999.0,"SAFDARJUNG, IN",28.584511,77.205783,214.88,11.362080452595762,9.201027733408724,1019.2501246647621,,86.84965842823904,,NOAA_ISD,FM-12,,,True,2026-09-16T17:56:30.997704+00:00,5.0,180.0,5.0,time
2024-01-04 11:00:00+00:00,42182099999.0,"SAFDARJUNG, IN",28.584511,77.205783,214.88,11.371674476922546,9.207361734171617,1019.2458327674706,,86.74960687132915,,NOAA_ISD,FM-12,,,True,2026-09-16T17:56:30.997704+00:00,5.0,180.0,5.0,time
2024-01-04 11:05:00+00:00,42182099999.0,"SAFDARJUNG, IN",28.584511,77.205783,214.88,11.328281119687196,9.165952187546178,1019.2387351057914,,86.97930212366421,,NOAA_ISD,FM-12,,,True,2026-09-16T17:56:30.997704+00:00,5.0,180.0,5.0,time
2024-01-04 11:10:00+00:00,42182099999.0,"SAFDARJUNG, IN",28.584511,77.205783,214.88,11.317649320506689,9.209945747360013,1019.1944817288144,,86.79943592315801,,NOAA_ISD,FM-12,,,True,2026-09-16T17:56:30.997704+00:00,5.0,180.0,5.0,time
2024-01-04 11:15:00+00:00,42182099999.0,"SAFDARJUNG, IN",28.584511,77.205783,214.88,11.34118765659381,9.183611420468033,1019.1592161112666,,86.9397438603975,,NOAA_ISD,FM-12,,,True,2026-09-16T17:56:30.997704+00:00,5.0,180.0,5.0,time
2024-01-04 11:20:00+00:00,42182099999.0,"SAFDARJUNG, IN",28.584511,77.205783,214.88,11.285924756587592,9.225593760313423,1019.1359555335164,,87.24914608266353,,NOAA_ISD,FM-12,,,True,2026-09-16T17:56:30.997704+00:00,5.0,180.0,5.0,time
2024-01-04 11:25:00+00:00,42182099999.0,"SAFDARJUNG, IN",28.584511,77.205783,214.88,11.241313430959096,9.19296071142351,1019.1268886718847,,87.29355923948752,,NOAA_ISD,FM-12,,,True,2026-09-16T17:56:30.997704+00:00,5.0,180.0,5.0,time
2024-01-04 11:30:00+00:00,42182099999.0,"SAFDARJUNG, IN",28.584511,77.205783,214.88,11.245943013374875,9.177527554609,1019.0921309875948,,86.98584025303207,,NOAA_ISD,FM-12,,,True,2026-09-16T17:56:30.997704+00:00,5.0,180.0,5.0,time
2024-01-04 11:35:00+00:00,42182099999.0,"SAFDARJUNG, IN",28.584511,77.205783,214.88,11.287251074442244,9.201516091159185,1019.0769409581287,,87.07463545015901,,NOAA_ISD,FM-12,,,True,2026-09-16T17:56:30.997704+00:00,5.0,180.0,5.0,time
2024-01-04 11:40:00+00:00,42182099999.0,"SAFDARJUNG, IN",28.584511,77.205783,214.88,11.244594109004444,9.181675299978425,1019.0306943265613,,87.33099968982194,,NOAA_ISD,FM-12,,,True,2026-09-16T17:56:30.997704+00:00,5.0,180.0,5.0,time
2024-01-04 11:45:00+00:00,42182099999.0,"SAFDARJUNG, IN",28.584511,77.205783,214.88,11.250343832176751,9.225378902828663,1019.0564966994854,,87.71800425271167,,NOAA_ISD,FM-12,,,True,2026-09-16T17:56:30.997704+00:00,5.0,180.0,5.0,time
2024-01-04 11:50:00+00:00,42182099999.0,"SAFDARJUNG, IN",28.584511,77.205783,214.88,11.255726184332334,9.20001060415066,1018.9864555647163,,87.05318326340249,,NOAA_ISD,FM-12,,,True,2026-09-16T17:56:30.997704+00:00,5.0,180.0,5.0,time
2024-01-04 11:55:00+00:00,42182099999.0,"SAFDARJUNG, IN",28.584511,77.205783,214.88,11.192369037966232,9.196966467538134,1018.9793207277539,,87.55548140272892,,NOAA_ISD,FM-12,,,True,2026-09-16T17:56:30.997704+00:00,5.0,180.0,5.0,time
2024-01-04 12:00:00+00:00,42182099999.0,"SAFDARJUNG, IN",28.584511,77.205783,214.88,11.237812408181492,9.21183602037862,1018.9686185318837,,87.2881246670187,,NOAA_ISD,FM-12,,,True,2026-09-16T17:56:30.997704+00:00,5.0,180.0,5.0,time
2024-01-04 12:05:00+00:00,42182099999.0,"SAFDARJUNG, IN",28.584511,77.205783,214.88,11.20783101906181,9.179901051215994,1018.9851901079682,,87.49998565314674,,NOAA_ISD,FM-12,,,True,2026-09-16T17:56:30.997704+00:00,5.0,180.0,5.0,time
2024-01-04 12:10:00+00:00,42182099999.0,"SAFDARJUNG, IN",28.584511,77.205783,214.88,11.116037123432205,9.174216926893429,1018.9156204143771,,87.6174846867575,,NOAA_ISD,FM-12,,,True,2026-09-16T17:56:30.997704+00:00,5.0,180.0,5.0,time
2024-01-04 12:15:00+00:00,42182099999.0,"SAFDARJUNG, IN",28.584511,77.205783,214.88,11.23878190622598,9.208167031588832,1018.8894574614986,,87.6697872202015,,NOAA_ISD,FM-12,,,True,2026-09-16T17:56:30.997704+00:00,5.0,180.0,5.0,time
2024-01-04 12:20:00+00:00,42182099999.0,"SAFDARJUNG, IN",28.584511,77.205783,214.88,11.130518318367711,9.178006585839823,1018.8704651431349,,87.71064821947556,,NOAA_ISD,FM-12,,,True,2026-09-16T17:56:30.997704+00:00,5.0,180.0,5.0,time
2024-01-04 12:25:00+00:00,42182099999.0,"SAFDARJUNG, IN",28.584511,77.205783,214.88,11.061689677285187,9.17799979692501,1018.8933631285374,,87.8823673380012,,NOAA_ISD,FM-12,,,True,2026-09-16T17:56:30.997704+00:00,5.0,180.0,5.0,time
2024-01-04 12:30:00+00:00,42182099999.0,"SAFDARJUNG, IN",28.584511,77.205783,214.88,11.08108114785402,9.216735120624417,1018.7826419490189,,87.83739333111832,,NOAA_ISD,FM-12,,,True,2026-09-16T17:56:30.997704+00:00,5.0,180.0,5.0,time
2024-01-04 12:35:00+00:00,42182099999.0,"SAFDARJUNG, IN",28.584511,77.205783,214.88,11.071169964188307,9.210501282199678,1018.7975378323497,,87.71547148599214,,NOAA_ISD,FM-12,,,True,2026-09-16T17:56:30.997704+00:00,5.0,180.0,5.0,time
2024-01-04 12:40:00+00:00,42182099999.0,"SAFDARJUNG, IN",28.584511,77.205783,214.88,11.113719777043988,9.17492340915094,1018.8509220704794,,88.22745540398603,,NOAA_ISD,FM-12,,,True,2026-09-16T17:56:30.997704+00:00,5.0,180.0,5.0,time
2024-01-04 12:45:00+00:00,42182099999.0,"SAFDARJUNG, IN",28.584511,77.205783,214.88,11.08630747472269,9.187617279141172,1018.7868176414698,,88.28557443342977,,NOAA_ISD,FM-12,,,True,2026-09-16T17:56:30.997704+00:00,5.0,180.0,5.0,time
2024-01-04 12:50:00+00:00,42182099999.0,"SAFDARJUNG, IN",28.584511,77.205783,214.88,11.072047290506859,9.181925368881073,1018.731584004717,,88.36715338052305,,NOAA_ISD,FM-12,,,True,2026-09-16T17:56:30.997704+00:00,5.0,180.0,5.0,time
2024-01-04 12:55:00+00:00,42182099999.0,"SAFDARJUNG, IN",28.584511,77.205783,214.88,11.108762876051902,9.23552638596081,1018.731569047764,,87.95389013778421,,NOAA_ISD,FM-12,,,True,2026-09-16T17:56:30.997704+00:00,5.0,180.0,5.0,time
2024-01-04 13:00:00+00:00,42182099999.0,"SAFDARJUNG, IN",28.584511,77.205783,214.88,11.083660434726301,9.218120208551412,1018.7124602024325,,88.38533918607239,,NOAA_ISD,FM-12,,,True,2026-09-16T17:56:30.997704+00:00,5.0,180.0,5.0,time
2024-01-04 13:05:00+00:00,42182099999.0,"SAFDARJUNG, IN",28.584511,77.205783,214.88,11.07135794908777,9.191583103079894,1018.706737319733,,88.52426984523545,,NOAA_ISD,FM-12,,,True,2026-09-16T17:56:30.997704+00:00,5.0,180.0,5.0,time
2024-01-04 13:10:00+00:00,42182099999.0,"SAFDARJUNG, IN",28.584511,77.205783,214.88,11.06493586731088,9.21152389378687,1018.705308558575,,88.24635217890466,,NOAA_ISD,FM-12,,,True,2026-09-16T17:56:30.997704+00:00,5.0,180.0,5.0,time
2024-01-04 13:15:00+00:00,42182099999.0,"SAFDARJUNG, IN",28.584511,77.205783,214.88,11.064140066733446,9.172876276281382,1018.6549932558478,,88.51794576074752,,NOAA_ISD,FM-12,,,True,2026-09-16T17:56:30.997704+00:00,5.0,180.0,5.0,time
2024-01-04 13:20:00+00:00,42182099999.0,"SAFDARJUNG, IN",28.584511,77.205783,214.88,10.91682455513335,9.18654707697621,1018.6151301598657,,88.55637630056755,,NOAA_ISD,FM-12,,,True,2026-09-16T17:56:30.997704+00:00,5.0,180.0,5.0,time
2024-01-04 13:25:00+00:00,42182099999.0,"SAFDARJUNG, IN",28.584511,77.205783,214.88,10.992889198497888,9.202097265318837,1018.6203713184717,,89.0115782798618,,NOAA_ISD,FM-12,,,True,2026-09-16T17:56:30.997704+00:00,5.0,180.0,5.0,time
2024-01-04 13:30:00+00:00,42182099999.0,"SAFDARJUNG, IN",28.584511,77.205783,214.88,10.890989496775527,9.209044614982918,1018.5693682793961,,89.09156587406918,,NOAA_ISD,FM-12,,,True,2026-09-16T17:56:30.997704+00:00,5.0,180.0,5.0,time
2024-01-04 13:35:00+00:00,42182099999.0,"SAFDARJUNG, IN",28.584511,77.205783,214.88,10.99069188522878,9.19805081748973,1018.5413702871173,,88.43731390651915,,NOAA_ISD,FM-12,,,True,2026-09-16T17:56:30.997704+00:00,5.0,180.0,5.0,time
2024-01-04 13:40:00+00:00,42182099999.0,"SAFDARJUNG, IN",28.584511,77.205783,214.88,10.97754612916656,9.204960270214285,1018.5055425633017,,89.33248910484929,,NOAA_ISD,FM-12,,,True,2026-09-16T17:56:30.997704+00:00,5.0,180.0,5.0,time
2024-01-04 13:45:00+00:00,42182099999.0,"SAFDARJUNG, IN",28.584511,77.205783,214.88,11.01894328040615,9.201566729199062,1018.4881418765546,,88.71417707799155,,NOAA_ISD,FM-12,,,True,2026-09-16T17:56:30.997704+00:00,5.0,180.0,5.0,time
2024-01-04 13:50:00+00:00,42182099999.0,"SAFDARJUNG, IN",28.584511,77.205783,214.88,11.014937275191611,9.196728451959553,1018.4802192450256,,89.15687539960622,,NOAA_ISD,FM-12,,,True,2026-09-16T17:56:30.997704+00:00,5.0,180.0,5.0,time
2024-01-04 13:55:00+00:00,42182099999.0,"SAFDARJUNG, IN",28.584511,77.205783,214.88,10.954583196857063,9.194077088156181,1018.4532960564978,,89.218358855432,,NOAA_ISD,FM-12,,,True,2026-09-16T17:56:30.997704+00:00,5.0,180.0,5.0,time
2024-01-04 14:00:00+00:00,42182099999.0,"SAFDARJUNG, IN",28.584511,77.205783,214.88,10.908315279463489,9.191474702546444,1018.4618202861031,,88.88863973240942,,NOAA_ISD,FM-12,,,True,2026-09-16T17:56:30.997704+00:00,5.0,180.0,5.0,time
2024-01-04 14:05:00+00:00,42182099999.0,"SAFDARJUNG, IN",28.584511,77.205783,214.88,10.94648027784951,9.20463875017257,1018.4102712227428,,89.24994985506412,,NOAA_ISD,FM-12,,,True,2026-09-16T17:56:30.997704+00:00,5.0,180.0,5.0,time
2024-01-04 14:10:00+00:00,42182099999.0,"SAFDARJUNG, IN",28.584511,77.205783,214.88,10.884715229244895,9.208216311783989,1018.3500896369225,,89.1933080659616,,NOAA_ISD,FM-12,,,True,2026-09-16T17:56:30.997704+00:00,5.0,180.0,5.0,time
2024-01-04 14:15:00+00:00,42182099999.0,"SAFDARJUNG, IN",28.584511,77.205783,214.88,10.899930367427833,9.203967183346377,1018.3707884311749,,89.3891993342598,,NOAA_ISD,FM-12,,,True,2026-09-16T17:56:30.997704+00:00,5.0,180.0,5.0,time
2024-01-04 14:20:00+00:00,42182099999.0,"SAFDARJUNG, IN",28.584511,77.205783,214.88,10.938195704736927,9.176428058999978,1018.360933177416,,89.38798631232797,,NOAA_ISD,FM-12,,,True,2026-09-16T17:56:30.997704+00:00,5.0,180.0,5.0,time
2024-01-04 14:25:00+00:00,42182099999.0,"SAFDARJUNG, IN",28.584511,77.205783,214.88,10.849889210478308,9.180021442977136,1018.3369650843167,,89.6446382674444,,NOAA_ISD,FM-12,,,True,2026-09-16T17:56:30.997704+00:00,5.0,180.0,5.0,time
2024-01-04 14:30:00+00:00,42182099999.0,"SAFDARJUNG, IN",28.584511,77.205783,214.88,10.906950598628793,9.20797763611896,1018.358168271364,,89.4839687975181,,NOAA_ISD,FM-12,,,True,2026-09-16T17:56:30.997704+00:00,5.0,180.0,5.0,time
2024-01-04 14:35:00+00:00,42182099999.0,"SAFDARJUNG, IN",28.584511,77.205783,214.88,10.88942562399017,9.229433466013417,1018.2942106302958,,89.49883259352214,,NOAA_ISD,FM-12,,,True,2026-09-16T17:56:30.997704+00:00,5.0,180.0,5.0,time
2024-01-04 14:40:00+00:00,42182099999.0,"SAFDARJUNG, IN",28.584511,77.205783,214.88,10.796704853587904,9.203048309231175,1018.3028036544492,,89.81513877253737,,NOAA_ISD,FM-12,,,True,2026-09-16T17:56:30.997704+00:00,5.0,180.0,5.0,time
2024-01-04 14:45:00+00:00,42182099999.0,"SAFDARJUNG, IN",28.584511,77.205783,214.88,10.882028039744204,9.19176663175046,1018.2635092368953,,89.77552363741616,,NOAA_ISD,FM-12,,,True,2026-09-16T17:56:30.997704+00:00,5.0,180.0,5.0,time
2024-01-04 14:50:00+00:00,42182099999.0,"SAFDARJUNG, IN",28.584511,77.205783,214.88,10.857150539490798,9.204486809108856,1018.2417464980791,,89.86932564182713,,NOAA_ISD,FM-12,,,True,2026-09-16T17:56:30.997704+00:00,5.0,180.0,5.0,time
2024-01-04 14:55:00+00:00,42182099999.0,"SAFDARJUNG, IN",28.584511,77.205783,214.88,10.816207405479744,9.17726357154973,1018.2045886905194,,89.65356414702975,,NOAA_ISD,FM-12,,,True,2026-09-16T17:56:30.997704+00:00,5.0,180.0,5.0,time
2024-01-04 15:00:00+00:00,42182099999.0,"SAFDARJUNG, IN",28.584511,77.205783,214.88,10.761883827098618,9.226178863130729,1018.1988243469684,,89.6409474437203,derived_from_temperature_and_dew_point,NOAA_ISD,FM-12,VALID,"{'TMP_QC': '1', 'DEW_QC': '1', 'SLP_QC': '1', 'RECORD_QC': 'V020'}",True,2026-09-16T17:56:30.997704+00:00,5.0,180.0,5.0,time
2024-01-04 15:05:00+00:00,42182099999.0,"SAFDARJUNG, IN",28.584511,77.205783,214.88,10.740373032404555,9.198176327334604,1018.1735869663511,,89.8034000157939,,NOAA_ISD,FM-12,,,True,2026-09-16T17:56:30.997704+00:00,5.0,180.0,5.0,time
2024-01-04 15:10:00+00:00,42182099999.0,"SAFDARJUNG, IN",28.584511,77.205783,214.88,10.739783537821516,9.175499744624677,1018.1811782640629,,89.85972461175277,,NOAA_ISD,FM-12,,,True,2026-09-16T17:56:30.997704+00:00,5.0,180.0,5.0,time
2024-01-04 15:15:00+00:00,42182099999.0,"SAFDARJUNG, IN",28.584511,77.205783,214.88,10.777129723164599,9.179997424011477,1018.1619416740143,,90.20807318706392,,NOAA_ISD,FM-12,,,True,2026-09-16T17:56:30.997704+00:00,5.0,180.0,5.0,time
2024-01-04 15:20:00+00:00,42182099999.0,"SAFDARJUNG, IN",28.584511,77.205783,214.88,10.685552074963264,9.167237053136505,1018.1366629968917,,90.31297458783658,,NOAA_ISD,FM-12,,,True,2026-09-16T17:56:30.997704+00:00,5.0,180.0,5.0,time
2024-01-04 15:25:00+00:00,42182099999.0,"SAFDARJUNG, IN",28.584511,77.205783,214.88,10.73854227909766,9.198455621758557,1018.1642823312385,,90.15369616431575,,NOAA_ISD,FM-12,,,True,2026-09-16T17:56:30.997704+00:00,5.0,180.0,5.0,time
2024-01-04 15:30:00+00:00,42182099999.0,"SAFDARJUNG, IN",28.584511,77.205783,214.88,10.637912223556082,9.162621864877725,1018.1418701429337,,90.53785047043154,,NOAA_ISD,FM-12,,,True,2026-09-16T17:56:30.997704+00:00,5.0,180.0,5.0,time
2024-01-04 15:35:00+00:00,42182099999.0,"SAFDARJUNG, IN",28.584511,77.205783,214.88,10.673129904111391,9.164218426033424,1018.1132609675394,,90.59230498986413,,NOAA_ISD,FM-12,,,True,2026-09-16T17:56:30.997704+00:00,5.0,180.0,5.0,time
2024-01-04 15:40:00+00:00,42182099999.0,"SAFDARJUNG, IN",28.584511,77.205783,214.88,10.672149054395367,9.16703008468858,1018.1140209720518,,90.43423533883566,,NOAA_ISD,FM-12,,,True,2026-09-16T17:56:30.997704+00:00,5.0,180.0,5.0,time
2024-01-04 15:45:00+00:00,42182099999.0,"SAFDARJUNG, IN",28.584511,77.205783,214.88,10.772256507252946,9.135184667924708,1018.09832354957,,90.28812164569139,,NOAA_ISD,FM-12,,,True,2026-09-16T17:56:30.997704+00:00,5.0,180.0,5.0,time
2024-01-04 15:50:00+00:00,42182099999.0,"SAFDARJUNG, IN",28.584511,77.205783,214.88,10.564467550557314,9.148318633767147,1018.0715370701437,,90.83451977433155,,NOAA_ISD,FM-12,,,True,2026-09-16T17:56:30.997704+00:00,5.0,180.0,5.0,time
2024-01-04 15:55:00+00:00,42182099999.0,"SAFDARJUNG, IN",28.584511,77.205783,214.88,10.690267394991174,9.144377600276773,1018.0791877023582,,90.57418541868321,,NOAA_ISD,FM-12,,,True,2026-09-16T17:56:30.997704+00:00,5.0,180.0,5.0,time
2024-01-04 16:00:00+00:00,42182099999.0,"SAFDARJUNG, IN",28.584511,77.205783,214.88,10.607492120699364,9.10225175691292,1018.0542464315706,,90.67856637261953,,NOAA_ISD,FM-12,,,True,2026-09-16T17:56:30.997704+00:00,5.0,180.0,5.0,time
2024-01-04 16:05:00+00:00,42182099999.0,"SAFDARJUNG, IN",28.584511,77.205783,214.88,10.603891929234132,9.13283170755333,1018.0366568788431,,90.65235677265646,,NOAA_ISD,FM-12,,,True,2026-09-16T17:56:30.997704+00:00,5.0,180.0,5.0,time
2024-01-04 16:10:00+00:00,42182099999.0,"SAFDARJUNG, IN",28.584511,77.205783,214.88,10.572584062336077,9.12130698092336,1018.0119890978392,,90.60926415696278,,NOAA_ISD,FM-12,,,True,2026-09-16T17:56:30.997704+00:00,5.0,180.0,5.0,time
2024-01-04 16:15:00+00:00,42182099999.0,"SAFDARJUNG, IN",28.584511,77.205783,214.88,10.572236340909763,9.119265992508987,1018.0261611862626,,90.56043878060362,,NOAA_ISD,FM-12,,,True,2026-09-16T17:56:30.997704+00:00,5.0,180.0,5.0,time
2024-01-04 16:20:00+00:00,42182099999.0,"SAFDARJUNG, IN",28.584511,77.205783,214.88,10.525649078115233,9.111823705380923,1018.0335616354139,,91.04768477582257,,NOAA_ISD,FM-12,,,True,2026-09-16T17:56:30.997704+00:00,5.0,180.0,5.0,time
2024-01-04 16:25:00+00:00,42182099999.0,"SAFDARJUNG, IN",28.584511,77.205783,214.88,10.58936917573954,9.110738953014556,1017.9972179240435,,90.83137534477623,,NOAA_ISD,FM-12,,,True,2026-09-16T17:56:30.997704+00:00,5.0,180.0,5.0,time
2024-01-04 16:30:00+00:00,42182099999.0,"SAFDARJUNG, IN",28.584511,77.205783,214.88,10.477176442788764,9.126746864513523,1018.0504141738431,,91.66690624579937,,NOAA_ISD,FM-12,,,True,2026-09-16T17:56:30.997704+00:00,5.0,180.0,5.0,time
2024-01-04 16:35:00+00:00,42182099999.0,"SAFDARJUNG, IN",28.584511,77.205783,214.88,10.539945061942294,9.070854296202743,1018.006602601962,,90.90472972792195,,NOAA_ISD,FM-12,,,True,2026-09-16T17:56:30.997704+00:00,5.0,180.0,5.0,time
2024-01-04 16:40:00+00:00,42182099999.0,"SAFDARJUNG, IN",28.584511,77.205783,214.88,10.434448310656016,9.08204584217888,1018.003864380431,,90.93741239389261,,NOAA_ISD,FM-12,,,True,2026-09-16T17:56:30.997704+00:00,5.0,180.0,5.0,time
2024-01-04 16:45:00+00:00,42182099999.0,"SAFDARJUNG, IN",28.584511,77.205783,214.88,10.446987407679934,9.096665705912589,1017.9825715269081,,91.35786107645602,,NOAA_ISD,FM-12,,,True,2026-09-16T17:56:30.997704+00:00,5.0,180.0,5.0,time
2024-01-04 16:50:00+00:00,42182099999.0,"SAFDARJUNG, IN",28.584511,77.205783,214.88,10.379735205718823,9.087396295132336,1017.9926128550543,,91.62864047357124,,NOAA_ISD,FM-12,,,True,2026-09-16T17:56:30.997704+00:00,5.0,180.0,5.0,time
2024-01-04 16:55:00+00:00,42182099999.0,"SAFDARJUNG, IN",28.584511,77.205783,214.88,10.439417852684041,9.081410333289064,1017.928704404775,,91.40264015361086,,NOAA_ISD,FM-12,,,True,2026-09-16T17:56:30.997704+00:00,5.0,180.0,5.0,time
2024-01-04 17:00:00+00:00,42182099999.0,"SAFDARJUNG, IN",28.584511,77.205783,214.88,10.472256297846327,9.121738210980133,1017.8821185856201,,91.57111515070412,,NOAA_ISD,FM-12,,,True,2026-09-16T17:56:30.997704+00:00,5.0,180.0,5.0,time
2024-01-04 17:05:00+00:00,42182099999.0,"SAFDARJUNG, IN",28.584511,77.205783,214.88,10.37946552434229,9.073393821593443,1017.9132997100552,,91.15490162761937,,NOAA_ISD,FM-12,,,True,2026-09-16T17:56:30.997704+00:00,5.0,180.0,5.0,time
2024-01-04 17:10:00+00:00,42182099999.0,"SAFDARJUNG, IN",28.584511,77.205783,214.88,10.356822381731472,9.078174311480655,1017.922275482622,,91.4550532464172,,NOAA_ISD,FM-12,,,True,2026-09-16T17:56:30.997704+00:00,5.0,180.0,5.0,time
2024-01-04 17:15:00+00:00,42182099999.0,"SAFDARJUNG, IN",28.584511,77.205783,214.88,10.294269151846603,9.04385855882295,1017.903030339435,,91.44277685417248,,NOAA_ISD,FM-12,,,True,2026-09-16T17:56:30.997704+00:00,5.0,180.0,5.0,time
2024-01-04 17:20:00+00:00,42182099999.0,"SAFDARJUNG, IN",28.584511,77.205783,214.88,10.321868700655717,9.0245861969665,1017.8943983411083,,91.34543527445487,,NOAA_ISD,FM-12,,,True,2026-09-16T17:56:30.997704+00:00,5.0,180.0,5.0,time
2024-01-04 17:25:00+00:00,42182099999.0,"SAFDARJUNG, IN",28.584511,77.205783,214.88,10.23702695368059,9.032602540304215,1017.9041959778311,,91.81478493569367,,NOAA_ISD,FM-12,,,True,2026-09-16T17:56:30.997704+00:00,5.0,180.0,5.0,time
2024-01-04 17:30:00+00:00,42182099999.0,"SAFDARJUNG, IN",28.584511,77.205783,214.88,10.254356100664058,9.047572536760201,1017.8743078181559,,91.40976780901124,,NOAA_ISD,FM-12,,,True,2026-09-16T17:56:30.997704+00:00,5.0,180.0,5.0,time
2024-01-04 17:35:00+00:00,42182099999.0,"SAFDARJUNG, IN",28.584511,77.205783,214.88,10.29467263563879,9.035914334874363,1017.8715338141074,,91.6608385845603,,NOAA_ISD,FM-12,,,True,2026-09-16T17:56:30.997704+00:00,5.0,180.0,5.0,time
2024-01-04 17:40:00+00:00,42182099999.0,"SAFDARJUNG, IN",28.584511,77.205783,214.88,10.332617326553736,9.030287249634199,1017.8256531896074,,91.88478346341954,,NOAA_ISD,FM-12,,,True,2026-09-16T17:56:30.997704+00:00,5.0,180.0,5.0,time
2024-01-04 17:45:00+00:00,42182099999.0,"SAFDARJUNG, IN",28.584511,77.205783,214.88,10.390460543061476,9.012379778930724,1017.8114254595489,,91.89290949947646,,NOAA_ISD,FM-12,,,True,2026-09-16T17:56:30.997704+00:00,5.0,180.0,5.0,time
2024-01-04 17:50:00+00:00,42182099999.0,"SAFDARJUNG, IN",28.584511,77.205783,214.88,10.204004079079787,9.00363505873485,1017.8545045006827,,92.20539281155253,,NOAA_ISD,FM-12,,,True,2026-09-16T17:56:30.997704+00:00,5.0,180.0,5.0,time
2024-01-04 17:55:00+00:00,42182099999.0,"SAFDARJUNG, IN",28.584511,77.205783,214.88,10.28843167449894,9.00195841066969,1017.813129141814,,92.25417159393605,,NOAA_ISD,FM-12,,,True,2026-09-16T17:56:30.997704+00:00,5.0,180.0,5.0,time
2024-01-04 18:00:00+00:00,42182099999.0,"SAFDARJUNG, IN",28.584511,77.205783,214.88,10.212187624020082,9.014489509003305,1017.787535416331,,92.4387597491871,derived_from_temperature_and_dew_point,NOAA_ISD,FM-12,VALID,"{'TMP_QC': '1', 'DEW_QC': '1', 'SLP_QC': '1', 'RECORD_QC': 'V020'}",True,2026-09-16T17:56:30.997704+00:00,5.0,180.0,5.0,time
2024-01-04 18:05:00+00:00,42182099999.0,"SAFDARJUNG, IN",28.584511,77.205783,214.88,10.181326506551569,9.005703437452297,1017.7792387767956,,92.40992119098699,,NOAA_ISD,FM-12,,,True,2026-09-16T17:56:30.997704+00:00,5.0,180.0,5.0,time
2024-01-04 18:10:00+00:00,42182099999.0,"SAFDARJUNG, IN",28.584511,77.205783,214.88,10.199407500364085,8.957652944784353,1017.7703508709005,,92.48705144676117,,NOAA_ISD,FM-12,,,True,2026-09-16T17:56:30.997704+00:00,5.0,180.0,5.0,time
2024-01-04 18:15:00+00:00,42182099999.0,"SAFDARJUNG, IN",28.584511,77.205783,214.88,10.169762490850664,8.981913517855295,1017.7608208195791,,92.25794965333152,,NOAA_ISD,FM-12,,,True,2026-09-16T17:56:30.997704+00:00,5.0,180.0,5.0,time
2024-01-04 18:20:00+00:00,42182099999.0,"SAFDARJUNG, IN",28.584511,77.205783,214.88,10.161075341836167,8.94254113094043,1017.7410037106146,,92.3184711579411,,NOAA_ISD,FM-12,,,True,2026-09-16T17:56:30.997704+00:00,5.0,180.0,5.0,time
2024-01-04 18:25:00+00:00,42182099999.0,"SAFDARJUNG, IN",28.584511,77.205783,214.88,10.12402778630311,8.953822877481265,1017.7283249252889,,92.35952496260606,,NOAA_ISD,FM-12,,,True,2026-09-16T17:56:30.997704+00:00,5.0,180.0,5.0,time
2024-01-04 18:30:00+00:00,42182099999.0,"SAFDARJUNG, IN",28.584511,77.205783,214.88,10.063427850343391,8.929494018484084,1017.7460999124469,,92.28499800614487,,NOAA_ISD,FM-12,,,True,2026-09-16T17:56:30.997704+00:00,5.0,180.0,5.0,time
2024-01-04 18:35:00+00:00,42182099999.0,"SAFDARJUNG, IN",28.584511,77.205783,214.88,10.045040962096119,8.953537993207002,1017.7298081492603,,92.17667224912769,,NOAA_ISD,FM-12,,,True,2026-09-16T17:56:30.997704+00:00,5.0,180.0,5.0,time
2024-01-04 18:40:00+00:00,42182099999.0,"SAFDARJUNG, IN",28.584511,77.205783,214.88,10.143773355275172,8.90274961853149,1017.7554765190422,,92.1890670486876,,NOAA_ISD,FM-12,,,True,2026-09-16T17:56:30.997704+00:00,5.0,180.0,5.0,time
2024-01-04 18:45:00+00:00,42182099999.0,"SAFDARJUNG, IN",28.584511,77.205783,214.88,10.086164995495714,8.903572236817896,1017.7308615330652,,92.09148832033401,,NOAA_ISD,FM-12,,,True,2026-09-16T17:56:30.997704+00:00,5.0,180.0,5.0,time
2024-01-04 18:50:00+00:00,42182099999.0,"SAFDARJUNG, IN",28.584511,77.205783,214.88,10.05908444390608,8.901020752040077,1017.7219730202681,,92.3387678104264,,NOAA_ISD,FM-12,,,True,2026-09-16T17:56:30.997704+00:00,5.0,180.0,5.0,time
2024-01-04 18:55:00+00:00,42182099999.0,"SAFDARJUNG, IN",28.584511,77.205783,214.88,10.078203059113935,8.860298600775321,1017.6934709251822,,92.23508585407187,,NOAA_ISD,FM-12,,,True,2026-09-16T17:56:30.997704+00:00,5.0,180.0,5.0,time
2024-01-04 19:00:00+00:00,42182099999.0,"SAFDARJUNG, IN",28.584511,77.205783,214.88,10.106413279312449,8.865209525558129,1017.6975794316843,,92.12069858320598,,NOAA_ISD,FM-12,,,True,2026-09-16T17:56:30.997704+00:00,5.0,180.0,5.0,time
2024-01-04 19:05:00+00:00,42182099999.0,"SAFDARJUNG, IN",28.584511,77.205783,214.88,10.064573752706876,8.850223857863094,1017.6988866887392,,92.12032881391286,,NOAA_ISD,FM-12,,,True,2026-09-16T17:56:30.997704+00:00,5.0,180.0,5.0,time
2024-01-04 19:10:00+00:00,42182099999.0,"SAFDARJUNG, IN",28.584511,77.205783,214.88,10.011641697612395,8.834168174776325,1017.6976572481275,,92.01014247666568,,NOAA_ISD,FM-12,,,True,2026-09-16T17:56:30.997704+00:00,5.0,180.0,5.0,time
2024-01-04 19:15:00+00:00,42182099999.0,"SAFDARJUNG, IN",28.584511,77.205783,214.88,10.09464798111578,8.82453887330367,1017.6731221634695,,92.4474349349141,,NOAA_ISD,FM-12,,,True,2026-09-16T17:56:30.997704+00:00,5.0,180.0,5.0,time
2024-01-04 19:20:00+00:00,42182099999.0,"SAFDARJUNG, IN",28.584511,77.205783,214.88,10.101181497371304,8.84446251418496,1017.6882491422531,,92.26683464501747,,NOAA_ISD,FM-12,,,True,2026-09-16T17:56:30.997704+00:00,5.0,180.0,5.0,time
2024-01-04 19:25:00+00:00,42182099999.0,"SAFDARJUNG, IN",28.584511,77.205783,214.88,10.035838943877254,8.799140096415906,1017.6584931195115,,92.0779955516409,,NOAA_ISD,FM-12,,,True,2026-09-16T17:56:30.997704+00:00,5.0,180.0,5.0,time
2024-01-04 19:30:00+00:00,42182099999.0,"SAFDARJUNG, IN",28.584511,77.205783,214.88,10.048683175567204,8.811328157653433,1017.6658569423703,,92.4117095499204,,NOAA_ISD,FM-12,,,True,2026-09-16T17:56:30.997704+00:00,5.0,180.0,5.0,time
2024-01-04 19:35:00+00:00,42182099999.0,"SAFDARJUNG, IN",28.584511,77.205783,214.88,10.050986888729579,8.79518078892951,1017.6318696224948,,92.13735468248558,,NOAA_ISD,FM-12,,,True,2026-09-16T17:56:30.997704+00:00,5.0,180.0,5.0,time
2024-01-04 19:40:00+00:00,42182099999.0,"SAFDARJUNG, IN",28.584511,77.205783,214.88,10.034282743598004,8.749838175462273,1017.597081566002,,91.96758876348643,,NOAA_ISD,FM-12,,,True,2026-09-16T17:56:30.997704+00:00,5.0,180.0,5.0,time
2024-01-04 19:45:00+00:00,42182099999.0,"SAFDARJUNG, IN",28.584511,77.205783,214.88,9.997371625522298,8.777050055435195,1017.6303671797604,,92.45257779117716,,NOAA_ISD,FM-12,,,True,2026-09-16T17:56:30.997704+00:00,5.0,180.0,5.0,time
2024-01-04 19:50:00+00:00,42182099999.0,"SAFDARJUNG, IN",28.584511,77.205783,214.88,9.9854729079093,8.7272852913604,1017.6311731479296,,92.14035837986455,,NOAA_ISD,FM-12,,,True,2026-09-16T17:56:30.997704+00:00,5.0,180.0,5.0,time
2024-01-04 19:55:00+00:00,42182099999.0,"SAFDARJUNG, IN",28.584511,77.205783,214.88,9.97042747311177,8.757006281007747,1017.6198402799695,,92.16544240418047,,NOAA_ISD,FM-12,,,True,2026-09-16T17:56:30.997704+00:00,5.0,180.0,5.0,time
2024-01-04 20:00:00+00:00,42182099999.0,"SAFDARJUNG, IN",28.584511,77.205783,214.88,9.878466449605982,8.723189500470715,1017.6084437332288,,92.2549026707365,,NOAA_ISD,FM-12,,,True,2026-09-16T17:56:30.997704+00:00,5.0,180.0,5.0,time
2024-01-04 20:05:00+00:00,42182099999.0,"SAFDARJUNG, IN",28.584511,77.205783,214.88,9.957258380065202,8.722389567287351,1017.5846949273476,,92.47462895566913,,NOAA_ISD,FM-12,,,True,2026-09-16T17:56:30.997704+00:00,5.0,180.0,5.0,time
2024-01-04 20:10:00+00:00,42182099999.0,"SAFDARJUNG, IN",28.584511,77.205783,214.88,9.843320412554784,8.685225512118583,1017.5671984083044,,92.24956301372882,,NOAA_ISD,FM-12,,,True,2026-09-16T17:56:30.997704+00:00,5.0,180.0,5.0,time
2024-01-04 20:15:00+00:00,42182099999.0,"SAFDARJUNG, IN",28.584511,77.205783,214.88,9.860270027243748,8.702447646472095,1017.5860345653809,,92.00517657477096,,NOAA_ISD,FM-12,,,True,2026-09-16T17:56:30.997704+00:00,5.0,180.0,5.0,time
2024-01-04 20:20:00+00:00,42182099999.0,"SAFDARJUNG, IN",28.584511,77.205783,214.88,9.954067142279294,8.707427897248301,1017.5751956149905,,92.35321984526688,,NOAA_ISD,FM-12,,,True,2026-09-16T17:56:30.997704+00:00,5.0,180.0,5.0,time
2024-01-04 20:25:00+00:00,42182099999.0,"SAFDARJUNG, IN",28.584511,77.205783,214.88,9.919788785912488,8.661638469217324,1017.5471153515164,,92.14689094403654,,NOAA_ISD,FM-12,,,True,2026-09-16T17:56:30.997704+00:00,5.0,180.0,5.0,time
2024-01-04 20:30:00+00:00,42182099999.0,"SAFDARJUNG, IN",28.584511,77.205783,214.88,9.94103658115096,8.654523324943787,1017.5721884837837,,92.62091812763921,,NOAA_ISD,FM-12,,,True,2026-09-16T17:56:30.997704+00:00,5.0,180.0,5.0,time
2024-01-04 20:35:00+00:00,42182099999.0,"SAFDARJUNG, IN",28.584511,77.205783,214.88,9.841971836371192,8.664647976026904,1017.5240093563757,,92.2425538333782,,NOAA_ISD,FM-12,,,True,2026-09-16T17:56:30.997704+00:00,5.0,180.0,5.0,time
2024-01-04 20:40:00+00:00,42182099999.0,"SAFDARJUNG, IN",28.584511,77.205783,214.88,9.786832002380606,8.654036810917383,1017.5216628657574,,91.79521512264249,,NOAA_ISD,FM-12,,,True,2026-09-16T17:56:30.997704+00:00,5.0,180.0,5.0,time
2024-01-04 20:45:00+00:00,42182099999.0,"SAFDARJUNG, IN",28.584511,77.205783,214.88,9.821311473479817,8.584649747365162,1017.5577285042468,,92.3131396610978,,NOAA_ISD,FM-12,,,True,2026-09-16T17:56:30.997704+00:00,5.0,180.0,5.0,time
2024-01-04 20:50:00+00:00,42182099999.0,"SAFDARJUNG, IN",28.584511,77.205783,214.88,9.827323787084252,8.662530349497878,1017.5340383054213,,92.63003066956315,,NOAA_ISD,FM-12,,,True,2026-09-16T17:56:30.997704+00:00,5.0,180.0,5.0,time
2024-01-04 20:55:00+00:00,42182099999.0,"SAFDARJUNG, IN",28.584511,77.205783,214.88,9.815060546928112,8.621682180782077,1017.5011731472155,,92.55573961326462,,NOAA_ISD,FM-12,,,True,2026-09-16T17:56:30.997704+00:00,5.0,180.0,5.0,time
2024-01-04 21:00:00+00:00,42182099999.0,"SAFDARJUNG, IN",28.584511,77.205783,214.88,9.856684023937836,8.61393837324906,1017.5057476141928,,92.6061908577513,derived_from_temperature_and_dew_point,NOAA_ISD,FM-12,VALID,"{'TMP_QC': '1', 'DEW_QC': '1', 'SLP_QC': '1', 'RECORD_QC': 'V020'}",True,2026-09-16T17:56:30.997704+00:00,5.0,180.0,5.0,time
2024-01-04 21:05:00+00:00,42182099999.0,"SAFDARJUNG, IN",28.584511,77.205783,214.88,9.781936478749829,8.59712919106676,1017.5086514004461,,92.0360479629237,,NOAA_ISD,FM-12,,,True,2026-09-16T17:56:30.997704+00:00,5.0,180.0,5.0,time
2024-01-04 21:10:00+00:00,42182099999.0,"SAFDARJUNG, IN",28.584511,77.205783,214.88,9.817601723590148,8.562892929828955,1017.4561988338115,,92.42243047919536,,NOAA_ISD,FM-12,,,True,2026-09-16T17:56:30.997704+00:00,5.0,180.0,5.0,time
2024-01-04 21:15:00+00:00,42182099999.0,"SAFDARJUNG, IN",28.584511,77.205783,214.88,9.75056864252827,8.613494441225004,1017.4985371876771,,92.09560109205265,,NOAA_ISD,FM-12,,,True,2026-09-16T17:56:30.997704+00:00,5.0,180.0,5.0,time
2024-01-04 21:20:00+00:00,42182099999.0,"SAFDARJUNG, IN",28.584511,77.205783,214.88,9.822515863902192,8.588696239435382,1017.5212052898801,,92.28485787988338,,NOAA_ISD,FM-12,,,True,2026-09-16T17:56:30.997704+00:00,5.0,180.0,5.0,time
2024-01-04 21:25:00+00:00,42182099999.0,"SAFDARJUNG, IN",28.584511,77.205783,214.88,9.800155427509283,8.610878633883667,1017.5206455482466,,91.98540951425205,,NOAA_ISD,FM-12,,,True,2026-09-16T17:56:30.997704+00:00,5.0,180.0,5.0,time
2024-01-04 21:30:00+00:00,42182099999.0,"SAFDARJUNG, IN",28.584511,77.205783,214.88,9.762509333085776,8.595623978594745,1017.5382753846299,,92.11110884702344,,NOAA_ISD,FM-12,,,True,2026-09-16T17:56:30.997704+00:00,5.0,180.0,5.0,time
2024-01-04 21:35:00+00:00,42182099999.0,"SAFDARJUNG, IN",28.584511,77.205783,214.88,9.788208531891257,8.604760787582327,1017.5614785351479,,92.10475066052727,,NOAA_ISD,FM-12,,,True,2026-09-16T17:56:30.997704+00:00,5.0,180.0,5.0,time
2024-01-04 21:40:00+00:00,42182099999.0,"SAFDARJUNG, IN",28.584511,77.205783,214.88,9.79079121267424,8.584500072371815,1017.5380137287514,,92.41971105602852,,NOAA_ISD,FM-12,,,True,2026-09-16T17:56:30.997704+00:00,5.0,180.0,5.0,time
2024-01-04 21:45:00+00:00,42182099999.0,"SAFDARJUNG, IN",28.584511,77.205783,214.88,9.786492243533147,8.617287778853578,1017.5288469040775,,92.40014382433392,,NOAA_ISD,FM-12,,,True,2026-09-16T17:56:30.997704+00:00,5.0,180.0,5.0,time
2024-01-04 21:50:00+00:00,42182099999.0,"SAFDARJUNG, IN",28.584511,77.205783,214.88,9.888567062113385,8.576232419210847,1017.5620525887258,,92.29536394586616,,NOAA_ISD,FM-12,,,True,2026-09-16T17:56:30.997704+00:00,5.0,180.0,5.0,time
2024-01-04 21:55:00+00:00,42182099999.0,"SAFDARJUNG, IN",28.584511,77.205783,214.88,9.795077699884606,8.644911388506783,1017.5545786444397,,91.96991571638891,,NOAA_ISD,FM-12,,,True,2026-09-16T17:56:30.997704+00:00,5.0,180.0,5.0,time
2024-01-04 22:00:00+00:00,42182099999.0,"SAFDARJUNG, IN",28.584511,77.205783,214.88,9.787805194491133,8.64475897269974,1017.5635453966503,,92.17767211321005,,NOAA_ISD,FM-12,,,True,2026-09-16T17:56:30.997704+00:00,5.0,180.0,5.0,time
2024-01-04 22:05:00+00:00,42182099999.0,"SAFDARJUNG, IN",28.584511,77.205783,214.88,9.695127452119493,8.63265399170933,1017.5663867478391,,92.09077670341145,,NOAA_ISD,FM-12,,,True,2026-09-16T17:56:30.997704+00:00,5.0,180.0,5.0,time
2024-01-04 22:10:00+00:00,42182099999.0,"SAFDARJUNG, IN",28.584511,77.205783,214.88,9.755289632401027,8.625509579715489,1017.622614533778,,92.41393515133889,,NOAA_ISD,FM-12,,,True,2026-09-16T17:56:30.997704+00:00,5.0,180.0,5.0,time
2024-01-04 22:15:00+00:00,42182099999.0,"SAFDARJUNG, IN",28.584511,77.205783,214.88,9.786846328777184,8.598309032835326,1017.5385192481134,,92.47563697056343,,NOAA_ISD,FM-12,,,True,2026-09-16T17:56:30.997704+00:00,5.0,180.0,5.0,time
2024-01-04 22:20:00+00:00,42182099999.0,"SAFDARJUNG, IN",28.584511,77.205783,214.88,9.765707366191169,8.623330934114945,1017.5811222108263,,92.45127711720617,,NOAA_ISD,FM-12,,,True,2026-09-16T17:56:30.997704+00:00,5.0,180.0,5.0,time
2024-01-04 22:25:00+00:00,42182099999.0,"SAFDARJUNG, IN",28.584511,77.205783,214.88,9.86908537966889,8.598076470034478,1017.5943706639315,,92.08895611611659,,NOAA_ISD,FM-12,,,True,2026-09-16T17:56:30.997704+00:00,5.0,180.0,5.0,time
2024-01-04 22:30:00+00:00,42182099999.0,"SAFDARJUNG, IN",28.584511,77.205783,214.88,9.79175311123019,8.568929649155093,1017.5843771501544,,91.6920933755421,,NOAA_ISD,FM-12,,,True,2026-09-16T17:56:30.997704+00:00,5.0,180.0,5.0,time
2024-01-04 22:35:00+00:00,42182099999.0,"SAFDARJUNG, IN",28.584511,77.205783,214.88,9.864422212465913,8.630064028280614,1017.6235520721982,,91.88660762037398,,NOAA_ISD,FM-12,,,True,2026-09-16T17:56:30.997704+00:00,5.0,180.0,5.0,time
2024-01-04 22:40:00+00:00,42182099999.0,"SAFDARJUNG, IN",28.584511,77.205783,214.88,9.80308523170252,8.62257648925845,1017.6273762646855,,92.52432539561643,,NOAA_ISD,FM-12,,,True,2026-09-16T17:56:30.997704+00:00,5.0,180.0,5.0,time
2024-01-04 22:45:00+00:00,42182099999.0,"SAFDARJUNG, IN",28.584511,77.205783,214.88,9.80186139182108,8.59937321784689,1017.6157115742969,,92.15974901213603,,NOAA_ISD,FM-12,,,True,2026-09-16T17:56:30.997704+00:00,5.0,180.0,5.0,time
2024-01-04 22:50:00+00:00,42182099999.0,"SAFDARJUNG, IN",28.584511,77.205783,214.88,9.795560177614375,8.575496314853376,1017.6168087471154,,92.08985507634698,,NOAA_ISD,FM-12,,,True,2026-09-16T17:56:30.997704+00:00,5.0,180.0,5.0,time
2024-01-04 22:55:00+00:00,42182099999.0,"SAFDARJUNG, IN",28.584511,77.205783,214.88,9.800189812581074,8.588275986468421,1017.6255386410933,,92.56853205868724,,NOAA_ISD,FM-12,,,True,2026-09-16T17:56:30.997704+00:00,5.0,180.0,5.0,time
2024-01-04 23:00:00+00:00,42182099999.0,"SAFDARJUNG, IN",28.584511,77.205783,214.88,9.885939750152493,8.56357708830225,1017.6312376002604,,92.49303198909766,,NOAA_ISD,FM-12,,,True,2026-09-16T17:56:30.997704+00:00,5.0,180.0,5.0,time
2024-01-04 23:05:00+00:00,42182099999.0,"SAFDARJUNG, IN",28.584511,77.205783,214.88,9.68401946366244,8.618901617052359,1017.6373214283263,,92.24488974438395,,NOAA_ISD,FM-12,,,True,2026-09-16T17:56:30.997704+00:00,5.0,180.0,5.0,time
2024-01-04 23:10:00+00:00,42182099999.0,"SAFDARJUNG, IN",28.584511,77.205783,214.88,9.699922712778067,8.567933820662716,1017.6406844624141,,92.1813193817872,,NOAA_ISD,FM-12,,,True,2026-09-16T17:56:30.997704+00:00,5.0,180.0,5.0,time
2024-01-04 23:15:00+00:00,42182099999.0,"SAFDARJUNG, IN",28.584511,77.205783,214.88,9.772841458447195,8.605736617402933,1017.655048986292,,92.21357975743737,,NOAA_ISD,FM-12,,,True,2026-09-16T17:56:30.997704+00:00,5.0,180.0,5.0,time
2024-01-04 23:20:00+00:00,42182099999.0,"SAFDARJUNG, IN",28.584511,77.205783,214.88,9.800726394096879,8.583126133044406,1017.6706197968522,,92.28543255967749,,NOAA_ISD,FM-12,,,True,2026-09-16T17:56:30.997704+00:00,5.0,180.0,5.0,time
2024-01-04 23:25:00+00:00,42182099999.0,"SAFDARJUNG, IN",28.584511,77.205783,214.88,9.834505221238201,8.57146593110001,1017.6365059081592,,92.56000945626391,,NOAA_ISD,FM-12,,,True,2026-09-16T17:56:30.997704+00:00,5.0,180.0,5.0,time
2024-01-04 23:30:00+00:00,42182099999.0,"SAFDARJUNG, IN",28.584511,77.205783,214.88,9.823654359901374,8.604767101865571,1017.645653388682,,92.32449348484744,,NOAA_ISD,FM-12,,,True,2026-09-16T17:56:30.997704+00:00,5.0,180.0,5.0,time
2024-01-04 23:35:00+00:00,42182099999.0,"SAFDARJUNG, IN",28.584511,77.205783,214.88,9.780787704355973,8.59332401229376,1017.6372518616325,,92.38520580660783,,NOAA_ISD,FM-12,,,True,2026-09-16T17:56:30.997704+00:00,5.0,180.0,5.0,time
2024-01-04 23:40:00+00:00,42182099999.0,"SAFDARJUNG, IN",28.584511,77.205783,214.88,9.85095218466209,8.616763782108507,1017.695105725785,,92.47385402181403,,NOAA_ISD,FM-12,,,True,2026-09-16T17:56:30.997704+00:00,5.0,180.0,5.0,time
2024-01-04 23:45:00+00:00,42182099999.0,"SAFDARJUNG, IN",28.584511,77.205783,214.88,9.851509770157637,8.574647894625425,1017.6883397991973,,92.00606479979511,,NOAA_ISD,FM-12,,,True,2026-09-16T17:56:30.997704+00:00,5.0,180.0,5.0,time
2024-01-04 23:50:00+00:00,42182099999.0,"SAFDARJUNG, IN",28.584511,77.205783,214.88,9.80920289156358,8.584853707090524,1017.6989942392077,,92.39097237849481,,NOAA_ISD,FM-12,,,True,2026-09-16T17:56:30.997704+00:00,5.0,180.0,5.0,time
2024-01-04 23:55:00+00:00,42182099999.0,"SAFDARJUNG, IN",28.584511,77.205783,214.88,9.848132878624343,8.552247155830182,1017.6658544796771,,92.18108624906768,,NOAA_ISD,FM-12,,,True,2026-09-16T17:56:30.997704+00:00,5.0,180.0,5.0,time
2024-01-05 00:00:00+00:00,42182099999.0,"SAFDARJUNG, IN",28.584511,77.205783,214.88,9.813632263171607,8.556313066353441,1017.7356989624576,,91.73678096084544,derived_from_temperature_and_dew_point,NOAA_ISD,FM-12,VALID,"{'TMP_QC': '1', 'DEW_QC': '1', 'SLP_QC': '1', 'RECORD_QC': 'V020'}",True,2026-09-16T17:56:30.997704+00:00,5.0,180.0,5.0,time
2024-01-05 00:05:00+00:00,42182099999.0,"SAFDARJUNG, IN",28.584511,77.205783,214.88,9.821925848660857,8.68596384819957,1017.7350452040594,,91.81714386938062,,NOAA_ISD,FM-12,,,True,2026-09-16T17:56:30.997704+00:00,5.0,180.0,5.0,time
2024-01-05 00:10:00+00:00,42182099999.0,"SAFDARJUNG, IN",28.584511,77.205783,214.88,9.93489084195,8.741671964881993,1017.7978085605868,,92.04193203325181,,NOAA_ISD,FM-12,,,True,2026-09-16T17:56:30.997704+00:00,5.0,180.0,5.0,time
2024-01-05 00:15:00+00:00,42182099999.0,"SAFDARJUNG, IN",28.584511,77.205783,214.88,9.955530656128936,8.751854524104479,1017.8587543598802,,92.35457797905185,,NOAA_ISD,FM-12,,,True,2026-09-16T17:56:30.997704+00:00,5.0,180.0,5.0,time
2024-01-05 00:20:00+00:00,42182099999.0,"SAFDARJUNG, IN",28.584511,77.205783,214.88,10.000066992337725,8.783523424681869,1017.869149293773,,92.27387102417916,,NOAA_ISD,FM-12,,,True,2026-09-16T17:56:30.997704+00:00,5.0,180.0,5.0,time
2024-01-05 00:25:00+00:00,42182099999.0,"SAFDARJUNG, IN",28.584511,77.205783,214.88,10.12364767860948,8.844031021490197,1017.9251846239408,,92.29076223032402,,NOAA_ISD,FM-12,,,True,2026-09-16T17:56:30.997704+00:00,5.0,180.0,5.0,time
2024-01-05 00:30:00+00:00,42182099999.0,"SAFDARJUNG, IN",28.584511,77.205783,214.88,9.977456393572997,8.917471484049727,1017.9869167688254,,92.646855363204,,NOAA_ISD,FM-12,,,True,2026-09-16T17:56:30.997704+00:00,5.0,180.0,5.0,time
2024-01-05 00:35:00+00:00,42182099999.0,"SAFDARJUNG, IN",28.584511,77.205783,214.88,10.079115791492022,8.939712219603559,1018.0877050170649,,92.00562652147248,,NOAA_ISD,FM-12,,,True,2026-09-16T17:56:30.997704+00:00,5.0,180.0,5.0,time
2024-01-05 00:40:00+00:00,42182099999.0,"SAFDARJUNG, IN",28.584511,77.205783,214.88,10.140646478681283,9.004752677340834,1018.0838002726348,,92.25673555138547,,NOAA_ISD,FM-12,,,True,2026-09-16T17:56:30.997704+00:00,5.0,180.0,5.0,time
2024-01-05 00:45:00+00:00,42182099999.0,"SAFDARJUNG, IN",28.584511,77.205783,214.88,10.23183696762156,9.049744878990376,1018.1571272230126,,92.32588710456277,,NOAA_ISD,FM-12,,,True,2026-09-16T17:56:30.997704+00:00,5.0,180.0,5.0,time
2024-01-05 00:50:00+00:00,42182099999.0,"SAFDARJUNG, IN",28.584511,77.205783,214.88,10.287269591511699,9.088623746598342,1018.1963356851261,,92.1205231544701,,NOAA_ISD,FM-12,,,True,2026-09-16T17:56:30.997704+00:00,5.0,180.0,5.0,time
2024-01-05 00:55:00+00:00,42182099999.0,"SAFDARJUNG, IN",28.584511,77.205783,214.88,10.274633717611348,9.139476145080163,1018.2268046451743,,92.27622090457213,,NOAA_ISD,FM-12,,,True,2026-09-16T17:56:30.997704+00:00,5.0,180.0,5.0,time
2024-01-05 01:00:00+00:00,42182099999.0,"SAFDARJUNG, IN",28.584511,77.205783,214.88,10.350742098384458,9.20586641743371,1018.246882751234,,91.95334346651646,,NOAA_ISD,FM-12,,,True,2026-09-16T17:56:30.997704+00:00,5.0,180.0,5.0,time
2024-01-05 01:05:00+00:00,42182099999.0,"SAFDARJUNG, IN",28.584511,77.205783,214.88,10.406957916073823,9.230462237272251,1018.3350839611053,,92.55809235456611,,NOAA_ISD,FM-12,,,True,2026-09-16T17:56:30.997704+00:00,5.0,180.0,5.0,time
2024-01-05 01:10:00+00:00,42182099999.0,"SAFDARJUNG, IN",28.584511,77.205783,214.88,10.622871204603795,9.309034586912471,1018.3311489042782,,92.1425659783828,,NOAA_ISD,FM-12,,,True,2026-09-16T17:56:30.997704+00:00,5.0,180.0,5.0,time
2024-01-05 01:15:00+00:00,42182099999.0,"SAFDARJUNG, IN",28.584511,77.205783,214.88,10.640087097387358,9.340568420807015,1018.4403508358068,,92.68794669962237,,NOAA_ISD,FM-12,,,True,2026-09-16T17:56:30.997704+00:00,5.0,180.0,5.0,time
2024-01-05 01:20:00+00:00,42182099999.0,"SAFDARJUNG, IN",28.584511,77.205783,214.88,10.579412529115768,9.402547346092964,1018.4595556617198,,92.27794957966096,,NOAA_ISD,FM-12,,,True,2026-09-16T17:56:30.997704+00:00,5.0,180.0,5.0,time
2024-01-05 01:25:00+00:00,42182099999.0,"SAFDARJUNG, IN",28.584511,77.205783,214.88,10.63182083548466,9.477679251323371,1018.4497733068317,,92.49283293530206,,NOAA_ISD,FM-12,,,True,2026-09-16T17:56:30.997704+00:00,5.0,180.0,5.0,time
2024-01-05 01:30:00+00:00,42182099999.0,"SAFDARJUNG, IN",28.584511,77.205783,214.88,10.642539800140584,9.49663615909546,1018.5431898780993,,92.27933942620176,,NOAA_ISD,FM-12,,,True,2026-09-16T17:56:30.997704+00:00,5.0,180.0,5.0,time
2024-01-05 01:35:00+00:00,42182099999.0,"SAFDARJUNG, IN",28.584511,77.205783,214.88,10.654593479338736,9.56839608680384,1018.6103011786407,,92.28662901132567,,NOAA_ISD,FM-12,,,True,2026-09-16T17:56:30.997704+00:00,5.0,180.0,5.0,time
2024-01-05 01:40:00+00:00,42182099999.0,"SAFDARJUNG, IN",28.584511,77.205783,214.88,10.794155990679574,9.564159342882324,1018.6397039669837,,92.17874968891115,,NOAA_ISD,FM-12,,,True,2026-09-16T17:56:30.997704+00:00,5.0,180.0,5.0,time
2024-01-05 01:45:00+00:00,42182099999.0,"SAFDARJUNG, IN",28.584511,77.205783,214.88,10.800107400837799,9.640592739727188,1018.7059667828865,,92.32215811920659,,NOAA_ISD,FM-12,,,True,2026-09-16T17:56:30.997704+00:00,5.0,180.0,5.0,time
2024-01-05 01:50:00+00:00,42182099999.0,"SAFDARJUNG, IN",28.584511,77.205783,214.88,10.8957574734169,9.700553772421522,1018.7218884055347,,92.36471084999393,,NOAA_ISD,FM-12,,,True,2026-09-16T17:56:30.997704+00:00,5.0,180.0,5.0,time
2024-01-05 01:55:00+00:00,42182099999.0,"SAFDARJUNG, IN",28.584511,77.205783,214.88,10.869989707547825,9.788466613584129,1018.7599914636554,,92.14703718710585,,NOAA_ISD,FM-12,,,True,2026-09-16T17:56:30.997704+00:00,5.0,180.0,5.0,time
2024-01-05 02:00:00+00:00,42182099999.0,"SAFDARJUNG, IN",28.584511,77.205783,214.88,10.961901277084488,9.760800958334803,1018.8319044252725,,92.2816577834947,,NOAA_ISD,FM-12,,,True,2026-09-16T17:56:30.997704+00:00,5.0,180.0,5.0,time
2024-01-05 02:05:00+00:00,42182099999.0,"SAFDARJUNG, IN",28.584511,77.205783,214.88,11.057431354765143,9.848075802762144,1018.8811868689014,,92.18742467123303,,NOAA_ISD,FM-12,,,True,2026-09-16T17:56:30.997704+00:00,5.0,180.0,5.0,time
2024-01-05 02:10:00+00:00,42182099999.0,"SAFDARJUNG, IN",28.584511,77.205783,214.88,11.118310479889196,9.929133777018325,1018.9208100907565,,92.77215503614518,,NOAA_ISD,FM-12,,,True,2026-09-16T17:56:30.997704+00:00,5.0,180.0,5.0,time
2024-01-05 02:15:00+00:00,42182099999.0,"SAFDARJUNG, IN",28.584511,77.205783,214.88,11.170873597937101,9.934299591894662,1018.9995458229329,,92.29705384601768,,NOAA_ISD,FM-12,,,True,2026-09-16T17:56:30.997704+00:00,5.0,180.0,5.0,time
2024-01-05 02:20:00+00:00,42182099999.0,"SAFDARJUNG, IN",28.584511,77.205783,214.88,11.133975550792147,9.995743223791486,1019.0052180747194,,92.62682420811709,,NOAA_ISD,FM-12,,,True,2026-09-16T17:56:30.997704+00:00,5.0,180.0,5.0,time
2024-01-05 02:25:00+00:00,42182099999.0,"SAFDARJUNG, IN",28.584511,77.205783,214.88,11.292734286506779,10.056634779701112,1019.0757077565911,,92.28143108939402,,NOAA_ISD,FM-12,,,True,2026-09-16T17:56:30.997704+00:00,5.0,180.0,5.0,time
2024-01-05 02:30:00+00:00,42182099999.0,"SAFDARJUNG, IN",28.584511,77.205783,214.88,11.259989415169908,10.103690171074454,1019.1180260660899,,92.37519086164032,,NOAA_ISD,FM-12,,,True,2026-09-16T17:56:30.997704+00:00,5.0,180.0,5.0,time
2024-01-05 02:35:00+00:00,42182099999.0,"SAFDARJUNG, IN",28.584511,77.205783,214.88,11.381642895730366,10.18131540950909,1019.1327545698462,,92.06183829678207,,NOAA_ISD,FM-12,,,True,2026-09-16T17:56:30.997704+00:00,5.0,180.0,5.0,time
2024-01-05 02:40:00+00:00,42182099999.0,"SAFDARJUNG, IN",28.584511,77.205783,214.88,11.39946806616909,10.208969476201466,1019.1847305074377,,92.23947437051532,,NOAA_ISD,FM-12,,,True,2026-09-16T17:56:30.997704+00:00,5.0,180.0,5.0,time
2024-01-05 02:45:00+00:00,42182099999.0,"SAFDARJUNG, IN",28.584511,77.205783,214.88,11.381180625046103,10.276555457910284,1019.2585715536583,,92.3737736008245,,NOAA_ISD,FM-12,,,True,2026-09-16T17:56:30.997704+00:00,5.0,180.0,5.0,time
2024-01-05 02:50:00+00:00,42182099999.0,"SAFDARJUNG, IN",28.584511,77.205783,214.88,11.484190114770941,10.292799832853802,1019.3451795555293,,92.65164521063642,,NOAA_ISD,FM-12,,,True,2026-09-16T17:56:30.997704+00:00,5.0,180.0,5.0,time
2024-01-05 02:55:00+00:00,42182099999.0,"SAFDARJUNG, IN",28.584511,77.205783,214.88,11.568268187103188,10.335189491774994,1019.3643631740157,,92.38161877775748,,NOAA_ISD,FM-12,,,True,2026-09-16T17:56:30.997704+00:00,5.0,180.0,5.0,time
2024-01-05 03:00:00+00:00,42182099999.0,"SAFDARJUNG, IN",28.584511,77.205783,214.88,11.63064826902373,10.395485536139608,1019.365487303497,,92.6167440722386,derived_from_temperature_and_dew_point,NOAA_ISD,FM-12,VALID,"{'TMP_QC': '1', 'DEW_QC': '1', 'SLP_QC': '1', 'RECORD_QC': 'V020'}",True,2026-09-16T17:56:30.997704+00:00,5.0,180.0,5.0,time
2024-01-05 03:05:00+00:00,42182099999.0,"SAFDARJUNG, IN",28.584511,77.205783,214.88,11.64295060512778,10.396262382577092,1019.3489013498087,,92.29120137759614,,NOAA_ISD,FM-12,,,True,2026-09-16T17:56:30.997704+00:00,5.0,180.0,5.0,time
2024-01-05 03:10:00+00:00,42182099999.0,"SAFDARJUNG, IN",28.584511,77.205783,214.88,11.776588944530053,10.448559122813093,1019.4368832940823,,92.31159137900406,,NOAA_ISD,FM-12,,,True,2026-09-16T17:56:30.997704+00:00,5.0,180.0,5.0,time
2024-01-05 03:15:00+00:00,42182099999.0,"SAFDARJUNG, IN",28.584511,77.205783,214.88,11.800375538549329,10.45061577107823,1019.4314090636747,,91.79735822320566,,NOAA_ISD,FM-12,,,True,2026-09-16T17:56:30.997704+00:00,5.0,180.0,5.0,time
2024-01-05 03:20:00+00:00,42182099999.0,"SAFDARJUNG, IN",28.584511,77.205783,214.88,11.787167294180012,10.46434199977823,1019.4672697638347,,92.11026676435259,,NOAA_ISD,FM-12,,,True,2026-09-16T17:56:30.997704+00:00,5.0,180.0,5.0,time
2024-01-05 03:25:00+00:00,42182099999.0,"SAFDARJUNG, IN",28.584511,77.205783,214.88,11.887506090606847,10.507195390414642,1019.4379411971413,,91.35819853719495,,NOAA_ISD,FM-12,,,True,2026-09-16T17:56:30.997704+00:00,5.0,180.0,5.0,time
2024-01-05 03:30:00+00:00,42182099999.0,"SAFDARJUNG, IN",28.584511,77.205783,214.88,11.99668967425941,10.493792351107182,1019.4736709166239,,91.1250409664938,,NOAA_ISD,FM-12,,,True,2026-09-16T17:56:30.997704+00:00,5.0,180.0,5.0,time
2024-01-05 03:35:00+00:00,42182099999.0,"SAFDARJUNG, IN",28.584511,77.205783,214.88,12.04802423003915,10.551521155388228,1019.4947012470383,,90.85937831895109,,NOAA_ISD,FM-12,,,True,2026-09-16T17:56:30.997704+00:00,5.0,180.0,5.0,time
2024-01-05 03:40:00+00:00,42182099999.0,"SAFDARJUNG, IN",28.584511,77.205783,214.88,11.938600005958875,10.545988807785728,1019.4799396161247,,91.39064937875607,,NOAA_ISD,FM-12,,,True,2026-09-16T17:56:30.997704+00:00,5.0,180.0,5.0,time
2024-01-05 03:45:00+00:00,42182099999.0,"SAFDARJUNG, IN",28.584511,77.205783,214.88,12.003673344442143,10.598181928881884,1019.4914782885954,,90.91138951452358,,NOAA_ISD,FM-12,,,True,2026-09-16T17:56:30.997704+00:00,5.0,180.0,5.0,time
2024-01-05 03:50:00+00:00,42182099999.0,"SAFDARJUNG, IN",28.584511,77.205783,214.88,12.174245939336693,10.586589692879853,1019.511616367733,,90.5037314088795,,NOAA_ISD,FM-12,,,True,2026-09-16T17:56:30.997704+00:00,5.0,180.0,5.0,time
2024-01-05 03:55:00+00:00,42182099999.0,"SAFDARJUNG, IN",28.584511,77.205783,214.88,12.097085947458119,10.626527082220047,1019.5330757491535,,90.6434156504858,,NOAA_ISD,FM-12,,,True,2026-09-16T17:56:30.997704+00:00,5.0,180.0,5.0,time
2024-01-05 04:00:00+00:00,42182099999.0,"SAFDARJUNG, IN",28.584511,77.205783,214.88,12.133872943335415,10.636924580808792,1019.5330466532431,,90.35420510369022,,NOAA_ISD,FM-12,,,True,2026-09-16T17:56:30.997704+00:00,5.0,180.0,5.0,time
2024-01-05 04:05:00+00:00,42182099999.0,"SAFDARJUNG, IN",28.584511,77.205783,214.88,12.225690293465048,10.667655815252068,1019.5639243711995,,90.43294771649734,,NOAA_ISD,FM-12,,,True,2026-09-16T17:56:30.997704+00:00,5.0,180.0,5.0,time
2024-01-05 04:10:00+00:00,42182099999.0,"SAFDARJUNG, IN",28.584511,77.205783,214.88,12.32101133547373,10.674421160065174,1019.5463168517703,,89.5532112112298,,NOAA_ISD,FM-12,,,True,2026-09-16T17:56:30.997704+00:00,5.0,180.0,5.0,time
2024-01-05 04:15:00+00:00,42182099999.0,"SAFDARJUNG, IN",28.584511,77.205783,214.88,12.344880164669444,10.658398718419802,1019.5400987625574,,89.63276131167048,,NOAA_ISD,FM-12,,,True,2026-09-16T17:56:30.997704+00:00,5.0,180.0,5.0,time
2024-01-05 04:20:00+00:00,42182099999.0,"SAFDARJUNG, IN",28.584511,77.205783,214.88,12.367471818979721,10.731286981895954,1019.6173172851401,,89.41638461210033,,NOAA_ISD,FM-12,,,True,2026-09-16T17:56:30.997704+00:00,5.0,180.0,5.0,time
2024-01-05 04:25:00+00:00,42182099999.0,"SAFDARJUNG, IN",28.584511,77.205783,214.88,12.416289376913774,10.728801897106399,1019.576796214158,,88.93720790916272,,NOAA_ISD,FM-12,,,True,2026-09-16T17:56:30.997704+00:00,5.0,180.0,5.0,time
2024-01-05 04:30:00+00:00,42182099999.0,"SAFDARJUNG, IN",28.584511,77.205783,214.88,12.464383146779365,10.765790321547096,1019.5886311583256,,89.36706544095594,,NOAA_ISD,FM-12,,,True,2026-09-16T17:56:30.997704+00:00,5.0,180.0,5.0,time
2024-01-05 04:35:00+00:00,42182099999.0,"SAFDARJUNG, IN",28.584511,77.205783,214.88,12.506024518567054,10.783249373981821,1019.6097950446897,,88.92397624439488,,NOAA_ISD,FM-12,,,True,2026-09-16T17:56:30.997704+00:00,5.0,180.0,5.0,time
2024-01-05 04:40:00+00:00,42182099999.0,"SAFDARJUNG, IN",28.584511,77.205783,214.88,12.714081643863803,10.773422959268663,1019.6235658444152,,88.94903735210842,,NOAA_ISD,FM-12,,,True,2026-09-16T17:56:30.997704+00:00,5.0,180.0,5.0,time
2024-01-05 04:45:00+00:00,42182099999.0,"SAFDARJUNG, IN",28.584511,77.205783,214.88,12.664875553559279,10.790037425229828,1019.6255996604835,,89.09612105353258,,NOAA_ISD,FM-12,,,True,2026-09-16T17:56:30.997704+00:00,5.0,180.0,5.0,time
2024-01-05 04:50:00+00:00,42182099999.0,"SAFDARJUNG, IN",28.584511,77.205783,214.88,12.744337952720237,10.840884879806758,1019.6440957665054,,88.3765734838567,,NOAA_ISD,FM-12,,,True,2026-09-16T17:56:30.997704+00:00,5.0,180.0,5.0,time
2024-01-05 04:55:00+00:00,42182099999.0,"SAFDARJUNG, IN",28.584511,77.205783,214.88,12.725546126594054,10.841157241634011,1019.654760310927,,88.18604718124635,,NOAA_ISD,FM-12,,,True,2026-09-16T17:56:30.997704+00:00,5.0,180.0,5.0,time
2024-01-05 05:00:00+00:00,42182099999.0,"SAFDARJUNG, IN",28.584511,77.205783,214.88,12.790702166140699,10.885395252255996,1019.670163053207,,88.11706616727814,,NOAA_ISD,FM-12,,,True,2026-09-16T17:56:30.997704+00:00,5.0,180.0,5.0,time
2024-01-05 05:05:00+00:00,42182099999.0,"SAFDARJUNG, IN",28.584511,77.205783,214.88,12.814322300931481,10.882547092253851,1019.6306280285979,,88.11383835948557,,NOAA_ISD,FM-12,,,True,2026-09-16T17:56:30.997704+00:00,5.0,180.0,5.0,time
2024-01-05 05:10:00+00:00,42182099999.0,"SAFDARJUNG, IN",28.584511,77.205783,214.88,12.767414583254041,10.926023751104522,1019.726506415029,,87.62610183938241,,NOAA_ISD,FM-12,,,True,2026-09-16T17:56:30.997704+00:00,5.0,180.0,5.0,time
2024-01-05 05:15:00+00:00,42182099999.0,"SAFDARJUNG, IN",28.584511,77.205783,214.88,12.881099536157606,10.933466089684183,1019.6970542337292,,87.43630768057358,,NOAA_ISD,FM-12,,,True,2026-09-16T17:56:30.997704+00:00,5.0,180.0,5.0,time
2024-01-05 05:20:00+00:00,42182099999.0,"SAFDARJUNG, IN",28.584511,77.205783,214.88,12.90946906600098,10.950203944318728,1019.7227235635,,87.59699340960383,,NOAA_ISD,FM-12,,,True,2026-09-16T17:56:30.997704+00:00,5.0,180.0,5.0,time
2024-01-05 05:25:00+00:00,42182099999.0,"SAFDARJUNG, IN",28.584511,77.205783,214.88,12.93751081110242,10.956408664914083,1019.6946601953915,,87.28433897587871,,NOAA_ISD,FM-12,,,True,2026-09-16T17:56:30.997704+00:00,5.0,180.0,5.0,time
2024-01-05 05:30:00+00:00,42182099999.0,"SAFDARJUNG, IN",28.584511,77.205783,214.88,13.040232051285095,10.987981885614563,1019.7239133281083,,86.6227210140657,,NOAA_ISD,FM-12,,,True,2026-09-16T17:56:30.997704+00:00,5.0,180.0,5.0,time
2024-01-05 05:35:00+00:00,42182099999.0,"SAFDARJUNG, IN",28.584511,77.205783,214.88,13.216247783969083,11.026634832076832,1019.730998127118,,86.6096438623284,,NOAA_ISD,FM-12,,,True,2026-09-16T17:56:30.997704+00:00,5.0,180.0,5.0,time
2024-01-05 05:40:00+00:00,42182099999.0,"SAFDARJUNG, IN",28.584511,77.205783,214.88,13.197778191614784,11.021137913048955,1019.7849500308456,,86.97802495054322,,NOAA_ISD,FM-12,,,True,2026-09-16T17:56:30.997704+00:00,5.0,180.0,5.0,time
2024-01-05 05:45:00+00:00,42182099999.0,"SAFDARJUNG, IN",28.584511,77.205783,214.88,13.314528188116059,11.052290155540343,1019.7549503945299,,86.5812189899491,,NOAA_ISD,FM-12,,,True,2026-09-16T17:56:30.997704+00:00,5.0,180.0,5.0,time
2024-01-05 05:50:00+00:00,42182099999.0,"SAFDARJUNG, IN",28.584511,77.205783,214.88,13.320549128845045,11.062038312636105,1019.7929393775165,,86.17144970268144,,NOAA_ISD,FM-12,,,True,2026-09-16T17:56:30.997704+00:00,5.0,180.0,5.0,time
2024-01-05 05:55:00+00:00,42182099999.0,"SAFDARJUNG, IN",28.584511,77.205783,214.88,13.389127941285757,11.083047636410464,1019.7758804798355,,86.11286251299745,,NOAA_ISD,FM-12,,,True,2026-09-16T17:56:30.997704+00:00,5.0,180.0,5.0,time
2024-01-05 06:00:00+00:00,42182099999.0,"SAFDARJUNG, IN",28.584511,77.205783,214.88,13.35495515023477,11.134468215138766,1019.7909476212069,,85.97264733456034,derived_from_temperature_and_dew_point,NOAA_ISD,FM-12,VALID,"{'TMP_QC': '1', 'DEW_QC': '1', 'SLP_QC': '1', 'RECORD_QC': 'V020'}",True,2026-09-16T17:56:30.997704+00:00,5.0,180.0,5.0,time
2024-01-05 06:05:00+00:00,42182099999.0,"SAFDARJUNG, IN",28.584511,77.205783,214.88,13.442864214376302,11.143479045065234,1019.7256445522515,,86.13464667205604,,NOAA_ISD,FM-12,,,True,2026-09-16T17:56:30.997704+00:00,5.0,180.0,5.0,time
2024-01-05 06:10:00+00:00,42182099999.0,"SAFDARJUNG, IN",28.584511,77.205783,214.88,13.46976904503705,11.140476965192804,1019.6867880136476,,85.73334732102823,,NOAA_ISD,FM-12,,,True,2026-09-16T17:56:30.997704+00:00,5.0,180.0,5.0,time
2024-01-05 06:15:00+00:00,42182099999.0,"SAFDARJUNG, IN",28.584511,77.205783,214.88,13.421167635388317,11.162622415092054,1019.553869613486,,85.8543101722659,,NOAA_ISD,FM-12,,,True,2026-09-16T17:56:30.997704+00:00,5.0,180.0,5.0,time
2024-01-05 06:20:00+00:00,42182099999.0,"SAFDARJUNG, IN",28.584511,77.205783,214.88,13.494643685197476,11.163740367706758,1019.4959089511167,,86.09459115097268,,NOAA_ISD,FM-12,,,True,2026-09-16T17:56:30.997704+00:00,5.0,180.0,5.0,time
2024-01-05 06:25:00+00:00,42182099999.0,"SAFDARJUNG, IN",28.584511,77.205783,214.88,13.511642721262076,11.193762791296924,1019.413831674464,,86.03753308390091,,NOAA_ISD,FM-12,,,True,2026-09-16T17:56:30.997704+00:00,5.0,180.0,5.0,time
2024-01-05 06:30:00+00:00,42182099999.0,"SAFDARJUNG, IN",28.584511,77.205783,214.88,13.472522368943496,11.222854622417639,1019.3615832909381,,86.18937183652734,,NOAA_ISD,FM-12,,,True,2026-09-16T17:56:30.997704+00:00,5.0,180.0,5.0,time
2024-01-05 06:35:00+00:00,42182099999.0,"SAFDARJUNG, IN",28.584511,77.205783,214.88,13.460528245053117,11.253123382902494,1019.2976568878651,,85.84659852052808,,NOAA_ISD,FM-12,,,True,2026-09-16T17:56:30.997704+00:00,5.0,180.0,5.0,time
2024-01-05 06:40:00+00:00,42182099999.0,"SAFDARJUNG, IN",28.584511,77.205783,214.88,13.47412691673842,11.270539973493774,1019.2121548193626,,86.18142573525427,,NOAA_ISD,FM-12,,,True,2026-09-16T17:56:30.997704+00:00,5.0,180.0,5.0,time
2024-01-05 06:45:00+00:00,42182099999.0,"SAFDARJUNG, IN",28.584511,77.205783,214.88,13.554325277096074,11.25281481888191,1019.1603170450677,,86.34581672387549,,NOAA_ISD,FM-12,,,True,2026-09-16T17:56:30.997704+00:00,5.0,180.0,5.0,time
2024-01-05 06:50:00+00:00,42182099999.0,"SAFDARJUNG, IN",28.584511,77.205783,214.88,13.583017160106133,11.313984099058016,1019.0652612659368,,86.24236370942985,,NOAA_ISD,FM-12,,,True,2026-09-16T17:56:30.997704+00:00,5.0,180.0,5.0,time
2024-01-05 06:55:00+00:00,42182099999.0,"SAFDARJUNG, IN",28.584511,77.205783,214.88,13.543707041810439,11.312113415301337,1019.0157513366357,,86.19032234795232,,NOAA_ISD,FM-12,,,True,2026-09-16T17:56:30.997704+00:00,5.0,180.0,5.0,time
2024-01-05 07:00:00+00:00,42182099999.0,"SAFDARJUNG, IN",28.584511,77.205783,214.88,13.601329267066305,11.313593506219783,1018.9906750746648,,86.16082327948679,,NOAA_ISD,FM-12,,,True,2026-09-16T17:56:30.997704+00:00,5.0,180.0,5.0,time
2024-01-05 07:05:00+00:00,42182099999.0,"SAFDARJUNG, IN",28.584511,77.205783,214.88,13.645193518473592,11.379505472526416,1018.9052939836278,,86.03052976944569,,NOAA_ISD,FM-12,,,True,2026-09-16T17:56:30.997704+00:00,5.0,180.0,5.0,time
2024-01-05 07:10:00+00:00,42182099999.0,"SAFDARJUNG, IN",28.584511,77.205783,214.88,13.664242869066598,11.40148780215698,1018.8315271312213,,86.20060028151205,,NOAA_ISD,FM-12,,,True,2026-09-16T17:56:30.997704+00:00,5.0,180.0,5.0,time
2024-01-05 07:15:00+00:00,42182099999.0,"SAFDARJUNG, IN",28.584511,77.205783,214.88,13.727594006006125,11.396941606313481,1018.7382777622078,,86.48444117057608,,NOAA_ISD,FM-12,,,True,2026-09-16T17:56:30.997704+00:00,5.0,180.0,5.0,time
2024-01-05 07:20:00+00:00,42182099999.0,"SAFDARJUNG, IN",28.584511,77.205783,214.88,13.730515708276569,11.425286983149217,1018.658167189708,,86.22619429867997,,NOAA_ISD,FM-12,,,True,2026-09-16T17:56:30.997704+00:00,5.0,180.0,5.0,time
2024-01-05 07:25:00+00:00,42182099999.0,"SAFDARJUNG, IN",28.584511,77.205783,214.88,13.633268761695506,11.445904539730444,1018.5966613229338,,86.08953920213031,,NOAA_ISD,FM-12,,,True,2026-09-16T17:56:30.997704+00:00,5.0,180.0,5.0,time
2024-01-05 07:30:00+00:00,42182099999.0,"SAFDARJUNG, IN",28.584511,77.205783,214.88,13.784179310476901,11.477915443056244,1018.549135803462,,86.18655058224692,,NOAA_ISD,FM-12,,,True,2026-09-16T17:56:30.997704+00:00,5.0,180.0,5.0,time
2024-01-05 07:35:00+00:00,42182099999.0,"SAFDARJUNG, IN",28.584511,77.205783,214.88,13.69011784143888,11.484005814953079,1018.49791909115,,86.34267005945519,,NOAA_ISD,FM-12,,,True,2026-09-16T17:56:30.997704+00:00,5.0,180.0,5.0,time
2024-01-05 07:40:00+00:00,42182099999.0,"SAFDARJUNG, IN",28.584511,77.205783,214.88,13.785576973956056,11.462335123340118,1018.4291584594538,,86.24529720056383,,NOAA_ISD,FM-12,,,True,2026-09-16T17:56:30.997704+00:00,5.0,180.0,5.0,time
2024-01-05 07:45:00+00:00,42182099999.0,"SAFDARJUNG, IN",28.584511,77.205783,214.88,13.753399331302555,11.548529488312756,1018.3542789139162,,86.43456065661262,,NOAA_ISD,FM-12,,,True,2026-09-16T17:56:30.997704+00:00,5.0,180.0,5.0,time
2024-01-05 07:50:00+00:00,42182099999.0,"SAFDARJUNG, IN",28.584511,77.205783,214.88,13.746059197743818,11.54909091556738,1018.2574710849408,,86.45956875214979,,NOAA_ISD,FM-12,,,True,2026-09-16T17:56:30.997704+00:00,5.0,180.0,5.0,time
2024-01-05 07:55:00+00:00,42182099999.0,"SAFDARJUNG, IN",28.584511,77.205783,214.88,13.692948490344586,11.537031738116767,1018.2032687744259,,86.55029663608093,,NOAA_ISD,FM-12,,,True,2026-09-16T17:56:30.997704+00:00,5.0,180.0,5.0,time
2024-01-05 08:00:00+00:00,42182099999.0,"SAFDARJUNG, IN",28.584511,77.205783,214.88,13.791421774489184,11.546074165219519,1018.1269064827326,,86.67471189445301,,NOAA_ISD,FM-12,,,True,2026-09-16T17:56:30.997704+00:00,5.0,180.0,5.0,time
2024-01-05 08:05:00+00:00,42182099999.0,"SAFDARJUNG, IN",28.584511,77.205783,214.88,13.738697504901387,11.596207379719194,1018.059865093619,,86.60667174487448,,NOAA_ISD,FM-12,,,True,2026-09-16T17:56:30.997704+00:00,5.0,180.0,5.0,time
2024-01-05 08:10:00+00:00,42182099999.0,"SAFDARJUNG, IN",28.584511,77.205783,214.88,13.881698295125473,11.599990354788204,1018.0351870023836,,86.2381521871704,,NOAA_ISD,FM-12,,,True,2026-09-16T17:56:30.997704+00:00,5.0,180.0,5.0,time
2024-01-05 08:15:00+00:00,42182099999.0,"SAFDARJUNG, IN",28.584511,77.205783,214.88,13.925839632856961,11.631599907079979,1017.8897599952599,,86.26179311068474,,NOAA_ISD,FM-12,,,True,2026-09-16T17:56:30.997704+00:00,5.0,180.0,5.0,time
2024-01-05 08:20:00+00:00,42182099999.0,"SAFDARJUNG, IN",28.584511,77.205783,214.88,13.826821117201833,11.659312581270012,1017.8508620192371,,86.44484570470803,,NOAA_ISD,FM-12,,,True,2026-09-16T17:56:30.997704+00:00,5.0,180.0,5.0,time
2024-01-05 08:25:00+00:00,42182099999.0,"SAFDARJUNG, IN",28.584511,77.205783,214.88,13.898431870459296,11.652560051128953,1017.810346089255,,86.38726492855211,,NOAA_ISD,FM-12,,,True,2026-09-16T17:56:30.997704+00:00,5.0,180.0,5.0,time
2024-01-05 08:30:00+00:00,42182099999.0,"SAFDARJUNG, IN",28.584511,77.205783,214.88,13.863730423899602,11.661011173479647,1017.6873488367659,,86.26733465460781,,NOAA_ISD,FM-12,,,True,2026-09-16T17:56:30.997704+00:00,5.0,180.0,5.0,time
2024-01-05 08:35:00+00:00,42182099999.0,"SAFDARJUNG, IN",28.584511,77.205783,214.88,13.885242430159826,11.710494147135218,1017.6343472737168,,86.42416164116538,,NOAA_ISD,FM-12,,,True,2026-09-16T17:56:30.997704+00:00,5.0,180.0,5.0,time
2024-01-05 08:40:00+00:00,42182099999.0,"SAFDARJUNG, IN",28.584511,77.205783,214.88,13.972058068526602,11.711554465116684,1017.5671970078264,,86.4350974132762,,NOAA_ISD,FM-12,,,True,2026-09-16T17:56:30.997704+00:00,5.0,180.0,5.0,time
2024-01-05 08:45:00+00:00,42182099999.0,"SAFDARJUNG, IN",28.584511,77.205783,214.88,13.94807308690783,11.744588582381315,1017.5038675388922,,86.41313045204775,,NOAA_ISD,FM-12,,,True,2026-09-16T17:56:30.997704+00:00,5.0,180.0,5.0,time
2024-01-05 08:50:00+00:00,42182099999.0,"SAFDARJUNG, IN",28.584511,77.205783,214.88,14.053649068763217,11.734244582371867,1017.4069697456968,,86.50184210276899,,NOAA_ISD,FM-12,,,True,2026-09-16T17:56:30.997704+00:00,5.0,180.0,5.0,time
2024-01-05 08:55:00+00:00,42182099999.0,"SAFDARJUNG, IN",28.584511,77.205783,214.88,13.959221709398186,11.775511901066064,1017.3813501656512,,86.81819017006366,,NOAA_ISD,FM-12,,,True,2026-09-16T17:56:30.997704+00:00,5.0,180.0,5.0,time
2024-01-05 09:00:00+00:00,42182099999.0,"SAFDARJUNG, IN",28.584511,77.205783,214.88,14.049966816623725,11.8142990378208,1017.3133257456502,,86.63984760824984,derived_from_temperature_and_dew_point,NOAA_ISD,FM-12,VALID,"{'TMP_QC': '1', 'DEW_QC': '1', 'SLP_QC': '1', 'RECORD_QC': 'V020'}",True,2026-09-16T17:56:30.997704+00:00,5.0,180.0,5.0,time
2024-01-05 09:05:00+00:00,42182099999.0,"SAFDARJUNG, IN",28.584511,77.205783,214.88,13.977092892870111,11.814896427930714,1017.312945284278,,87.27325070409998,,NOAA_ISD,FM-12,,,True,2026-09-16T17:56:30.997704+00:00,5.0,180.0,5.0,time
2024-01-05 09:10:00+00:00,42182099999.0,"SAFDARJUNG, IN",28.584511,77.205783,214.88,13.984233344931656,11.789788396138091,1017.2881480820697,,86.99187941498171,,NOAA_ISD,FM-12,,,True,2026-09-16T17:56:30.997704+00:00,5.0,180.0,5.0,time
2024-01-05 09:15:00+00:00,42182099999.0,"SAFDARJUNG, IN",28.584511,77.205783,214.88,13.894308783800168,11.784968045946972,1017.310063549149,,87.07865351187921,,NOAA_ISD,FM-12,,,True,2026-09-16T17:56:30.997704+00:00,5.0,180.0,5.0,time
2024-01-05 09:20:00+00:00,42182099999.0,"SAFDARJUNG, IN",28.584511,77.205783,214.88,13.88641094701131,11.811426384906147,1017.2931223063197,,87.31638213208652,,NOAA_ISD,FM-12,,,True,2026-09-16T17:56:30.997704+00:00,5.0,180.0,5.0,time
2024-01-05 09:25:00+00:00,42182099999.0,"SAFDARJUNG, IN",28.584511,77.205783,214.88,13.855336167146165,11.825109544829278,1017.3072369556735,,87.54574284013314,,NOAA_ISD,FM-12,,,True,2026-09-16T17:56:30.997704+00:00,5.0,180.0,5.0,time
2024-01-05 09:30:00+00:00,42182099999.0,"SAFDARJUNG, IN",28.584511,77.205783,214.88,13.791530477591044,11.824770169470517,1017.35973602521,,87.76038412476754,,NOAA_ISD,FM-12,,,True,2026-09-16T17:56:30.997704+00:00,5.0,180.0,5.0,time
2024-01-05 09:35:00+00:00,42182099999.0,"SAFDARJUNG, IN",28.584511,77.205783,214.88,13.838659632284642,11.809201247557219,1017.3213583519964,,88.26756448739403,,NOAA_ISD,FM-12,,,True,2026-09-16T17:56:30.997704+00:00,5.0,180.0,5.0,time
2024-01-05 09:40:00+00:00,42182099999.0,"SAFDARJUNG, IN",28.584511,77.205783,214.88,13.810290228056697,11.828178711071955,1017.2984716907024,,87.86204701811559,,NOAA_ISD,FM-12,,,True,2026-09-16T17:56:30.997704+00:00,5.0,180.0,5.0,time
2024-01-05 09:45:00+00:00,42182099999.0,"SAFDARJUNG, IN",28.584511,77.205783,214.88,13.779677734745277,11.85504710942552,1017.3286067068132,,88.38180921163554,,NOAA_ISD,FM-12,,,True,2026-09-16T17:56:30.997704+00:00,5.0,180.0,5.0,time
2024-01-05 09:50:00+00:00,42182099999.0,"SAFDARJUNG, IN",28.584511,77.205783,214.88,13.799070504918104,11.83188067152396,1017.3007418592565,,88.43043900841171,,NOAA_ISD,FM-12,,,True,2026-09-16T17:56:30.997704+00:00,5.0,180.0,5.0,time
2024-01-05 09:55:00+00:00,42182099999.0,"SAFDARJUNG, IN",28.584511,77.205783,214.88,13.76691168450626,11.797892596839183,1017.3065753477052,,88.25355822926366,,NOAA_ISD,FM-12,,,True,2026-09-16T17:56:30.997704+00:00,5.0,180.0,5.0,time
2024-01-05 10:00:00+00:00,42182099999.0,"SAFDARJUNG, IN",28.584511,77.205783,214.88,13.64791943217421,11.837397340095347,1017.3125108706142,,88.90080642308563,,NOAA_ISD,FM-12,,,True,2026-09-16T17:56:30.997704+00:00,5.0,180.0,5.0,time
2024-01-05 10:05:00+00:00,42182099999.0,"SAFDARJUNG, IN",28.584511,77.205783,214.88,13.657541504810599,11.876990250535364,1017.3272249220672,,89.17908026771633,,NOAA_ISD,FM-12,,,True,2026-09-16T17:56:30.997704+00:00,5.0,180.0,5.0,time
2024-01-05 10:10:00+00:00,42182099999.0,"SAFDARJUNG, IN",28.584511,77.205783,214.88,13.5799310766482,11.813141072626577,1017.3576282688007,,88.93300916368895,,NOAA_ISD,FM-12,,,True,2026-09-16T17:56:30.997704+00:00,5.0,180.0,5.0,time
2024-01-05 10:15:00+00:00,42182099999.0,"SAFDARJUNG, IN",28.584511,77.205783,214.88,13.584501099139061,11.842261159903247,1017.353234630627,,89.28154655975494,,NOAA_ISD,FM-12,,,True,2026-09-16T17:56:30.997704+00:00,5.0,180.0,5.0,time
2024-01-05 10:20:00+00:00,42182099999.0,"SAFDARJUNG, IN",28.584511,77.205783,214.88,13.525568083099612,11.839917735783802,1017.3549043510094,,89.11715136982069,,NOAA_ISD,FM-12,,,True,2026-09-16T17:56:30.997704+00:00,5.0,180.0,5.0,time
2024-01-05 10:25:00+00:00,42182099999.0,"SAFDARJUNG, IN",28.584511,77.205783,214.88,13.608781293234582,11.849139881407725,1017.3252437309104,,89.38934981917424,,NOAA_ISD,FM-12,,,True,2026-09-16T17:56:30.997704+00:00,5.0,180.0,5.0,time
2024-01-05 10:30:00+00:00,42182099999.0,"SAFDARJUNG, IN",28.584511,77.205783,214.88,13.518184907517147,11.853885043063077,1017.3391737128912,,90.02960591552345,,NOAA_ISD,FM-12,,,True,2026-09-16T17:56:30.997704+00:00,5.0,180.0,5.0,time
2024-01-05 10:35:00+00:00,42182099999.0,"SAFDARJUNG, IN",28.584511,77.205783,214.88,13.461320765817,11.875577217499035,1017.3582177999155,,89.9056055876874,,NOAA_ISD,FM-12,,,True,2026-09-16T17:56:30.997704+00:00,5.0,180.0,5.0,time
2024-01-05 10:40:00+00:00,42182099999.0,"SAFDARJUNG, IN",28.584511,77.205783,214.88,13.504125373037263,11.857251221283573,1017.3429891558477,,89.95601718279016,,NOAA_ISD,FM-12,,,True,2026-09-16T17:56:30.997704+00:00,5.0,180.0,5.0,time
2024-01-05 10:45:00+00:00,42182099999.0,"SAFDARJUNG, IN",28.584511,77.205783,214.88,13.308135896176896,11.883878524477575,1017.3527660045273,,90.40255873955836,,NOAA_ISD,FM-12,,,True,2026-09-16T17:56:30.997704+00:00,5.0,180.0,5.0,time
2024-01-05 10:50:00+00:00,42182099999.0,"SAFDARJUNG, IN",28.584511,77.205783,214.88,13.288183759145625,11.858757997935381,1017.3699382849617,,90.43107306926936,,NOAA_ISD,FM-12,,,True,2026-09-16T17:56:30.997704+00:00,5.0,180.0,5.0,time
2024-01-05 10:55:00+00:00,42182099999.0,"SAFDARJUNG, IN",28.584511,77.205783,214.88,13.4009030438721,11.856886153409397,1017.3569134352648,,90.62028011288935,,NOAA_ISD,FM-12,,,True,2026-09-16T17:56:30.997704+00:00,5.0,180.0,5.0,time
2024-01-05 11:00:00+00:00,42182099999.0,"SAFDARJUNG, IN",28.584511,77.205783,214.88,13.336356755739203,11.853283007005896,1017.3711878584487,,91.04119853846831,,NOAA_ISD,FM-12,,,True,2026-09-16T17:56:30.997704+00:00,5.0,180.0,5.0,time
2024-01-05 11:05:00+00:00,42182099999.0,"SAFDARJUNG, IN",28.584511,77.205783,214.88,13.318077870568594,11.833102703862043,1017.4012990135648,,90.83987555043535,,NOAA_ISD,FM-12,,,True,2026-09-16T17:56:30.997704+00:00,5.0,180.0,5.0,time
2024-01-05 11:10:00+00:00,42182099999.0,"SAFDARJUNG, IN",28.584511,77.205783,214.88,13.211457972611852,11.87773785046074,1017.3687850462425,,91.07003806857475,,NOAA_ISD,FM-12,,,True,2026-09-16T17:56:30.997704+00:00,5.0,180.0,5.0,time
2024-01-05 11:15:00+00:00,42182099999.0,"SAFDARJUNG, IN",28.584511,77.205783,214.88,13.248838314457482,11.916080005769437,1017.3985867561944,,91.46081599842978,,NOAA_ISD,FM-12,,,True,2026-09-16T17:56:30.997704+00:00,5.0,180.0,5.0,time
2024-01-05 11:20:00+00:00,42182099999.0,"SAFDARJUNG, IN",28.584511,77.205783,214.88,13.322397692742289,11.886942487323495,1017.3889651791238,,91.80277084703854,,NOAA_ISD,FM-12,,,True,2026-09-16T17:56:30.997704+00:00,5.0,180.0,5.0,time
2024-01-05 11:25:00+00:00,42182099999.0,"SAFDARJUNG, IN",28.584511,77.205783,214.88,13.235654425434237,11.89429050263879,1017.3512107156857,,92.03540983807575,,NOAA_ISD,FM-12,,,True,2026-09-16T17:56:30.997704+00:00,5.0,180.0,5.0,time
2024-01-05 11:30:00+00:00,42182099999.0,"SAFDARJUNG, IN",28.584511,77.205783,214.88,13.175151993923807,11.875072706833043,1017.3612905927481,,91.83365432259434,,NOAA_ISD,FM-12,,,True,2026-09-16T17:56:30.997704+00:00,5.0,180.0,5.0,time
2024-01-05 11:35:00+00:00,42182099999.0,"SAFDARJUNG, IN",28.584511,77.205783,214.88,13.116936193383642,11.881224443285637,1017.3694391934497,,92.3330309489395,,NOAA_ISD,FM-12,,,True,2026-09-16T17:56:30.997704+00:00,5.0,180.0,5.0,time
2024-01-05 11:40:00+00:00,42182099999.0,"SAFDARJUNG, IN",28.584511,77.205783,214.88,13.091382468517642,11.908581718655554,1017.3717921905503,,92.16761598575037,,NOAA_ISD,FM-12,,,True,2026-09-16T17:56:30.997704+00:00,5.0,180.0,5.0,time
2024-01-05 11:45:00+00:00,42182099999.0,"SAFDARJUNG, IN",28.584511,77.205783,214.88,12.976873438873334,11.931840539472464,1017.3898608717445,,92.86857520271471,,NOAA_ISD,FM-12,,,True,2026-09-16T17:56:30.997704+00:00,5.0,180.0,5.0,time
2024-01-05 11:50:00+00:00,42182099999.0,"SAFDARJUNG, IN",28.584511,77.205783,214.88,13.068437576601614,11.924203403160382,1017.406737325406,,92.45546801713827,,NOAA_ISD,FM-12,,,True,2026-09-16T17:56:30.997704+00:00,5.0,180.0,5.0,time
2024-01-05 11:55:00+00:00,42182099999.0,"SAFDARJUNG, IN",28.584511,77.205783,214.88,13.07005193320187,11.913327114816783,1017.4223253905564,,93.12680687326946,,NOAA_ISD,FM-12,,,True,2026-09-16T17:56:30.997704+00:00,5.0,180.0,5.0,time
2024-01-05 12:00:00+00:00,42182099999.0,"SAFDARJUNG, IN",28.584511,77.205783,214.88,12.921219033641469,11.90070301158781,1017.4061635017745,,92.90870277863627,derived_from_temperature_and_dew_point,NOAA_ISD,FM-12,VALID,"{'TMP_QC': '1', 'DEW_QC': '1', 'SLP_QC': '1', 'RECORD_QC': 'V020'}",True,2026-09-16T17:56:30.997704+00:00,5.0,180.0,5.0,time
2024-01-05 12:05:00+00:00,42182099999.0,"SAFDARJUNG, IN",28.584511,77.205783,214.88,12.955818044273547,11.893083267174235,1017.4438641866567,,93.4418159576256,,NOAA_ISD,FM-12,,,True,2026-09-16T17:56:30.997704+00:00,5.0,180.0,5.0,time
2024-01-05 12:10:00+00:00,42182099999.0,"SAFDARJUNG, IN",28.584511,77.205783,214.88,12.919904546166107,11.862707631389213,1017.4639107306829,,93.15659747910384,,NOAA_ISD,FM-12,,,True,2026-09-16T17:56:30.997704+00:00,5.0,180.0,5.0,time
2024-01-05 12:15:00+00:00,42182099999.0,"SAFDARJUNG, IN",28.584511,77.205783,214.88,12.918399106926229,11.837703316240614,1017.5597451248416,,92.83429669411836,,NOAA_ISD,FM-12,,,True,2026-09-16T17:56:30.997704+00:00,5.0,180.0,5.0,time
2024-01-05 12:20:00+00:00,42182099999.0,"SAFDARJUNG, IN",28.584511,77.205783,214.88,12.95822963689665,11.833019588400358,1017.611626514985,,92.93221897075817,,NOAA_ISD,FM-12,,,True,2026-09-16T17:56:30.997704+00:00,5.0,180.0,5.0,time
2024-01-05 12:25:00+00:00,42182099999.0,"SAFDARJUNG, IN",28.584511,77.205783,214.88,12.840224336695021,11.845440445134884,1017.6675474639596,,93.1920695743781,,NOAA_ISD,FM-12,,,True,2026-09-16T17:56:30.997704+00:00,5.0,180.0,5.0,time
2024-01-05 12:30:00+00:00,42182099999.0,"SAFDARJUNG, IN",28.584511,77.205783,214.88,12.964046855251187,11.8274934881048,1017.7587914726207,,93.24552888352312,,NOAA_ISD,FM-12,,,True,2026-09-16T17:56:30.997704+00:00,5.0,180.0,5.0,time
2024-01-05 12:35:00+00:00,42182099999.0,"SAFDARJUNG, IN",28.584511,77.205783,214.88,12.959914975718906,11.792833388127828,1017.7942563753683,,93.02002354832179,,NOAA_ISD,FM-12,,,True,2026-09-16T17:56:30.997704+00:00,5.0,180.0,5.0,time
2024-01-05 12:40:00+00:00,42182099999.0,"SAFDARJUNG, IN",28.584511,77.205783,214.88,12.898555981709265,11.810364643530118,1017.8379234405872,,93.04226498952603,,NOAA_ISD,FM-12,,,True,2026-09-16T17:56:30.997704+00:00,5.0,180.0,5.0,time
2024-01-05 12:45:00+00:00,42182099999.0,"SAFDARJUNG, IN",28.584511,77.205783,214.88,12.775964574500772,11.793631393510681,1017.8557584573986,,93.18417060652881,,NOAA_ISD,FM-12,,,True,2026-09-16T17:56:30.997704+00:00,5.0,180.0,5.0,time
2024-01-05 12:50:00+00:00,42182099999.0,"SAFDARJUNG, IN",28.584511,77.205783,214.88,12.83906795758877,11.765431911783208,1017.9175178827937,,93.05802635206884,,NOAA_ISD,FM-12,,,True,2026-09-16T17:56:30.997704+00:00,5.0,180.0,5.0,time
2024-01-05 12:55:00+00:00,42182099999.0,"SAFDARJUNG, IN",28.584511,77.205783,214.88,12.939422874482913,11.770374197565378,1017.9786586634169,,92.77213236146567,,NOAA_ISD,FM-12,,,True,2026-09-16T17:56:30.997704+00:00,5.0,180.0,5.0,time
2024-01-05 13:00:00+00:00,42182099999.0,"SAFDARJUNG, IN",28.584511,77.205783,214.88,12.727766952630239,11.76024760665234,1018.017825190853,,92.86740519507197,,NOAA_ISD,FM-12,,,True,2026-09-16T17:56:30.997704+00:00,5.0,180.0,5.0,time
2024-01-05 13:05:00+00:00,42182099999.0,"SAFDARJUNG, IN",28.584511,77.205783,214.88,12.83817938494588,11.743222812757066,1018.0961204016108,,93.076190655297,,NOAA_ISD,FM-12,,,True,2026-09-16T17:56:30.997704+00:00,5.0,180.0,5.0,time
2024-01-05 13:10:00+00:00,42182099999.0,"SAFDARJUNG, IN",28.584511,77.205783,214.88,12.785444405521082,11.762977847739965,1018.1460270658732,,93.27142981663287,,NOAA_ISD,FM-12,,,True,2026-09-16T17:56:30.997704+00:00,5.0,180.0,5.0,time
2024-01-05 13:15:00+00:00,42182099999.0,"SAFDARJUNG, IN",28.584511,77.205783,214.88,12.873561848412576,11.695275302091469,1018.1699005108055,,93.35069648483241,,NOAA_ISD,FM-12,,,True,2026-09-16T17:56:30.997704+00:00,5.0,180.0,5.0,time
2024-01-05 13:20:00+00:00,42182099999.0,"SAFDARJUNG, IN",28.584511,77.205783,214.88,12.78846652461505,11.682506242408003,1018.2683807786264,,93.18257255082096,,NOAA_ISD,FM-12,,,True,2026-09-16T17:56:30.997704+00:00,5.0,180.0,5.0,time
2024-01-05 13:25:00+00:00,42182099999.0,"SAFDARJUNG, IN",28.584511,77.205783,214.88,12.831308812147892,11.711176826800093,1018.2992684288984,,93.08329148554061,,NOAA_ISD,FM-12,,,True,2026-09-16T17:56:30.997704+00:00,5.0,180.0,5.0,time
2024-01-05 13:30:00+00:00,42182099999.0,"SAFDARJUNG, IN",28.584511,77.205783,214.88,12.828273020958456,11.701922543787845,1018.3154185770651,,93.1747627771965,,NOAA_ISD,FM-12,,,True,2026-09-16T17:56:30.997704+00:00,5.0,180.0,5.0,time
2024-01-05 13:35:00+00:00,42182099999.0,"SAFDARJUNG, IN",28.584511,77.205783,214.88,12.880700180875388,11.696973191609267,1018.4017509206108,,92.8908164966253,,NOAA_ISD,FM-12,,,True,2026-09-16T17:56:30.997704+00:00,5.0,180.0,5.0,time
2024-01-05 13:40:00+00:00,42182099999.0,"SAFDARJUNG, IN",28.584511,77.205783,214.88,12.767630680594008,11.666998307612195,1018.461179684674,,92.99268714128169,,NOAA_ISD,FM-12,,,True,2026-09-16T17:56:30.997704+00:00,5.0,180.0,5.0,time
2024-01-05 13:45:00+00:00,42182099999.0,"SAFDARJUNG, IN",28.584511,77.205783,214.88,12.785468885147797,11.64830819056482,1018.5277891805621,,92.85767385573212,,NOAA_ISD,FM-12,,,True,2026-09-16T17:56:30.997704+00:00,5.0,180.0,5.0,time
2024-01-05 13:50:00+00:00,42182099999.0,"SAFDARJUNG, IN",28.584511,77.205783,214.88,12.681302781599182,11.655409232901656,1018.5543615830486,,92.77191814452513,,NOAA_ISD,FM-12,,,True,2026-09-16T17:56:30.997704+00:00,5.0,180.0,5.0,time
2024-01-05 13:55:00+00:00,42182099999.0,"SAFDARJUNG, IN",28.584511,77.205783,214.88,12.803965122609132,11.635612881737485,1018.6304476542377,,93.08754313566058,,NOAA_ISD,FM-12,,,True,2026-09-16T17:56:30.997704+00:00,5.0,180.0,5.0,time
2024-01-05 14:00:00+00:00,42182099999.0,"SAFDARJUNG, IN",28.584511,77.205783,214.88,12.695307890929763,11.664354761426447,1018.670409506402,,93.05710266131696,,NOAA_ISD,FM-12,,,True,2026-09-16T17:56:30.997704+00:00,5.0,180.0,5.0,time
2024-01-05 14:05:00+00:00,42182099999.0,"SAFDARJUNG, IN",28.584511,77.205783,214.88,12.694184514017834,11.615737677223718,1018.6931433522636,,93.15669716356848,,NOAA_ISD,FM-12,,,True,2026-09-16T17:56:30.997704+00:00,5.0,180.0,5.0,time
2024-01-05 14:10:00+00:00,42182099999.0,"SAFDARJUNG, IN",28.584511,77.205783,214.88,12.709998721368649,11.610047408076769,1018.7439188867525,,93.12755569951183,,NOAA_ISD,FM-12,,,True,2026-09-16T17:56:30.997704+00:00,5.0,180.0,5.0,time
2024-01-05 14:15:00+00:00,42182099999.0,"SAFDARJUNG, IN",28.584511,77.205783,214.88,12.621855782733007,11.64950836279196,1018.847451197403,,93.06602885426479,,NOAA_ISD,FM-12,,,True,2026-09-16T17:56:30.997704+00:00,5.0,180.0,5.0,time
2024-01-05 14:20:00+00:00,42182099999.0,"SAFDARJUNG, IN",28.584511,77.205783,214.88,12.700327390335335,11.584993684354275,1018.9016974613454,,93.12798999980218,,NOAA_ISD,FM-12,,,True,2026-09-16T17:56:30.997704+00:00,5.0,180.0,5.0,time
2024-01-05 14:25:00+00:00,42182099999.0,"SAFDARJUNG, IN",28.584511,77.205783,214.88,12.726151091424027,11.588900915081759,1018.9370137401636,,93.00729671408784,,NOAA_ISD,FM-12,,,True,2026-09-16T17:56:30.997704+00:00,5.0,180.0,5.0,time
2024-01-05 14:30:00+00:00,42182099999.0,"SAFDARJUNG, IN",28.584511,77.205783,214.88,12.68131335784153,11.579592855334393,1019.013247467757,,93.09757827904448,,NOAA_ISD,FM-12,,,True,2026-09-16T17:56:30.997704+00:00,5.0,180.0,5.0,time
2024-01-05 14:35:00+00:00,42182099999.0,"SAFDARJUNG, IN",28.584511,77.205783,214.88,12.57611067734662,11.57018358842992,1019.0572433080919,,92.8689377861294,,NOAA_ISD,FM-12,,,True,2026-09-16T17:56:30.997704+00:00,5.0,180.0,5.0,time
2024-01-05 14:40:00+00:00,42182099999.0,"SAFDARJUNG, IN",28.584511,77.205783,214.88,12.638253979727962,11.55023418975267,1019.1025614634784,,93.08727451846116,,NOAA_ISD,FM-12,,,True,2026-09-16T17:56:30.997704+00:00,5.0,180.0,5.0,time
2024-01-05 14:45:00+00:00,42182099999.0,"SAFDARJUNG, IN",28.584511,77.205783,214.88,12.670434778482308,11.537210149221544,1019.123440436892,,93.14618353705721,,NOAA_ISD,FM-12,,,True,2026-09-16T17:56:30.997704+00:00,5.0,180.0,5.0,time
2024-01-05 14:50:00+00:00,42182099999.0,"SAFDARJUNG, IN",28.584511,77.205783,214.88,12.528322783923926,11.524228908018964,1019.229073019465,,92.87773038105223,,NOAA_ISD,FM-12,,,True,2026-09-16T17:56:30.997704+00:00,5.0,180.0,5.0,time
2024-01-05 14:55:00+00:00,42182099999.0,"SAFDARJUNG, IN",28.584511,77.205783,214.88,12.557372810420224,11.499591233066436,1019.2579482508663,,93.02119975313191,,NOAA_ISD,FM-12,,,True,2026-09-16T17:56:30.997704+00:00,5.0,180.0,5.0,time
2024-01-05 15:00:00+00:00,42182099999.0,"SAFDARJUNG, IN",28.584511,77.205783,214.88,12.643827180204076,11.506510376056786,1019.2922832245077,,92.88527949807413,derived_from_temperature_and_dew_point,NOAA_ISD,FM-12,VALID,"{'TMP_QC': '1', 'DEW_QC': '1', 'SLP_QC': '1', 'RECORD_QC': 'V020'}",True,2026-09-16T17:56:30.997704+00:00,5.0,180.0,5.0,time
2024-01-05 15:05:00+00:00,42182099999.0,"SAFDARJUNG, IN",28.584511,77.205783,214.88,12.585726993932086,11.532239583415159,1019.2949679332272,,93.02636532736345,,NOAA_ISD,FM-12,,,True,2026-09-16T17:56:30.997704+00:00,5.0,180.0,5.0,time
2024-01-05 15:10:00+00:00,42182099999.0,"SAFDARJUNG, IN",28.584511,77.205783,214.88,12.565043023550782,11.507546971512603,1019.3218023422969,,93.02834746231291,,NOAA_ISD,FM-12,,,True,2026-09-16T17:56:30.997704+00:00,5.0,180.0,5.0,time
2024-01-05 15:15:00+00:00,42182099999.0,"SAFDARJUNG, IN",28.584511,77.205783,214.88,12.609641407047832,11.481078360444492,1019.2915788183032,,93.6281549850333,,NOAA_ISD,FM-12,,,True,2026-09-16T17:56:30.997704+00:00,5.0,180.0,5.0,time
2024-01-05 15:20:00+00:00,42182099999.0,"SAFDARJUNG, IN",28.584511,77.205783,214.88,12.5123165278142,11.483783262628787,1019.3473267988403,,93.70980370161068,,NOAA_ISD,FM-12,,,True,2026-09-16T17:56:30.997704+00:00,5.0,180.0,5.0,time
2024-01-05 15:25:00+00:00,42182099999.0,"SAFDARJUNG, IN",28.584511,77.205783,214.88,12.49400551163277,11.44094981515872,1019.3225952503727,,93.72582010417881,,NOAA_ISD,FM-12,,,True,2026-09-16T17:56:30.997704+00:00,5.0,180.0,5.0,time
2024-01-05 15:30:00+00:00,42182099999.0,"SAFDARJUNG, IN",28.584511,77.205783,214.88,12.56887060969425,11.444789756916006,1019.3574121621764,,94.13443919038878,,NOAA_ISD,FM-12,,,True,2026-09-16T17:56:30.997704+00:00,5.0,180.0,5.0,time
2024-01-05 15:35:00+00:00,42182099999.0,"SAFDARJUNG, IN",28.584511,77.205783,214.88,12.394865327651031,11.460623663550347,1019.3479009265861,,93.82381752735299,,NOAA_ISD,FM-12,,,True,2026-09-16T17:56:30.997704+00:00,5.0,180.0,5.0,time
2024-01-05 15:40:00+00:00,42182099999.0,"SAFDARJUNG, IN",28.584511,77.205783,214.88,12.337883639596853,11.463076677202498,1019.3613782924122,,94.58968581635546,,NOAA_ISD,FM-12,,,True,2026-09-16T17:56:30.997704+00:00,5.0,180.0,5.0,time
2024-01-05 15:45:00+00:00,42182099999.0,"SAFDARJUNG, IN",28.584511,77.205783,214.88,12.371389819912356,11.409582676558093,1019.3598618025447,,94.05949411692735,,NOAA_ISD,FM-12,,,True,2026-09-16T17:56:30.997704+00:00,5.0,180.0,5.0,time
2024-01-05 15:50:00+00:00,42182099999.0,"SAFDARJUNG, IN",28.584511,77.205783,214.88,12.344171773691667,11.406994900478203,1019.3801087447097,,94.27770533701788,,NOAA_ISD,FM-12,,,True,2026-09-16T17:56:30.997704+00:00,5.0,180.0,5.0,time
2024-01-05 15:55:00+00:00,42182099999.0,"SAFDARJUNG, IN",28.584511,77.205783,214.88,12.268108674847134,11.451960849210904,1019.429454257587,,94.2687777505453,,NOAA_ISD,FM-12,,,True,2026-09-16T17:56:30.997704+00:00,5.0,180.0,5.0,time
2024-01-05 16:00:00+00:00,42182099999.0,"SAFDARJUNG, IN",28.584511,77.205783,214.88,12.215046815688924,11.401925224995379,1019.4277011925409,,94.54446511201206,,NOAA_ISD,FM-12,,,True,2026-09-16T17:56:30.997704+00:00,5.0,180.0,5.0,time
2024-01-05 16:05:00+00:00,42182099999.0,"SAFDARJUNG, IN",28.584511,77.205783,214.88,12.354381109993392,11.428133906120673,1019.4154229124332,,94.75878965224392,,NOAA_ISD,FM-12,,,True,2026-09-16T17:56:30.997704+00:00,5.0,180.0,5.0,time
2024-01-05 16:10:00+00:00,42182099999.0,"SAFDARJUNG, IN",28.584511,77.205783,214.88,12.227453284630512,11.387470479678848,1019.4161607813553,,94.69055005472272,,NOAA_ISD,FM-12,,,True,2026-09-16T17:56:30.997704+00:00,5.0,180.0,5.0,time
2024-01-05 16:15:00+00:00,42182099999.0,"SAFDARJUNG, IN",28.584511,77.205783,214.88,12.14671906426323,11.379923605646509,1019.4418840238138,,95.19034396942354,,NOAA_ISD,FM-12,,,True,2026-09-16T17:56:30.997704+00:00,5.0,180.0,5.0,time
2024-01-05 16:20:00+00:00,42182099999.0,"SAFDARJUNG, IN",28.584511,77.205783,214.88,12.201352070669534,11.36055684891347,1019.4559327412154,,95.00449652359336,,NOAA_ISD,FM-12,,,True,2026-09-16T17:56:30.997704+00:00,5.0,180.0,5.0,time
2024-01-05 16:25:00+00:00,42182099999.0,"SAFDARJUNG, IN",28.584511,77.205783,214.88,12.122320520199711,11.377184436163537,1019.4250702990224,,95.13243041055537,,NOAA_ISD,FM-12,,,True,2026-09-16T17:56:30.997704+00:00,5.0,180.0,5.0,time
2024-01-05 16:30:00+00:00,42182099999.0,"SAFDARJUNG, IN",28.584511,77.205783,214.88,12.087355927684108,11.37715555100608,1019.4484512226473,,95.01820046109727,,NOAA_ISD,FM-12,,,True,2026-09-16T17:56:30.997704+00:00,5.0,180.0,5.0,time
2024-01-05 16:35:00+00:00,42182099999.0,"SAFDARJUNG, IN",28.584511,77.205783,214.88,12.100335865817947,11.32096662206385,1019.421894168742,,95.40536648157675,,NOAA_ISD,FM-12,,,True,2026-09-16T17:56:30.997704+00:00,5.0,180.0,5.0,time
2024-01-05 16:40:00+00:00,42182099999.0,"SAFDARJUNG, IN",28.584511,77.205783,214.88,11.97985033103286,11.326284322288924,1019.4891287088719,,95.41652788917146,,NOAA_ISD,FM-12,,,True,2026-09-16T17:56:30.997704+00:00,5.0,180.0,5.0,time
2024-01-05 16:45:00+00:00,42182099999.0,"SAFDARJUNG, IN",28.584511,77.205783,214.88,12.034298026862524,11.343301570487483,1019.516300485154,,95.44335205413255,,NOAA_ISD,FM-12,,,True,2026-09-16T17:56:30.997704+00:00,5.0,180.0,5.0,time
2024-01-05 16:50:00+00:00,42182099999.0,"SAFDARJUNG, IN",28.584511,77.205783,214.88,12.084536629275476,11.31407569391098,1019.4849349858258,,95.531371785037,,NOAA_ISD,FM-12,,,True,2026-09-16T17:56:30.997704+00:00,5.0,180.0,5.0,time
2024-01-05 16:55:00+00:00,42182099999.0,"SAFDARJUNG, IN",28.584511,77.205783,214.88,11.984419994220977,11.29846562396267,1019.4491664641686,,96.34268600928468,,NOAA_ISD,FM-12,,,True,2026-09-16T17:56:30.997704+00:00,5.0,180.0,5.0,time
2024-01-05 17:00:00+00:00,42182099999.0,"SAFDARJUNG, IN",28.584511,77.205783,214.88,11.91452272814416,11.320190843077388,1019.5121778103315,,95.8773045499642,,NOAA_ISD,FM-12,,,True,2026-09-16T17:56:30.997704+00:00,5.0,180.0,5.0,time
2024-01-05 17:05:00+00:00,42182099999.0,"SAFDARJUNG, IN",28.584511,77.205783,214.88,11.880200291534143,11.313735730760916,1019.4902515500104,,95.7602695825104,,NOAA_ISD,FM-12,,,True,2026-09-16T17:56:30.997704+00:00,5.0,180.0,5.0,time
2024-01-05 17:10:00+00:00,42182099999.0,"SAFDARJUNG, IN",28.584511,77.205783,214.88,11.857260779110522,11.27434049151989,1019.5033996778334,,96.03368904138682,,NOAA_ISD,FM-12,,,True,2026-09-16T17:56:30.997704+00:00,5.0,180.0,5.0,time
2024-01-05 17:15:00+00:00,42182099999.0,"SAFDARJUNG, IN",28.584511,77.205783,214.88,11.837301866097611,11.279247330559757,1019.5375315277957,,96.28468643210476,,NOAA_ISD,FM-12,,,True,2026-09-16T17:56:30.997704+00:00,5.0,180.0,5.0,time
2024-01-05 17:20:00+00:00,42182099999.0,"SAFDARJUNG, IN",28.584511,77.205783,214.88,11.803331895584307,11.242497170748582,1019.5384244158436,,96.52600007318996,,NOAA_ISD,FM-12,,,True,2026-09-16T17:56:30.997704+00:00,5.0,180.0,5.0,time
2024-01-05 17:25:00+00:00,42182099999.0,"SAFDARJUNG, IN",28.584511,77.205783,214.88,11.840260016498172,11.24042371512376,1019.5319044911598,,96.6492926376784,,NOAA_ISD,FM-12,,,True,2026-09-16T17:56:30.997704+00:00,5.0,180.0,5.0,time
2024-01-05 17:30:00+00:00,42182099999.0,"SAFDARJUNG, IN",28.584511,77.205783,214.88,11.680006211506216,11.252483304642668,1019.537007887348,,96.7953229103553,,NOAA_ISD,FM-12,,,True,2026-09-16T17:56:30.997704+00:00,5.0,180.0,5.0,time
2024-01-05 17:35:00+00:00,42182099999.0,"SAFDARJUNG, IN",28.584511,77.205783,214.88,11.781988891409496,11.242294802418263,1019.5608500544378,,96.6526946053392,,NOAA_ISD,FM-12,,,True,2026-09-16T17:56:30.997704+00:00,5.0,180.0,5.0,time
2024-01-05 17:40:00+00:00,42182099999.0,"SAFDARJUNG, IN",28.584511,77.205783,214.88,11.692126784853983,11.21399581149872,1019.5584773556164,,96.97142142203364,,NOAA_ISD,FM-12,,,True,2026-09-16T17:56:30.997704+00:00,5.0,180.0,5.0,time
2024-01-05 17:45:00+00:00,42182099999.0,"SAFDARJUNG, IN",28.584511,77.205783,214.88,11.702180722618102,11.210680521505488,1019.552815257328,,96.84978810717789,,NOAA_ISD,FM-12,,,True,2026-09-16T17:56:30.997704+00:00,5.0,180.0,5.0,time
2024-01-05 17:50:00+00:00,42182099999.0,"SAFDARJUNG, IN",28.584511,77.205783,214.88,11.599206160045512,11.195365779267556,1019.5766820697038,,97.02273807006385,,NOAA_ISD,FM-12,,,True,2026-09-16T17:56:30.997704+00:00,5.0,180.0,5.0,time
2024-01-05 17:55:00+00:00,42182099999.0,"SAFDARJUNG, IN",28.584511,77.205783,214.88,11.69420933112025,11.217434530471596,1019.5984585191318,,97.08479153843328,,NOAA_ISD,FM-12,,,True,2026-09-16T17:56:30.997704+00:00,5.0,180.0,5.0,time
2024-01-05 18:00:00+00:00,42182099999.0,"SAFDARJUNG, IN",28.584511,77.205783,214.88,11.662281748008594,11.160647216066161,1019.5964379306637,,97.15232222908034,derived_from_temperature_and_dew_point,NOAA_ISD,FM-12,VALID,"{'TMP_QC': '1', 'DEW_QC': '1', 'SLP_QC': '1', 'RECORD_QC': 'V020'}",True,2026-09-16T17:56:30.997704+00:00,5.0,180.0,5.0,time
2024-01-05 18:05:00+00:00,42182099999.0,"SAFDARJUNG, IN",28.584511,77.205783,214.88,11.61464619295417,11.157546233186574,1019.560618716924,,97.6753418977716,,NOAA_ISD,FM-12,,,True,2026-09-16T17:56:30.997704+00:00,5.0,180.0,5.0,time
2024-01-05 18:10:00+00:00,42182099999.0,"SAFDARJUNG, IN",28.584511,77.205783,214.88,11.457595594543657,11.118296724598908,1019.5975590702053,,97.67272234019578,,NOAA_ISD,FM-12,,,True,2026-09-16T17:56:30.997704+00:00,5.0,180.0,5.0,time
2024-01-05 18:15:00+00:00,42182099999.0,"SAFDARJUNG, IN",28.584511,77.205783,214.88,11.541456053553302,11.141713745410492,1019.5118904379278,,97.80283307399563,,NOAA_ISD,FM-12,,,True,2026-09-16T17:56:30.997704+00:00,5.0,180.0,5.0,time
2024-01-05 18:20:00+00:00,42182099999.0,"SAFDARJUNG, IN",28.584511,77.205783,214.88,11.486909421048452,11.075056440110016,1019.546628252455,,97.68786261320487,,NOAA_ISD,FM-12,,,True,2026-09-16T17:56:30.997704+00:00,5.0,180.0,5.0,time
2024-01-05 18:25:00+00:00,42182099999.0,"SAFDARJUNG, IN",28.584511,77.205783,214.88,11.353069770976704,11.0895234728596,1019.5320404753534,,97.90786153977302,,NOAA_ISD,FM-12,,,True,2026-09-16T17:56:30.997704+00:00,5.0,180.0,5.0,time
2024-01-05 18:30:00+00:00,42182099999.0,"SAFDARJUNG, IN",28.584511,77.205783,214.88,11.39878513081146,11.099457146981615,1019.5362969108908,,97.4727421190715,,NOAA_ISD,FM-12,,,True,2026-09-16T17:56:30.997704+00:00,5.0,180.0,5.0,time
2024-01-05 18:35:00+00:00,42182099999.0,"SAFDARJUNG, IN",28.584511,77.205783,214.88,11.38489339111833,11.077913124069863,1019.5334554583783,,98.07011750360907,,NOAA_ISD,FM-12,,,True,2026-09-16T17:56:30.997704+00:00,5.0,180.0,5.0,time
2024-01-05 18:40:00+00:00,42182099999.0,"SAFDARJUNG, IN",28.584511,77.205783,214.88,11.361137097024491,10.986104070838646,1019.5336464072764,,98.005423966001,,NOAA_ISD,FM-12,,,True,2026-09-16T17:56:30.997704+00:00,5.0,180.0,5.0,time
2024-01-05 18:45:00+00:00,42182099999.0,"SAFDARJUNG, IN",28.584511,77.205783,214.88,11.308863068347444,11.005968192032618,1019.4857519025329,,98.16792192002984,,NOAA_ISD,FM-12,,,True,2026-09-16T17:56:30.997704+00:00,5.0,180.0,5.0,time
2024-01-05 18:50:00+00:00,42182099999.0,"SAFDARJUNG, IN",28.584511,77.205783,214.88,11.281228237509035,10.957998351850168,1019.5006205356356,,98.19100465980972,,NOAA_ISD,FM-12,,,True,2026-09-16T17:56:30.997704+00:00,5.0,180.0,5.0,time
2024-01-05 18:55:00+00:00,42182099999.0,"SAFDARJUNG, IN",28.584511,77.205783,214.88,11.307013902945988,10.93169283484135,1019.4816941455354,,97.99008896909262,,NOAA_ISD,FM-12,,,True,2026-09-16T17:56:30.997704+00:00,5.0,180.0,5.0,time
2024-01-05 19:00:00+00:00,42182099999.0,"SAFDARJUNG, IN",28.584511,77.205783,214.88,11.261301695495533,10.931063934245532,1019.432435879163,,97.96039204492179,,NOAA_ISD,FM-12,,,True,2026-09-16T17:56:30.997704+00:00,5.0,180.0,5.0,time
2024-01-05 19:05:00+00:00,42182099999.0,"SAFDARJUNG, IN",28.584511,77.205783,214.88,11.023313918977529,10.935676934249773,1019.4935663606643,,98.1900891667634,,NOAA_ISD,FM-12,,,True,2026-09-16T17:56:30.997704+00:00,5.0,180.0,5.0,time
2024-01-05 19:10:00+00:00,42182099999.0,"SAFDARJUNG, IN",28.584511,77.205783,214.88,11.117461405591449,10.900882066373297,1019.4156689418996,,98.51798345625458,,NOAA_ISD,FM-12,,,True,2026-09-16T17:56:30.997704+00:00,5.0,180.0,5.0,time
2024-01-05 19:15:00+00:00,42182099999.0,"SAFDARJUNG, IN",28.584511,77.205783,214.88,11.091767448622802,10.85236384809701,1019.4417232787796,,98.61551828303509,,NOAA_ISD,FM-12,,,True,2026-09-16T17:56:30.997704+00:00,5.0,180.0,5.0,time
2024-01-05 19:20:00+00:00,42182099999.0,"SAFDARJUNG, IN",28.584511,77.205783,214.88,10.979061738030317,10.858545124392645,1019.4300214211062,,98.27641154452363,,NOAA_ISD,FM-12,,,True,2026-09-16T17:56:30.997704+00:00,5.0,180.0,5.0,time
2024-01-05 19:25:00+00:00,42182099999.0,"SAFDARJUNG, IN",28.584511,77.205783,214.88,11.038042486244949,10.77734805558459,1019.4166238467577,,98.42628012650636,,NOAA_ISD,FM-12,,,True,2026-09-16T17:56:30.997704+00:00,5.0,180.0,5.0,time
2024-01-05 19:30:00+00:00,42182099999.0,"SAFDARJUNG, IN",28.584511,77.205783,214.88,11.062437888620526,10.784941084031335,1019.3901084623568,,98.55035286281182,,NOAA_ISD,FM-12,,,True,2026-09-16T17:56:30.997704+00:00,5.0,180.0,5.0,time
2024-01-05 19:35:00+00:00,42182099999.0,"SAFDARJUNG, IN",28.584511,77.205783,214.88,10.912338273687137,10.761299946883751,1019.4054339419117,,98.69603898794664,,NOAA_ISD,FM-12,,,True,2026-09-16T17:56:30.997704+00:00,5.0,180.0,5.0,time
2024-01-05 19:40:00+00:00,42182099999.0,"SAFDARJUNG, IN",28.584511,77.205783,214.88,10.950153380267826,10.757121969390333,1019.346570428299,,98.56758983382947,,NOAA_ISD,FM-12,,,True,2026-09-16T17:56:30.997704+00:00,5.0,180.0,5.0,time
2024-01-05 19:45:00+00:00,42182099999.0,"SAFDARJUNG, IN",28.584511,77.205783,214.88,10.854208826135178,10.729276774060132,1019.3653500908932,,98.62808964677197,,NOAA_ISD,FM-12,,,True,2026-09-16T17:56:30.997704+00:00,5.0,180.0,5.0,time
2024-01-05 19:50:00+00:00,42182099999.0,"SAFDARJUNG, IN",28.584511,77.205783,214.88,10.833071065482683,10.708281689238712,1019.3442780620246,,98.82063294071848,,NOAA_ISD,FM-12,,,True,2026-09-16T17:56:30.997704+00:00,5.0,180.0,5.0,time
2024-01-05 19:55:00+00:00,42182099999.0,"SAFDARJUNG, IN",28.584511,77.205783,214.88,10.907203015041835,10.685394498286765,1019.3308984856031,,99.074750767245,,NOAA_ISD,FM-12,,,True,2026-09-16T17:56:30.997704+00:00,5.0,180.0,5.0,time
2024-01-05 20:00:00+00:00,42182099999.0,"SAFDARJUNG, IN",28.584511,77.205783,214.88,10.77287210899441,10.667114811486448,1019.3419082890824,,98.8938811320493,,NOAA_ISD,FM-12,,,True,2026-09-16T17:56:30.997704+00:00,5.0,180.0,5.0,time
2024-01-05 20:05:00+00:00,42182099999.0,"SAFDARJUNG, IN",28.584511,77.205783,214.88,10.789777291117199,10.655247063783609,1019.3437717930767,,99.17933929800564,,NOAA_ISD,FM-12,,,True,2026-09-16T17:56:30.997704+00:00,5.0,180.0,5.0,time
2024-01-05 20:10:00+00:00,42182099999.0,"SAFDARJUNG, IN",28.584511,77.205783,214.88,10.639772427530286,10.62520884274427,1019.3042459958743,,99.48671056322837,,NOAA_ISD,FM-12,,,True,2026-09-16T17:56:30.997704+00:00,5.0,180.0,5.0,time
2024-01-05 20:15:00+00:00,42182099999.0,"SAFDARJUNG, IN",28.584511,77.205783,214.88,10.793115878069743,10.594312963667909,1019.3156136217985,,99.08714405251729,,NOAA_ISD,FM-12,,,True,2026-09-16T17:56:30.997704+00:00,5.0,180.0,5.0,time
2024-01-05 20:20:00+00:00,42182099999.0,"SAFDARJUNG, IN",28.584511,77.205783,214.88,10.69679928898199,10.585812743373873,1019.2898837021978,,99.3787108483179,,NOAA_ISD,FM-12,,,True,2026-09-16T17:56:30.997704+00:00,5.0,180.0,5.0,time
2024-01-05 20:25:00+00:00,42182099999.0,"SAFDARJUNG, IN",28.584511,77.205783,214.88,10.62420834120082,10.57207802642861,1019.259923133593,,99.69745134675016,,NOAA_ISD,FM-12,,,True,2026-09-16T17:56:30.997704+00:00,5.0,180.0,5.0,time
2024-01-05 20:30:00+00:00,42182099999.0,"SAFDARJUNG, IN",28.584511,77.205783,214.88,10.628777325499994,10.52221281551888,1019.2615076248019,,99.48134632192723,,NOAA_ISD,FM-12,,,True,2026-09-16T17:56:30.997704+00:00,5.0,180.0,5.0,time
2024-01-05 20:35:00+00:00,42182099999.0,"SAFDARJUNG, IN",28.584511,77.205783,214.88,10.496175695219275,10.509923056497657,1019.2495658377397,,99.52276606182832,,NOAA_ISD,FM-12,,,True,2026-09-16T17:56:30.997704+00:00,5.0,180.0,5.0,time
2024-01-05 20:40:00+00:00,42182099999.0,"SAFDARJUNG, IN",28.584511,77.205783,214.88,10.592459870420965,10.512127020149821,1019.2305112461944,,99.94269916286129,,NOAA_ISD,FM-12,,,True,2026-09-16T17:56:30.997704+00:00,5.0,180.0,5.0,time
2024-01-05 20:45:00+00:00,42182099999.0,"SAFDARJUNG, IN",28.584511,77.205783,214.88,10.48380076122518,10.44461145312132,1019.2419029919065,,99.72125958420568,,NOAA_ISD,FM-12,,,True,2026-09-16T17:56:30.997704+00:00,5.0,180.0,5.0,time
2024-01-05 20:50:00+00:00,42182099999.0,"SAFDARJUNG, IN",28.584511,77.205783,214.88,10.456463190914246,10.480538488369563,1019.2269151459764,,100.07589900504112,,NOAA_ISD,FM-12,,,True,2026-09-16T17:56:30.997704+00:00,5.0,180.0,5.0,time
2024-01-05 20:55:00+00:00,42182099999.0,"SAFDARJUNG, IN",28.584511,77.205783,214.88,10.40875055258506,10.395439122727431,1019.1792981171458,,100.01329307822543,,NOAA_ISD,FM-12,,,True,2026-09-16T17:56:30.997704+00:00,5.0,180.0,5.0,time
2024-01-05 21:00:00+00:00,42182099999.0,"SAFDARJUNG, IN",28.584511,77.205783,214.88,10.370967429862722,10.393092707775905,1019.1669694800953,,99.93143106941804,derived_from_temperature_and_dew_point,NOAA_ISD,FM-12,VALID,"{'TMP_QC': '1', 'DEW_QC': '1', 'SLP_QC': '1', 'RECORD_QC': 'V020'}",True,2026-09-16T17:56:30.997704+00:00,5.0,180.0,5.0,time
2024-01-05 21:05:00+00:00,42182099999.0,"SAFDARJUNG, IN",28.584511,77.205783,214.88,10.412511308359198,10.358773977840258,1019.1973825779531,,100.0959381061195,,NOAA_ISD,FM-12,,,True,2026-09-16T17:56:30.997704+00:00,5.0,180.0,5.0,time
2024-01-05 21:10:00+00:00,42182099999.0,"SAFDARJUNG, IN",28.584511,77.205783,214.88,10.368350898060767,10.399314095492944,1019.161472049202,,100.06408990276921,,NOAA_ISD,FM-12,,,True,2026-09-16T17:56:30.997704+00:00,5.0,180.0,5.0,time
2024-01-05 21:15:00+00:00,42182099999.0,"SAFDARJUNG, IN",28.584511,77.205783,214.88,10.365920740403485,10.323266332756392,1019.1727074897688,,100.2041765642005,,NOAA_ISD,FM-12,,,True,2026-09-16T17:56:30.997704+00:00,5.0,180.0,5.0,time
2024-01-05 21:20:00+00:00,42182099999.0,"SAFDARJUNG, IN",28.584511,77.205783,214.88,10.310671376636833,10.301094287980542,1019.1711741871178,,99.890330892427,,NOAA_ISD,FM-12,,,True,2026-09-16T17:56:30.997704+00:00,5.0,180.0,5.0,time
2024-01-05 21:25:00+00:00,42182099999.0,"SAFDARJUNG, IN",28.584511,77.205783,214.88,10.314548879442748,10.28147391409009,1019.1190253876964,,100.00824121335633,,NOAA_ISD,FM-12,,,True,2026-09-16T17:56:30.997704+00:00,5.0,180.0,5.0,time
2024-01-05 21:30:00+00:00,42182099999.0,"SAFDARJUNG, IN",28.584511,77.205783,214.88,10.245724229470415,10.268578722824547,1019.1051025882418,,99.98769686407907,,NOAA_ISD,FM-12,,,True,2026-09-16T17:56:30.997704+00:00,5.0,180.0,5.0,time
2024-01-05 21:35:00+00:00,42182099999.0,"SAFDARJUNG, IN",28.584511,77.205783,214.88,10.355931036514923,10.237875608866355,1019.1557108558702,,100.14082962832796,,NOAA_ISD,FM-12,,,True,2026-09-16T17:56:30.997704+00:00,5.0,180.0,5.0,time
2024-01-05 21:40:00+00:00,42182099999.0,"SAFDARJUNG, IN",28.584511,77.205783,214.88,10.143825701400699,10.219564486129775,1019.1181425267704,,99.79496416111117,,NOAA_ISD,FM-12,,,True,2026-09-16T17:56:30.997704+00:00,5.0,180.0,5.0,time
2024-01-05 21:45:00+00:00,42182099999.0,"SAFDARJUNG, IN",28.584511,77.205783,214.88,10.263046866178149,10.129415800939524,1019.0916151868665,,100.20339540964757,,NOAA_ISD,FM-12,,,True,2026-09-16T17:56:30.997704+00:00,5.0,180.0,5.0,time
2024-01-05 21:50:00+00:00,42182099999.0,"SAFDARJUNG, IN",28.584511,77.205783,214.88,10.246173150313826,10.178920974497814,1019.070210079836,,100.09326575443409,,NOAA_ISD,FM-12,,,True,2026-09-16T17:56:30.997704+00:00,5.0,180.0,5.0,time
2024-01-05 21:55:00+00:00,42182099999.0,"SAFDARJUNG, IN",28.584511,77.205783,214.88,10.112947615257275,10.155911687985288,1019.0675689607997,,99.7366149852734,,NOAA_ISD,FM-12,,,True,2026-09-16T17:56:30.997704+00:00,5.0,180.0,5.0,time
2024-01-05 22:00:00+00:00,42182099999.0,"SAFDARJUNG, IN",28.584511,77.205783,214.88,10.244797013861131,10.154104709281581,1019.0428552199445,,100.2416525650961,,NOAA_ISD,FM-12,,,True,2026-09-16T17:56:30.997704+00:00,5.0,180.0,5.0,time
2024-01-05 22:05:00+00:00,42182099999.0,"SAFDARJUNG, IN",28.584511,77.205783,214.88,10.160885625258377,10.137292330076699,1019.0732237990374,,100.44681861615955,,NOAA_ISD,FM-12,,,True,2026-09-16T17:56:30.997704+00:00,5.0,180.0,5.0,time
2024-01-05 22:10:00+00:00,42182099999.0,"SAFDARJUNG, IN",28.584511,77.205783,214.88,10.137445839230034,10.085134727661053,1019.0289094213723,,100.20036679390988,,NOAA_ISD,FM-12,,,True,2026-09-16T17:56:30.997704+00:00,5.0,180.0,5.0,time
2024-01-05 22:15:00+00:00,42182099999.0,"SAFDARJUNG, IN",28.584511,77.205783,214.88,10.06806777601796,10.082991248300145,1019.0552040250976,,100.2853969534453,,NOAA_ISD,FM-12,,,True,2026-09-16T17:56:30.997704+00:00,5.0,180.0,5.0,time
2024-01-05 22:20:00+00:00,42182099999.0,"SAFDARJUNG, IN",28.584511,77.205783,214.88,10.03358313653351,10.022413068835547,1019.0142096438268,,100.01707427632051,,NOAA_ISD,FM-12,,,True,2026-09-16T17:56:30.997704+00:00,5.0,180.0,5.0,time
2024-01-05 22:25:00+00:00,42182099999.0,"SAFDARJUNG, IN",28.584511,77.205783,214.88,10.011751780870242,10.037569069076143,1018.9902441074387,,99.6676990160523,,NOAA_ISD,FM-12,,,True,2026-09-16T17:56:30.997704+00:00,5.0,180.0,5.0,time
2024-01-05 22:30:00+00:00,42182099999.0,"SAFDARJUNG, IN",28.584511,77.205783,214.88,10.019526529815975,9.988550484017308,1018.9914739682397,,99.6311759097665,,NOAA_ISD,FM-12,,,True,2026-09-16T17:56:30.997704+00:00,5.0,180.0,5.0,time
2024-01-05 22:35:00+00:00,42182099999.0,"SAFDARJUNG, IN",28.584511,77.205783,214.88,10.047837091529473,9.954083828415177,1018.9364055533389,,100.05101640877355,,NOAA_ISD,FM-12,,,True,2026-09-16T17:56:30.997704+00:00,5.0,180.0,5.0,time
2024-01-05 22:40:00+00:00,42182099999.0,"SAFDARJUNG, IN",28.584511,77.205783,214.88,9.964621266448626,9.951843781991474,1018.9753624062442,,99.881604238454,,NOAA_ISD,FM-12,,,True,2026-09-16T17:56:30.997704+00:00,5.0,180.0,5.0,time
2024-01-05 22:45:00+00:00,42182099999.0,"SAFDARJUNG, IN",28.584511,77.205783,214.88,9.88776115217647,9.961342782277288,1018.9632642828441,,99.81708474433454,,NOAA_ISD,FM-12,,,True,2026-09-16T17:56:30.997704+00:00,5.0,180.0,5.0,time
2024-01-05 22:50:00+00:00,42182099999.0,"SAFDARJUNG, IN",28.584511,77.205783,214.88,9.952332464230361,9.914731221845729,1018.9720504104865,,99.98745066320626,,NOAA_ISD,FM-12,,,True,2026-09-16T17:56:30.997704+00:00,5.0,180.0,5.0,time
2024-01-05 22:55:00+00:00,42182099999.0,"SAFDARJUNG, IN",28.584511,77.205783,214.88,9.93494642620863,9.918818651842457,1018.9067183458848,,100.12311705757226,,NOAA_ISD,FM-12,,,True,2026-09-16T17:56:30.997704+00:00,5.0,180.0,5.0,time
2024-01-05 23:00:00+00:00,42182099999.0,"SAFDARJUNG, IN",28.584511,77.205783,214.88,9.899399643089057,9.851692012390352,1018.9565706605506,,99.70944849064757,,NOAA_ISD,FM-12,,,True,2026-09-16T17:56:30.997704+00:00,5.0,180.0,5.0,time
2024-01-05 23:05:00+00:00,42182099999.0,"SAFDARJUNG, IN",28.584511,77.205783,214.88,9.881719389770694,9.865401466535404,1018.9386342081222,,99.91022447594392,,NOAA_ISD,FM-12,,,True,2026-09-16T17:56:30.997704+00:00,5.0,180.0,5.0,time
2024-01-05 23:10:00+00:00,42182099999.0,"SAFDARJUNG, IN",28.584511,77.205783,214.88,9.808675815714333,9.809179021477483,1018.936151982385,,100.30197413662407,,NOAA_ISD,FM-12,,,True,2026-09-16T17:56:30.997704+00:00,5.0,180.0,5.0,time
2024-01-05 23:15:00+00:00,42182099999.0,"SAFDARJUNG, IN",28.584511,77.205783,214.88,9.753550541643472,9.804506573429785,1018.8989455724799,,99.78494232395572,,NOAA_ISD,FM-12,,,True,2026-09-16T17:56:30.997704+00:00,5.0,180.0,5.0,time
2024-01-05 23:20:00+00:00,42182099999.0,"SAFDARJUNG, IN",28.584511,77.205783,214.88,9.734368106245737,9.782111434350965,1018.909166825571,,100.17395223743299,,NOAA_ISD,FM-12,,,True,2026-09-16T17:56:30.997704+00:00,5.0,180.0,5.0,time
2024-01-05 23:25:00+00:00,42182099999.0,"SAFDARJUNG, IN",28.584511,77.205783,214.88,9.673782393132662,9.768785390234038,1018.8483528970796,,99.9030538476902,,NOAA_ISD,FM-12,,,True,2026-09-16T17:56:30.997704+00:00,5.0,180.0,5.0,time
2024-01-05 23:30:00+00:00,42182099999.0,"SAFDARJUNG, IN",28.584511,77.205783,214.88,9.74518076391063,9.738348145731559,1018.8809276179708,,100.10915875196999,,NOAA_ISD,FM-12,,,True,2026-09-16T17:56:30.997704+00:00,5.0,180.0,5.0,time
2024-01-05 23:35:00+00:00,42182099999.0,"SAFDARJUNG, IN",28.584511,77.205783,214.88,9.70693867194978,9.696327420354674,1018.8401323003135,,100.21946550144057,,NOAA_ISD,FM-12,,,True,2026-09-16T17:56:30.997704+00:00,5.0,180.0,5.0,time
2024-01-05 23:40:00+00:00,42182099999.0,"SAFDARJUNG, IN",28.584511,77.205783,214.88,9.666889503662404,9.706495027930739,1018.811416407796,,100.148256353397,,NOAA_ISD,FM-12,,,True,2026-09-16T17:56:30.997704+00:00,5.0,180.0,5.0,time
2024-01-05 23:45:00+00:00,42182099999.0,"SAFDARJUNG, IN",28.584511,77.205783,214.88,9.518885725449412,9.701299798553174,1018.81085052297,,100.18183192044278,,NOAA_ISD,FM-12,,,True,2026-09-16T17:56:30.997704+00:00,5.0,180.0,5.0,time
2024-01-05 23:50:00+00:00,42182099999.0,"SAFDARJUNG, IN",28.584511,77.205783,214.88,9.582078570959736,9.632768375999321,1018.8223328449948,,99.76968129331841,,NOAA_ISD,FM-12,,,True,2026-09-16T17:56:30.997704+00:00,5.0,180.0,5.0,time
2024-01-05 23:55:00+00:00,42182099999.0,"SAFDARJUNG, IN",28.584511,77.205783,214.88,9.67826425479238,9.58551758069332,1018.7946251269467,,100.22273194134826,,NOAA_ISD,FM-12,,,True,2026-09-16T17:56:30.997704+00:00,5.0,180.0,5.0,time
2024-01-06 00:00:00+00:00,42182099999.0,"SAFDARJUNG, IN",28.584511,77.205783,214.88,9.566768699996842,9.609986391367075,1018.8075214706339,,99.82946137707303,derived_from_temperature_and_dew_point,NOAA_ISD,FM-12,VALID,"{'TMP_QC': '1', 'DEW_QC': '1', 'SLP_QC': '1', 'RECORD_QC': 'V020'}",True,2026-09-16T17:56:30.997704+00:00,5.0,180.0,5.0,time
2024-01-06 00:05:00+00:00,42182099999.0,"SAFDARJUNG, IN",28.584511,77.205783,214.88,9.640251806105065,9.61559861434118,1018.8166130266777,,100.05190835311431,,NOAA_ISD,FM-12,,,True,2026-09-16T17:56:30.997704+00:00,5.0,180.0,5.0,time
2024-01-06 00:10:00+00:00,42182099999.0,"SAFDARJUNG, IN",28.584511,77.205783,214.88,9.574910172945682,9.641822387325337,1018.8630136046833,,100.05164923739945,,NOAA_ISD,FM-12,,,True,2026-09-16T17:56:30.997704+00:00,5.0,180.0,5.0,time
2024-01-06 00:15:00+00:00,42182099999.0,"SAFDARJUNG, IN",28.584511,77.205783,214.88,9.738601940784628,9.677790221781287,1018.9857810820162,,100.09702451177391,,NOAA_ISD,FM-12,,,True,2026-09-16T17:56:30.997704+00:00,5.0,180.0,5.0,time
2024-01-06 00:20:00+00:00,42182099999.0,"SAFDARJUNG, IN",28.584511,77.205783,214.88,9.681687505886154,9.679761040292377,1019.0291871136991,,100.06739133521204,,NOAA_ISD,FM-12,,,True,2026-09-16T17:56:30.997704+00:00,5.0,180.0,5.0,time
2024-01-06 00:25:00+00:00,42182099999.0,"SAFDARJUNG, IN",28.584511,77.205783,214.88,9.725613130935287,9.705734071684237,1019.0429029521706,,99.83123800429506,,NOAA_ISD,FM-12,,,True,2026-09-16T17:56:30.997704+00:00,5.0,180.0,5.0,time
2024-01-06 00:30:00+00:00,42182099999.0,"SAFDARJUNG, IN",28.584511,77.205783,214.88,9.849622322927416,9.731330942994601,1019.1166066737973,,99.73002651754085,,NOAA_ISD,FM-12,,,True,2026-09-16T17:56:30.997704+00:00,5.0,180.0,5.0,time
2024-01-06 00:35:00+00:00,42182099999.0,"SAFDARJUNG, IN",28.584511,77.205783,214.88,9.831377560585025,9.784950634315255,1019.1898345856484,,100.17446973599236,,NOAA_ISD,FM-12,,,True,2026-09-16T17:56:30.997704+00:00,5.0,180.0,5.0,time
2024-01-06 00:40:00+00:00,42182099999.0,"SAFDARJUNG, IN",28.584511,77.205783,214.88,9.762449496713424,9.778379169860049,1019.230606234388,,100.03716691550379,,NOAA_ISD,FM-12,,,True,2026-09-16T17:56:30.997704+00:00,5.0,180.0,5.0,time
2024-01-06 00:45:00+00:00,42182099999.0,"SAFDARJUNG, IN",28.584511,77.205783,214.88,9.770338990756482,9.7752865283837,1019.2779644619236,,100.22987536819156,,NOAA_ISD,FM-12,,,True,2026-09-16T17:56:30.997704+00:00,5.0,180.0,5.0,time
2024-01-06 00:50:00+00:00,42182099999.0,"SAFDARJUNG, IN",28.584511,77.205783,214.88,9.805944971646246,9.7983046525994,1019.3496808594041,,99.99105341316243,,NOAA_ISD,FM-12,,,True,2026-09-16T17:56:30.997704+00:00,5.0,180.0,5.0,time
2024-01-06 00:55:00+00:00,42182099999.0,"SAFDARJUNG, IN",28.584511,77.205783,214.88,9.869939356868272,9.847229042877638,1019.3659413060516,,99.7189671278646,,NOAA_ISD,FM-12,,,True,2026-09-16T17:56:30.997704+00:00,5.0,180.0,5.0,time
2024-01-06 01:00:00+00:00,42182099999.0,"SAFDARJUNG, IN",28.584511,77.205783,214.88,9.861405459954124,9.844078106652848,1019.4339569023066,,100.19322593620082,,NOAA_ISD,FM-12,,,True,2026-09-16T17:56:30.997704+00:00,5.0,180.0,5.0,time
2024-01-06 01:05:00+00:00,42182099999.0,"SAFDARJUNG, IN",28.584511,77.205783,214.88,9.869126681638715,9.857642819150406,1019.4857541383452,,99.92592587806777,,NOAA_ISD,FM-12,,,True,2026-09-16T17:56:30.997704+00:00,5.0,180.0,5.0,time
2024-01-06 01:10:00+00:00,42182099999.0,"SAFDARJUNG, IN",28.584511,77.205783,214.88,9.984470173646564,9.923821830929791,1019.5334336479355,,100.0684006914842,,NOAA_ISD,FM-12,,,True,2026-09-16T17:56:30.997704+00:00,5.0,180.0,5.0,time
2024-01-06 01:15:00+00:00,42182099999.0,"SAFDARJUNG, IN",28.584511,77.205783,214.88,9.927622838744442,9.947023301390706,1019.5838705564382,,99.8705081143041,,NOAA_ISD,FM-12,,,True,2026-09-16T17:56:30.997704+00:00,5.0,180.0,5.0,time
2024-01-06 01:20:00+00:00,42182099999.0,"SAFDARJUNG, IN",28.584511,77.205783,214.88,10.070535010207422,9.948192824877678,1019.645901809201,,100.32886034204674,,NOAA_ISD,FM-12,,,True,2026-09-16T17:56:30.997704+00:00,5.0,180.0,5.0,time
2024-01-06 01:25:00+00:00,42182099999.0,"SAFDARJUNG, IN",28.584511,77.205783,214.88,9.982314905965387,9.983650963600812,1019.6979103721419,,99.82468703516336,,NOAA_ISD,FM-12,,,True,2026-09-16T17:56:30.997704+00:00,5.0,180.0,5.0,time
2024-01-06 01:30:00+00:00,42182099999.0,"SAFDARJUNG, IN",28.584511,77.205783,214.88,10.089265919711236,10.00376243288391,1019.7290314471493,,99.93251404917876,,NOAA_ISD,FM-12,,,True,2026-09-16T17:56:30.997704+00:00,5.0,180.0,5.0,time
2024-01-06 01:35:00+00:00,42182099999.0,"SAFDARJUNG, IN",28.584511,77.205783,214.88,10.040088193357754,10.034270609941604,1019.8188136959758,,100.02148974053947,,NOAA_ISD,FM-12,,,True,2026-09-16T17:56:30.997704+00:00,5.0,180.0,5.0,time
2024-01-06 01:40:00+00:00,42182099999.0,"SAFDARJUNG, IN",28.584511,77.205783,214.88,10.092592473106917,10.05653944252324,1019.8360278514003,,99.7815635345826,,NOAA_ISD,FM-12,,,True,2026-09-16T17:56:30.997704+00:00,5.0,180.0,5.0,time
2024-01-06 01:45:00+00:00,42182099999.0,"SAFDARJUNG, IN",28.584511,77.205783,214.88,10.03043611409078,10.014550894916121,1019.9039686644423,,100.06610390571753,,NOAA_ISD,FM-12,,,True,2026-09-16T17:56:30.997704+00:00,5.0,180.0,5.0,time
2024-01-06 01:50:00+00:00,42182099999.0,"SAFDARJUNG, IN",28.584511,77.205783,214.88,10.046200927759518,10.08407890971924,1019.9552055016567,,100.3223820954935,,NOAA_ISD,FM-12,,,True,2026-09-16T17:56:30.997704+00:00,5.0,180.0,5.0,time
2024-01-06 01:55:00+00:00,42182099999.0,"SAFDARJUNG, IN",28.584511,77.205783,214.88,10.13409640886186,10.121469194874674,1020.0210509611421,,99.90190756786126,,NOAA_ISD,FM-12,,,True,2026-09-16T17:56:30.997704+00:00,5.0,180.0,5.0,time
2024-01-06 02:00:00+00:00,42182099999.0,"SAFDARJUNG, IN",28.584511,77.205783,214.88,10.182760995456599,10.125124201512552,1020.0242845878623,,100.07902856380635,,NOAA_ISD,FM-12,,,True,2026-09-16T17:56:30.997704+00:00,5.0,180.0,5.0,time
2024-01-06 02:05:00+00:00,42182099999.0,"SAFDARJUNG, IN",28.584511,77.205783,214.88,10.157568380655578,10.156279608340752,1020.137262640743,,99.45011292279229,,NOAA_ISD,FM-12,,,True,2026-09-16T17:56:30.997704+00:00,5.0,180.0,5.0,time
2024-01-06 02:10:00+00:00,42182099999.0,"SAFDARJUNG, IN",28.584511,77.205783,214.88,10.113458111023592,10.192791777411339,1020.1586824152699,,99.99221415990303,,NOAA_ISD,FM-12,,,True,2026-09-16T17:56:30.997704+00:00,5.0,180.0,5.0,time
2024-01-06 02:15:00+00:00,42182099999.0,"SAFDARJUNG, IN",28.584511,77.205783,214.88,10.131987081685534,10.201618504665042,1020.2493992658956,,99.93739154281477,,NOAA_ISD,FM-12,,,True,2026-09-16T17:56:30.997704+00:00,5.0,180.0,5.0,time
2024-01-06 02:20:00+00:00,42182099999.0,"SAFDARJUNG, IN",28.584511,77.205783,214.88,10.150865402112911,10.25238061056692,1020.2682144792875,,99.83630047951792,,NOAA_ISD,FM-12,,,True,2026-09-16T17:56:30.997704+00:00,5.0,180.0,5.0,time
2024-01-06 02:25:00+00:00,42182099999.0,"SAFDARJUNG, IN",28.584511,77.205783,214.88,10.156063338797477,10.266984169490067,1020.329578683841,,100.2162900939257,,NOAA_ISD,FM-12,,,True,2026-09-16T17:56:30.997704+00:00,5.0,180.0,5.0,time
2024-01-06 02:30:00+00:00,42182099999.0,"SAFDARJUNG, IN",28.584511,77.205783,214.88,10.272140934639022,10.264295383607239,1020.4216090541347,,99.93475126367524,,NOAA_ISD,FM-12,,,True,2026-09-16T17:56:30.997704+00:00,5.0,180.0,5.0,time
2024-01-06 02:35:00+00:00,42182099999.0,"SAFDARJUNG, IN",28.584511,77.205783,214.88,10.34514108497429,10.284927965474393,1020.4305643469353,,99.96450450258128,,NOAA_ISD,FM-12,,,True,2026-09-16T17:56:30.997704+00:00,5.0,180.0,5.0,time
2024-01-06 02:40:00+00:00,42182099999.0,"SAFDARJUNG, IN",28.584511,77.205783,214.88,10.31044032176487,10.254104629007085,1020.5136658865824,,99.92456142504219,,NOAA_ISD,FM-12,,,True,2026-09-16T17:56:30.997704+00:00,5.0,180.0,5.0,time
2024-01-06 02:45:00+00:00,42182099999.0,"SAFDARJUNG, IN",28.584511,77.205783,214.88,10.22031259546644,10.326803289395523,1020.5424475683781,,99.61663682564698,,NOAA_ISD,FM-12,,,True,2026-09-16T17:56:30.997704+00:00,5.0,180.0,5.0,time
2024-01-06 02:50:00+00:00,42182099999.0,"SAFDARJUNG, IN",28.584511,77.205783,214.88,10.346017532538829,10.328490177701346,1020.6027528210503,,99.77360271198461,,NOAA_ISD,FM-12,,,True,2026-09-16T17:56:30.997704+00:00,5.0,180.0,5.0,time
2024-01-06 02:55:00+00:00,42182099999.0,"SAFDARJUNG, IN",28.584511,77.205783,214.88,10.369637827946148,10.38220236861779,1020.6486213940104,,100.19221869722405,,NOAA_ISD,FM-12,,,True,2026-09-16T17:56:30.997704+00:00,5.0,180.0,5.0,time
2024-01-06 03:00:00+00:00,42182099999.0,"SAFDARJUNG, IN",28.584511,77.205783,214.88,10.504799937511272,10.4030574142224,1020.716957032526,,99.578009870624,derived_from_temperature_and_dew_point,NOAA_ISD,FM-12,VALID,"{'TMP_QC': '1', 'DEW_QC': '1', 'SLP_QC': '1', 'RECORD_QC': 'V020'}",True,2026-09-16T17:56:30.997704+00:00,5.0,180.0,5.0,time
2024-01-06 03:05:00+00:00,42182099999.0,"SAFDARJUNG, IN",28.584511,77.205783,214.88,10.393809771020688,10.383361559564982,1020.711289367743,,99.2711813745213,,NOAA_ISD,FM-12,,,True,2026-09-16T17:56:30.997704+00:00,5.0,180.0,5.0,time
2024-01-06 03:10:00+00:00,42182099999.0,"SAFDARJUNG, IN",28.584511,77.205783,214.88,10.513799453203374,10.366822298327852,1020.7303190295396,,98.76894487763094,,NOAA_ISD,FM-12,,,True,2026-09-16T17:56:30.997704+00:00,5.0,180.0,5.0,time
2024-01-06 03:15:00+00:00,42182099999.0,"SAFDARJUNG, IN",28.584511,77.205783,214.88,10.685292634027228,10.307807944739894,1020.7622284761926,,98.62205770679165,,NOAA_ISD,FM-12,,,True,2026-09-16T17:56:30.997704+00:00,5.0,180.0,5.0,time
2024-01-06 03:20:00+00:00,42182099999.0,"SAFDARJUNG, IN",28.584511,77.205783,214.88,10.689165583733995,10.323386104016242,1020.8019942075266,,97.85149853087705,,NOAA_ISD,FM-12,,,True,2026-09-16T17:56:30.997704+00:00,5.0,180.0,5.0,time
2024-01-06 03:25:00+00:00,42182099999.0,"SAFDARJUNG, IN",28.584511,77.205783,214.88,10.761498987009155,10.25187125112662,1020.820583624289,,97.0107881168116,,NOAA_ISD,FM-12,,,True,2026-09-16T17:56:30.997704+00:00,5.0,180.0,5.0,time
2024-01-06 03:30:00+00:00,42182099999.0,"SAFDARJUNG, IN",28.584511,77.205783,214.88,10.805729221851195,10.190462338792335,1020.8642054975295,,96.80756940608978,,NOAA_ISD,FM-12,,,True,2026-09-16T17:56:30.997704+00:00,5.0,180.0,5.0,time
2024-01-06 03:35:00+00:00,42182099999.0,"SAFDARJUNG, IN",28.584511,77.205783,214.88,10.88316384359953,10.17486967360891,1020.9010946339964,,95.8230079470109,,NOAA_ISD,FM-12,,,True,2026-09-16T17:56:30.997704+00:00,5.0,180.0,5.0,time
2024-01-06 03:40:00+00:00,42182099999.0,"SAFDARJUNG, IN",28.584511,77.205783,214.88,10.972213809847261,10.1481006215494,1020.8804832332554,,95.59737551630236,,NOAA_ISD,FM-12,,,True,2026-09-16T17:56:30.997704+00:00,5.0,180.0,5.0,time
2024-01-06 03:45:00+00:00,42182099999.0,"SAFDARJUNG, IN",28.584511,77.205783,214.88,10.959525684055361,10.136842543023068,1020.9103210241678,,94.54822455081539,,NOAA_ISD,FM-12,,,True,2026-09-16T17:56:30.997704+00:00,5.0,180.0,5.0,time
2024-01-06 03:50:00+00:00,42182099999.0,"SAFDARJUNG, IN",28.584511,77.205783,214.88,11.110569595612077,10.075499446439858,1020.9212752116338,,94.45909601080227,,NOAA_ISD,FM-12,,,True,2026-09-16T17:56:30.997704+00:00,5.0,180.0,5.0,time
2024-01-06 03:55:00+00:00,42182099999.0,"SAFDARJUNG, IN",28.584511,77.205783,214.88,11.064683182489057,10.057929371232703,1021.0156074598152,,93.58766215979469,,NOAA_ISD,FM-12,,,True,2026-09-16T17:56:30.997704+00:00,5.0,180.0,5.0,time
2024-01-06 04:00:00+00:00,42182099999.0,"SAFDARJUNG, IN",28.584511,77.205783,214.88,11.216418398641578,10.030112527717412,1021.0060933899824,,92.88763248514508,,NOAA_ISD,FM-12,,,True,2026-09-16T17:56:30.997704+00:00,5.0,180.0,5.0,time
2024-01-06 04:05:00+00:00,42182099999.0,"SAFDARJUNG, IN",28.584511,77.205783,214.88,11.275603714830984,9.993815361624668,1021.0345960464011,,92.47434905516252,,NOAA_ISD,FM-12,,,True,2026-09-16T17:56:30.997704+00:00,5.0,180.0,5.0,time
2024-01-06 04:10:00+00:00,42182099999.0,"SAFDARJUNG, IN",28.584511,77.205783,214.88,11.302518678923729,9.988450529855818,1021.0231958322994,,91.99769105816627,,NOAA_ISD,FM-12,,,True,2026-09-16T17:56:30.997704+00:00,5.0,180.0,5.0,time
2024-01-06 04:15:00+00:00,42182099999.0,"SAFDARJUNG, IN",28.584511,77.205783,214.88,11.398865736233718,9.954493094435973,1021.0749766002199,,91.26771698056153,,NOAA_ISD,FM-12,,,True,2026-09-16T17:56:30.997704+00:00,5.0,180.0,5.0,time
2024-01-06 04:20:00+00:00,42182099999.0,"SAFDARJUNG, IN",28.584511,77.205783,214.88,11.43553965903339,9.93444245381319,1021.1101849596882,,90.90190181231017,,NOAA_ISD,FM-12,,,True,2026-09-16T17:56:30.997704+00:00,5.0,180.0,5.0,time
2024-01-06 04:25:00+00:00,42182099999.0,"SAFDARJUNG, IN",28.584511,77.205783,214.88,11.479748266990246,9.873935051933332,1021.1199448461894,,90.09895677882274,,NOAA_ISD,FM-12,,,True,2026-09-16T17:56:30.997704+00:00,5.0,180.0,5.0,time
2024-01-06 04:30:00+00:00,42182099999.0,"SAFDARJUNG, IN",28.584511,77.205783,214.88,11.582319262919318,9.87405055135296,1021.1715141124967,,89.76407447878627,,NOAA_ISD,FM-12,,,True,2026-09-16T17:56:30.997704+00:00,5.0,180.0,5.0,time
2024-01-06 04:35:00+00:00,42182099999.0,"SAFDARJUNG, IN",28.584511,77.205783,214.88,11.611467234898084,9.792164502724903,1021.221236622513,,89.15288885685177,,NOAA_ISD,FM-12,,,True,2026-09-16T17:56:30.997704+00:00,5.0,180.0,5.0,time
2024-01-06 04:40:00+00:00,42182099999.0,"SAFDARJUNG, IN",28.584511,77.205783,214.88,11.749473206537997,9.761121202869093,1021.1810587434582,,88.4767042779473,,NOAA_ISD,FM-12,,,True,2026-09-16T17:56:30.997704+00:00,5.0,180.0,5.0,time
2024-01-06 04:45:00+00:00,42182099999.0,"SAFDARJUNG, IN",28.584511,77.205783,214.88,11.742495725292383,9.73405729961151,1021.2045582550805,,87.82505687086014,,NOAA_ISD,FM-12,,,True,2026-09-16T17:56:30.997704+00:00,5.0,180.0,5.0,time
2024-01-06 04:50:00+00:00,42182099999.0,"SAFDARJUNG, IN",28.584511,77.205783,214.88,11.90226551781622,9.727962011630419,1021.2324448786894,,87.36808593693083,,NOAA_ISD,FM-12,,,True,2026-09-16T17:56:30.997704+00:00,5.0,180.0,5.0,time
2024-01-06 04:55:00+00:00,42182099999.0,"SAFDARJUNG, IN",28.584511,77.205783,214.88,11.874259379936893,9.721269784553778,1021.3071239832003,,86.87227297082896,,NOAA_ISD,FM-12,,,True,2026-09-16T17:56:30.997704+00:00,5.0,180.0,5.0,time
2024-01-06 05:00:00+00:00,42182099999.0,"SAFDARJUNG, IN",28.584511,77.205783,214.88,11.971685254220949,9.654623825053875,1021.3208471063407,,86.59902649721299,,NOAA_ISD,FM-12,,,True,2026-09-16T17:56:30.997704+00:00,5.0,180.0,5.0,time
2024-01-06 05:05:00+00:00,42182099999.0,"SAFDARJUNG, IN",28.584511,77.205783,214.88,12.035436496255908,9.626577243011821,1021.3222894436442,,85.79899519547075,,NOAA_ISD,FM-12,,,True,2026-09-16T17:56:30.997704+00:00,5.0,180.0,5.0,time
2024-01-06 05:10:00+00:00,42182099999.0,"SAFDARJUNG, IN",28.584511,77.205783,214.88,12.199590669777077,9.60123519644937,1021.3507311932881,,85.23075354551872,,NOAA_ISD,FM-12,,,True,2026-09-16T17:56:30.997704+00:00,5.0,180.0,5.0,time
2024-01-06 05:15:00+00:00,42182099999.0,"SAFDARJUNG, IN",28.584511,77.205783,214.88,12.21651449728083,9.586456562467754,1021.3586691274761,,85.07770243897207,,NOAA_ISD,FM-12,,,True,2026-09-16T17:56:30.997704+00:00,5.0,180.0,5.0,time
2024-01-06 05:20:00+00:00,42182099999.0,"SAFDARJUNG, IN",28.584511,77.205783,214.88,12.256079976539448,9.534891938377353,1021.4178005431548,,83.98763613979801,,NOAA_ISD,FM-12,,,True,2026-09-16T17:56:30.997704+00:00,5.0,180.0,5.0,time
2024-01-06 05:25:00+00:00,42182099999.0,"SAFDARJUNG, IN",28.584511,77.205783,214.88,12.35826930538682,9.503220549730559,1021.4174019635179,,83.40581759115123,,NOAA_ISD,FM-12,,,True,2026-09-16T17:56:30.997704+00:00,5.0,180.0,5.0,time
2024-01-06 05:30:00+00:00,42182099999.0,"SAFDARJUNG, IN",28.584511,77.205783,214.88,12.294640382633515,9.456425428066181,1021.4447984692109,,82.87413634819767,,NOAA_ISD,FM-12,,,True,2026-09-16T17:56:30.997704+00:00,5.0,180.0,5.0,time
2024-01-06 05:35:00+00:00,42182099999.0,"SAFDARJUNG, IN",28.584511,77.205783,214.88,12.464509987184622,9.441343355554237,1021.4871757954306,,81.95598458226013,,NOAA_ISD,FM-12,,,True,2026-09-16T17:56:30.997704+00:00,5.0,180.0,5.0,time
2024-01-06 05:40:00+00:00,42182099999.0,"SAFDARJUNG, IN",28.584511,77.205783,214.88,12.633209042223573,9.445771457280928,1021.4962401012383,,81.49344189493847,,NOAA_ISD,FM-12,,,True,2026-09-16T17:56:30.997704+00:00,5.0,180.0,5.0,time
2024-01-06 05:45:00+00:00,42182099999.0,"SAFDARJUNG, IN",28.584511,77.205783,214.88,12.606617325320135,9.393485186836237,1021.52030068013,,80.90543281332819,,NOAA_ISD,FM-12,,,True,2026-09-16T17:56:30.997704+00:00,5.0,180.0,5.0,time
2024-01-06 05:50:00+00:00,42182099999.0,"SAFDARJUNG, IN",28.584511,77.205783,214.88,12.670062325125135,9.346314020906155,1021.5502115041106,,80.56063390655503,,NOAA_ISD,FM-12,,,True,2026-09-16T17:56:30.997704+00:00,5.0,180.0,5.0,time
2024-01-06 05:55:00+00:00,42182099999.0,"SAFDARJUNG, IN",28.584511,77.205783,214.88,12.760739752315445,9.355278435010135,1021.5909071082759,,79.82072064311131,,NOAA_ISD,FM-12,,,True,2026-09-16T17:56:30.997704+00:00,5.0,180.0,5.0,time
2024-01-06 06:00:00+00:00,42182099999.0,"SAFDARJUNG, IN",28.584511,77.205783,214.88,12.844780262165719,9.288295729958797,1021.6329298615098,,79.30764468509486,derived_from_temperature_and_dew_point,NOAA_ISD,FM-12,VALID,"{'TMP_QC': '1', 'DEW_QC': '1', 'SLP_QC': '1', 'RECORD_QC': 'V020'}",True,2026-09-16T17:56:30.997704+00:00,5.0,180.0,5.0,time
2024-01-06 06:05:00+00:00,42182099999.0,"SAFDARJUNG, IN",28.584511,77.205783,214.88,12.752904443133286,9.331176889367429,1021.5394875024227,,79.25471314625192,,NOAA_ISD,FM-12,,,True,2026-09-16T17:56:30.997704+00:00,5.0,180.0,5.0,time
2024-01-06 06:10:00+00:00,42182099999.0,"SAFDARJUNG, IN",28.584511,77.205783,214.88,12.821439231466005,9.33362769511356,1021.471621840028,,78.96707459218528,,NOAA_ISD,FM-12,,,True,2026-09-16T17:56:30.997704+00:00,5.0,180.0,5.0,time
2024-01-06 06:15:00+00:00,42182099999.0,"SAFDARJUNG, IN",28.584511,77.205783,214.88,12.968847897887642,9.309453565860826,1021.3793362520913,,78.51932246605841,,NOAA_ISD,FM-12,,,True,2026-09-16T17:56:30.997704+00:00,5.0,180.0,5.0,time
2024-01-06 06:20:00+00:00,42182099999.0,"SAFDARJUNG, IN",28.584511,77.205783,214.88,12.975367283016235,9.281140120563679,1021.2969551538478,,78.17488986951324,,NOAA_ISD,FM-12,,,True,2026-09-16T17:56:30.997704+00:00,5.0,180.0,5.0,time
2024-01-06 06:25:00+00:00,42182099999.0,"SAFDARJUNG, IN",28.584511,77.205783,214.88,13.129490151999885,9.359678901195805,1021.2519686135337,,78.29316605744175,,NOAA_ISD,FM-12,,,True,2026-09-16T17:56:30.997704+00:00,5.0,180.0,5.0,time
2024-01-06 06:30:00+00:00,42182099999.0,"SAFDARJUNG, IN",28.584511,77.205783,214.88,13.100907947172406,9.324412187791957,1021.1700914831588,,77.9781115695153,,NOAA_ISD,FM-12,,,True,2026-09-16T17:56:30.997704+00:00,5.0,180.0,5.0,time
2024-01-06 06:35:00+00:00,42182099999.0,"SAFDARJUNG, IN",28.584511,77.205783,214.88,13.072717907658788,9.312966703950034,1021.0659918714695,,77.25930419189649,,NOAA_ISD,FM-12,,,True,2026-09-16T17:56:30.997704+00:00,5.0,180.0,5.0,time
2024-01-06 06:40:00+00:00,42182099999.0,"SAFDARJUNG, IN",28.584511,77.205783,214.88,13.158821526380024,9.341344780517725,1021.0156608297538,,77.27514698999612,,NOAA_ISD,FM-12,,,True,2026-09-16T17:56:30.997704+00:00,5.0,180.0,5.0,time
2024-01-06 06:45:00+00:00,42182099999.0,"SAFDARJUNG, IN",28.584511,77.205783,214.88,13.13751619901847,9.339046055740429,1020.9483420595304,,77.12810309240335,,NOAA_ISD,FM-12,,,True,2026-09-16T17:56:30.997704+00:00,5.0,180.0,5.0,time
2024-01-06 06:50:00+00:00,42182099999.0,"SAFDARJUNG, IN",28.584511,77.205783,214.88,13.316071500913631,9.353996544775509,1020.8675686204372,,77.00798816564642,,NOAA_ISD,FM-12,,,True,2026-09-16T17:56:30.997704+00:00,5.0,180.0,5.0,time
2024-01-06 06:55:00+00:00,42182099999.0,"SAFDARJUNG, IN",28.584511,77.205783,214.88,13.371136349192337,9.317308599781958,1020.8351902674464,,76.7914647434324,,NOAA_ISD,FM-12,,,True,2026-09-16T17:56:30.997704+00:00,5.0,180.0,5.0,time
2024-01-06 07:00:00+00:00,42182099999.0,"SAFDARJUNG, IN",28.584511,77.205783,214.88,13.412110197844239,9.339702801588821,1020.7429301140714,,76.42344786690177,,NOAA_ISD,FM-12,,,True,2026-09-16T17:56:30.997704+00:00,5.0,180.0,5.0,time
2024-01-06 07:05:00+00:00,42182099999.0,"SAFDARJUNG, IN",28.584511,77.205783,214.88,13.540055063062598,9.312393706506214,1020.6885746094689,,76.24093839516065,,NOAA_ISD,FM-12,,,True,2026-09-16T17:56:30.997704+00:00,5.0,180.0,5.0,time
2024-01-06 07:10:00+00:00,42182099999.0,"SAFDARJUNG, IN",28.584511,77.205783,214.88,13.598814880714725,9.352215576803713,1020.594157394122,,75.89393847158674,,NOAA_ISD,FM-12,,,True,2026-09-16T17:56:30.997704+00:00,5.0,180.0,5.0,time
2024-01-06 07:15:00+00:00,42182099999.0,"SAFDARJUNG, IN",28.584511,77.205783,214.88,13.58314724549886,9.341207759274123,1020.5182944233951,,75.50356299569722,,NOAA_ISD,FM-12,,,True,2026-09-16T17:56:30.997704+00:00,5.0,180.0,5.0,time
2024-01-06 07:20:00+00:00,42182099999.0,"SAFDARJUNG, IN",28.584511,77.205783,214.88,13.537709761070602,9.350064629554181,1020.4257124880922,,75.34330267734731,,NOAA_ISD,FM-12,,,True,2026-09-16T17:56:30.997704+00:00,5.0,180.0,5.0,time
2024-01-06 07:25:00+00:00,42182099999.0,"SAFDARJUNG, IN",28.584511,77.205783,214.88,13.728086301246837,9.344295227745414,1020.3724608128862,,75.15657601510581,,NOAA_ISD,FM-12,,,True,2026-09-16T17:56:30.997704+00:00,5.0,180.0,5.0,time
2024-01-06 07:30:00+00:00,42182099999.0,"SAFDARJUNG, IN",28.584511,77.205783,214.88,13.77776801142543,9.344980223588234,1020.3002610785135,,74.90306414999628,,NOAA_ISD,FM-12,,,True,2026-09-16T17:56:30.997704+00:00,5.0,180.0,5.0,time
2024-01-06 07:35:00+00:00,42182099999.0,"SAFDARJUNG, IN",28.584511,77.205783,214.88,13.818247356285625,9.335413154297484,1020.2004355000971,,74.29010764133353,,NOAA_ISD,FM-12,,,True,2026-09-16T17:56:30.997704+00:00,5.0,180.0,5.0,time
2024-01-06 07:40:00+00:00,42182099999.0,"SAFDARJUNG, IN",28.584511,77.205783,214.88,13.904629543020961,9.371364159849241,1020.1447650061601,,74.34494777745856,,NOAA_ISD,FM-12,,,True,2026-09-16T17:56:30.997704+00:00,5.0,180.0,5.0,time
2024-01-06 07:45:00+00:00,42182099999.0,"SAFDARJUNG, IN",28.584511,77.205783,214.88,13.850091928510281,9.388127414068164,1020.0768676813631,,74.1929077972845,,NOAA_ISD,FM-12,,,True,2026-09-16T17:56:30.997704+00:00,5.0,180.0,5.0,time
2024-01-06 07:50:00+00:00,42182099999.0,"SAFDARJUNG, IN",28.584511,77.205783,214.88,14.061548880420368,9.349977743932909,1020.0193807019923,,73.88261489050775,,NOAA_ISD,FM-12,,,True,2026-09-16T17:56:30.997704+00:00,5.0,180.0,5.0,time
2024-01-06 07:55:00+00:00,42182099999.0,"SAFDARJUNG, IN",28.584511,77.205783,214.88,13.965917501231797,9.374959698988311,1019.9481158911286,,73.6467463520088,,NOAA_ISD,FM-12,,,True,2026-09-16T17:56:30.997704+00:00,5.0,180.0,5.0,time
2024-01-06 08:00:00+00:00,42182099999.0,"SAFDARJUNG, IN",28.584511,77.205783,214.88,14.10412781302671,9.375310339159872,1019.8550402970274,,73.55093160749425,,NOAA_ISD,FM-12,,,True,2026-09-16T17:56:30.997704+00:00,5.0,180.0,5.0,time
2024-01-06 08:05:00+00:00,42182099999.0,"SAFDARJUNG, IN",28.584511,77.205783,214.88,14.035077059723776,9.369606400671422,1019.8038218364953,,72.99476411814584,,NOAA_ISD,FM-12,,,True,2026-09-16T17:56:30.997704+00:00,5.0,180.0,5.0,time
2024-01-06 08:10:00+00:00,42182099999.0,"SAFDARJUNG, IN",28.584511,77.205783,214.88,14.12570898785872,9.341690307554929,1019.7185806436352,,72.64216933498754,,NOAA_ISD,FM-12,,,True,2026-09-16T17:56:30.997704+00:00,5.0,180.0,5.0,time
2024-01-06 08:15:00+00:00,42182099999.0,"SAFDARJUNG, IN",28.584511,77.205783,214.88,14.300818432336266,9.348968052977789,1019.5926075995029,,72.65536604183268,,NOAA_ISD,FM-12,,,True,2026-09-16T17:56:30.997704+00:00,5.0,180.0,5.0,time
2024-01-06 08:20:00+00:00,42182099999.0,"SAFDARJUNG, IN",28.584511,77.205783,214.88,14.264732786627734,9.362158138754747,1019.5680837371387,,72.6350451033226,,NOAA_ISD,FM-12,,,True,2026-09-16T17:56:30.997704+00:00,5.0,180.0,5.0,time
2024-01-06 08:25:00+00:00,42182099999.0,"SAFDARJUNG, IN",28.584511,77.205783,214.88,14.372551685812196,9.337775461084117,1019.5271353283584,,72.57695505234177,,NOAA_ISD,FM-12,,,True,2026-09-16T17:56:30.997704+00:00,5.0,180.0,5.0,time
2024-01-06 08:30:00+00:00,42182099999.0,"SAFDARJUNG, IN",28.584511,77.205783,214.88,14.395181102769294,9.411493947931445,1019.3996972182008,,72.15309231448562,,NOAA_ISD,FM-12,,,True,2026-09-16T17:56:30.997704+00:00,5.0,180.0,5.0,time
2024-01-06 08:35:00+00:00,42182099999.0,"SAFDARJUNG, IN",28.584511,77.205783,214.88,14.430863203311102,9.393465175694706,1019.3633649351194,,71.46023613691513,,NOAA_ISD,FM-12,,,True,2026-09-16T17:56:30.997704+00:00,5.0,180.0,5.0,time
2024-01-06 08:40:00+00:00,42182099999.0,"SAFDARJUNG, IN",28.584511,77.205783,214.88,14.557081405135524,9.388289667920906,1019.3205941131725,,71.46463766323576,,NOAA_ISD,FM-12,,,True,2026-09-16T17:56:30.997704+00:00,5.0,180.0,5.0,time
2024-01-06 08:45:00+00:00,42182099999.0,"SAFDARJUNG, IN",28.584511,77.205783,214.88,14.529833725434072,9.347861950281311,1019.2014544076064,,71.31966020954965,,NOAA_ISD,FM-12,,,True,2026-09-16T17:56:30.997704+00:00,5.0,180.0,5.0,time
2024-01-06 08:50:00+00:00,42182099999.0,"SAFDARJUNG, IN",28.584511,77.205783,214.88,14.505407539066269,9.357967027344039,1019.1444874260529,,71.06107377894027,,NOAA_ISD,FM-12,,,True,2026-09-16T17:56:30.997704+00:00,5.0,180.0,5.0,time
2024-01-06 08:55:00+00:00,42182099999.0,"SAFDARJUNG, IN",28.584511,77.205783,214.88,14.607060217624637,9.397175394458483,1019.0461418970776,,70.89063868836635,,NOAA_ISD,FM-12,,,True,2026-09-16T17:56:30.997704+00:00,5.0,180.0,5.0,time
2024-01-06 09:00:00+00:00,42182099999.0,"SAFDARJUNG, IN",28.584511,77.205783,214.88,14.727559586435085,9.43940979930968,1019.0325446228333,,70.35659021070785,derived_from_temperature_and_dew_point,NOAA_ISD,FM-12,VALID,"{'TMP_QC': '1', 'DEW_QC': '1', 'SLP_QC': '1', 'RECORD_QC': 'V020'}",True,2026-09-16T17:56:30.997704+00:00,5.0,180.0,5.0,time
2024-01-06 09:05:00+00:00,42182099999.0,"SAFDARJUNG, IN",28.584511,77.205783,214.88,14.686442121984792,9.388804893860318,1019.0038889030156,,70.72576639528793,,NOAA_ISD,FM-12,,,True,2026-09-16T17:56:30.997704+00:00,5.0,180.0,5.0,time
2024-01-06 09:10:00+00:00,42182099999.0,"SAFDARJUNG, IN",28.584511,77.205783,214.88,14.554980420821561,9.422831515843804,1019.012043647967,,70.96962012151079,,NOAA_ISD,FM-12,,,True,2026-09-16T17:56:30.997704+00:00,5.0,180.0,5.0,time
2024-01-06 09:15:00+00:00,42182099999.0,"SAFDARJUNG, IN",28.584511,77.205783,214.88,14.56378287402959,9.398735285179834,1019.0437526759767,,71.22346752399407,,NOAA_ISD,FM-12,,,True,2026-09-16T17:56:30.997704+00:00,5.0,180.0,5.0,time
2024-01-06 09:20:00+00:00,42182099999.0,"SAFDARJUNG, IN",28.584511,77.205783,214.88,14.537580599206555,9.412215896296889,1019.0354517901152,,71.06996747778857,,NOAA_ISD,FM-12,,,True,2026-09-16T17:56:30.997704+00:00,5.0,180.0,5.0,time
2024-01-06 09:25:00+00:00,42182099999.0,"SAFDARJUNG, IN",28.584511,77.205783,214.88,14.515059853627623,9.438182565866748,1019.0102652031279,,71.33485751544032,,NOAA_ISD,FM-12,,,True,2026-09-16T17:56:30.997704+00:00,5.0,180.0,5.0,time
2024-01-06 09:30:00+00:00,42182099999.0,"SAFDARJUNG, IN",28.584511,77.205783,214.88,14.431204320569922,9.409747634063336,1019.0203877748515,,71.035903130652,,NOAA_ISD,FM-12,,,True,2026-09-16T17:56:30.997704+00:00,5.0,180.0,5.0,time
2024-01-06 09:35:00+00:00,42182099999.0,"SAFDARJUNG, IN",28.584511,77.205783,214.88,14.435248111260693,9.405642346283402,1019.0487875149794,,71.62515205092889,,NOAA_ISD,FM-12,,,True,2026-09-16T17:56:30.997704+00:00,5.0,180.0,5.0,time
2024-01-06 09:40:00+00:00,42182099999.0,"SAFDARJUNG, IN",28.584511,77.205783,214.88,14.396902809070356,9.450583633304717,1019.0319620233432,,71.81733924362803,,NOAA_ISD,FM-12,,,True,2026-09-16T17:56:30.997704+00:00,5.0,180.0,5.0,time
2024-01-06 09:45:00+00:00,42182099999.0,"SAFDARJUNG, IN",28.584511,77.205783,214.88,14.438576662988094,9.425911156422272,1019.0076551337576,,71.89108309836651,,NOAA_ISD,FM-12,,,True,2026-09-16T17:56:30.997704+00:00,5.0,180.0,5.0,time
2024-01-06 09:50:00+00:00,42182099999.0,"SAFDARJUNG, IN",28.584511,77.205783,214.88,14.407122732216177,9.449601879589501,1019.0544907395828,,72.30090020782431,,NOAA_ISD,FM-12,,,True,2026-09-16T17:56:30.997704+00:00,5.0,180.0,5.0,time
2024-01-06 09:55:00+00:00,42182099999.0,"SAFDARJUNG, IN",28.584511,77.205783,214.88,14.326042810428891,9.416850577687862,1019.0315068578886,,72.42936646914652,,NOAA_ISD,FM-12,,,True,2026-09-16T17:56:30.997704+00:00,5.0,180.0,5.0,time
2024-01-06 10:00:00+00:00,42182099999.0,"SAFDARJUNG, IN",28.584511,77.205783,214.88,14.280398010206463,9.461466817512553,1019.098992301738,,72.16149055781783,,NOAA_ISD,FM-12,,,True,2026-09-16T17:56:30.997704+00:00,5.0,180.0,5.0,time
2024-01-06 10:05:00+00:00,42182099999.0,"SAFDARJUNG, IN",28.584511,77.205783,214.88,14.27366288226862,9.441583656601804,1019.0757579749775,,72.82921270497147,,NOAA_ISD,FM-12,,,True,2026-09-16T17:56:30.997704+00:00,5.0,180.0,5.0,time
2024-01-06 10:10:00+00:00,42182099999.0,"SAFDARJUNG, IN",28.584511,77.205783,214.88,14.192504577960554,9.447584641413183,1019.0596742766429,,72.77322406273109,,NOAA_ISD,FM-12,,,True,2026-09-16T17:56:30.997704+00:00,5.0,180.0,5.0,time
2024-01-06 10:15:00+00:00,42182099999.0,"SAFDARJUNG, IN",28.584511,77.205783,214.88,14.142658395891628,9.44429925289525,1019.0693606850401,,73.22880445850478,,NOAA_ISD,FM-12,,,True,2026-09-16T17:56:30.997704+00:00,5.0,180.0,5.0,time
2024-01-06 10:20:00+00:00,42182099999.0,"SAFDARJUNG, IN",28.584511,77.205783,214.88,14.11965560622038,9.434334944804515,1019.0511009371315,,73.04807419489872,,NOAA_ISD,FM-12,,,True,2026-09-16T17:56:30.997704+00:00,5.0,180.0,5.0,time
2024-01-06 10:25:00+00:00,42182099999.0,"SAFDARJUNG, IN",28.584511,77.205783,214.88,14.10159267513476,9.447188566012324,1019.0724552067088,,73.48322352992841,,NOAA_ISD,FM-12,,,True,2026-09-16T17:56:30.997704+00:00,5.0,180.0,5.0,time
2024-01-06 10:30:00+00:00,42182099999.0,"SAFDARJUNG, IN",28.584511,77.205783,214.88,14.041826310010386,9.441148195240212,1019.1203264640509,,73.5933673342227,,NOAA_ISD,FM-12,,,True,2026-09-16T17:56:30.997704+00:00,5.0,180.0,5.0,time
2024-01-06 10:35:00+00:00,42182099999.0,"SAFDARJUNG, IN",28.584511,77.205783,214.88,14.07476964461981,9.471968699030674,1019.1501912784655,,73.88339815476786,,NOAA_ISD,FM-12,,,True,2026-09-16T17:56:30.997704+00:00,5.0,180.0,5.0,time
2024-01-06 10:40:00+00:00,42182099999.0,"SAFDARJUNG, IN",28.584511,77.205783,214.88,14.069819117022519,9.451494412214183,1019.125639041375,,74.02049501108583,,NOAA_ISD,FM-12,,,True,2026-09-16T17:56:30.997704+00:00,5.0,180.0,5.0,time
2024-01-06 10:45:00+00:00,42182099999.0,"SAFDARJUNG, IN",28.584511,77.205783,214.88,13.920645084960087,9.428403188777455,1019.1148258158943,,74.11730049832904,,NOAA_ISD,FM-12,,,True,2026-09-16T17:56:30.997704+00:00,5.0,180.0,5.0,time
2024-01-06 10:50:00+00:00,42182099999.0,"SAFDARJUNG, IN",28.584511,77.205783,214.88,13.967923102227468,9.427522636411327,1019.1135830347092,,74.03385664830228,,NOAA_ISD,FM-12,,,True,2026-09-16T17:56:30.997704+00:00,5.0,180.0,5.0,time
2024-01-06 10:55:00+00:00,42182099999.0,"SAFDARJUNG, IN",28.584511,77.205783,214.88,13.922336543570017,9.42935452584248,1019.1086478615064,,74.2184472961967,,NOAA_ISD,FM-12,,,True,2026-09-16T17:56:30.997704+00:00,5.0,180.0,5.0,time
2024-01-06 11:00:00+00:00,42182099999.0,"SAFDARJUNG, IN",28.584511,77.205783,214.88,13.91707543427684,9.479026081817745,1019.1745286513201,,74.56988927884822,,NOAA_ISD,FM-12,,,True,2026-09-16T17:56:30.997704+00:00,5.0,180.0,5.0,time
2024-01-06 11:05:00+00:00,42182099999.0,"SAFDARJUNG, IN",28.584511,77.205783,214.88,13.866019728261488,9.446414358216977,1019.1351139148517,,74.85778846765854,,NOAA_ISD,FM-12,,,True,2026-09-16T17:56:30.997704+00:00,5.0,180.0,5.0,time
2024-01-06 11:10:00+00:00,42182099999.0,"SAFDARJUNG, IN",28.584511,77.205783,214.88,13.760653369336753,9.478223937738992,1019.1867570410458,,74.9105726327824,,NOAA_ISD,FM-12,,,True,2026-09-16T17:56:30.997704+00:00,5.0,180.0,5.0,time
2024-01-06 11:15:00+00:00,42182099999.0,"SAFDARJUNG, IN",28.584511,77.205783,214.88,13.736880535057143,9.477731490349829,1019.1778703901923,,75.3300423861159,,NOAA_ISD,FM-12,,,True,2026-09-16T17:56:30.997704+00:00,5.0,180.0,5.0,time
2024-01-06 11:20:00+00:00,42182099999.0,"SAFDARJUNG, IN",28.584511,77.205783,214.88,13.768137845445914,9.476483605879583,1019.1207396269286,,75.32193359393544,,NOAA_ISD,FM-12,,,True,2026-09-16T17:56:30.997704+00:00,5.0,180.0,5.0,time
2024-01-06 11:25:00+00:00,42182099999.0,"SAFDARJUNG, IN",28.584511,77.205783,214.88,13.784772379320607,9.489323659623203,1019.147792063196,,75.35755301059966,,NOAA_ISD,FM-12,,,True,2026-09-16T17:56:30.997704+00:00,5.0,180.0,5.0,time
2024-01-06 11:30:00+00:00,42182099999.0,"SAFDARJUNG, IN",28.584511,77.205783,214.88,13.589290631447849,9.486499404075145,1019.1532857641832,,75.66771407473576,,NOAA_ISD,FM-12,,,True,2026-09-16T17:56:30.997704+00:00,5.0,180.0,5.0,time
2024-01-06 11:35:00+00:00,42182099999.0,"SAFDARJUNG, IN",28.584511,77.205783,214.88,13.683952995656744,9.431916516255491,1019.1706252949401,,75.94128307837443,,NOAA_ISD,FM-12,,,True,2026-09-16T17:56:30.997704+00:00,5.0,180.0,5.0,time
2024-01-06 11:40:00+00:00,42182099999.0,"SAFDARJUNG, IN",28.584511,77.205783,214.88,13.692814433597714,9.48241638407192,1019.1765714927155,,76.13386583265381,,NOAA_ISD,FM-12,,,True,2026-09-16T17:56:30.997704+00:00,5.0,180.0,5.0,time
2024-01-06 11:45:00+00:00,42182099999.0,"SAFDARJUNG, IN",28.584511,77.205783,214.88,13.59234870618969,9.500168729347935,1019.2432581152414,,76.6173424930653,,NOAA_ISD,FM-12,,,True,2026-09-16T17:56:30.997704+00:00,5.0,180.0,5.0,time
2024-01-06 11:50:00+00:00,42182099999.0,"SAFDARJUNG, IN",28.584511,77.205783,214.88,13.594176791467989,9.527250100659543,1019.1673443313995,,76.28066257644377,,NOAA_ISD,FM-12,,,True,2026-09-16T17:56:30.997704+00:00,5.0,180.0,5.0,time
2024-01-06 11:55:00+00:00,42182099999.0,"SAFDARJUNG, IN",28.584511,77.205783,214.88,13.498179879288443,9.530951374553872,1019.1990238431578,,76.57252648990415,,NOAA_ISD,FM-12,,,True,2026-09-16T17:56:30.997704+00:00,5.0,180.0,5.0,time
2024-01-06 12:00:00+00:00,42182099999.0,"SAFDARJUNG, IN",28.584511,77.205783,214.88,13.494031690036156,9.472736989728295,1019.2123301548494,,76.8452247893639,derived_from_temperature_and_dew_point,NOAA_ISD,FM-12,VALID,"{'TMP_QC': '1', 'DEW_QC': '1', 'SLP_QC': '1', 'RECORD_QC': 'V020'}",True,2026-09-16T17:56:30.997704+00:00,5.0,180.0,5.0,time
2024-01-06 12:05:00+00:00,42182099999.0,"SAFDARJUNG, IN",28.584511,77.205783,214.88,13.368954324084592,9.479116605124855,1019.2416352265773,,76.94309318593763,,NOAA_ISD,FM-12,,,True,2026-09-16T17:56:30.997704+00:00,5.0,180.0,5.0,time
2024-01-06 12:10:00+00:00,42182099999.0,"SAFDARJUNG, IN",28.584511,77.205783,214.88,13.282782834579058,9.440899925948061,1019.285536944889,,77.03543192635783,,NOAA_ISD,FM-12,,,True,2026-09-16T17:56:30.997704+00:00,5.0,180.0,5.0,time
2024-01-06 12:15:00+00:00,42182099999.0,"SAFDARJUNG, IN",28.584511,77.205783,214.88,13.397138290061264,9.488731034835535,1019.3041038221139,,77.01348189806448,,NOAA_ISD,FM-12,,,True,2026-09-16T17:56:30.997704+00:00,5.0,180.0,5.0,time
2024-01-06 12:20:00+00:00,42182099999.0,"SAFDARJUNG, IN",28.584511,77.205783,214.88,13.250750253613779,9.464701568607415,1019.3687963905587,,77.40894419930052,,NOAA_ISD,FM-12,,,True,2026-09-16T17:56:30.997704+00:00,5.0,180.0,5.0,time
2024-01-06 12:25:00+00:00,42182099999.0,"SAFDARJUNG, IN",28.584511,77.205783,214.88,13.227223607749828,9.437567313292819,1019.4185613132569,,77.48414840634533,,NOAA_ISD,FM-12,,,True,2026-09-16T17:56:30.997704+00:00,5.0,180.0,5.0,time
2024-01-06 12:30:00+00:00,42182099999.0,"SAFDARJUNG, IN",28.584511,77.205783,214.88,13.130677887336489,9.41998856389187,1019.4565520116855,,77.54134533044191,,NOAA_ISD,FM-12,,,True,2026-09-16T17:56:30.997704+00:00,5.0,180.0,5.0,time
2024-01-06 12:35:00+00:00,42182099999.0,"SAFDARJUNG, IN",28.584511,77.205783,214.88,13.079501514845807,9.430390399784768,1019.5030706847449,,77.91530867611033,,NOAA_ISD,FM-12,,,True,2026-09-16T17:56:30.997704+00:00,5.0,180.0,5.0,time
2024-01-06 12:40:00+00:00,42182099999.0,"SAFDARJUNG, IN",28.584511,77.205783,214.88,13.091308114995268,9.413115392784093,1019.5615854913461,,78.05280387806893,,NOAA_ISD,FM-12,,,True,2026-09-16T17:56:30.997704+00:00,5.0,180.0,5.0,time
2024-01-06 12:45:00+00:00,42182099999.0,"SAFDARJUNG, IN",28.584511,77.205783,214.88,13.013521140293218,9.398160893933122,1019.5937393308384,,78.56675730905859,,NOAA_ISD,FM-12,,,True,2026-09-16T17:56:30.997704+00:00,5.0,180.0,5.0,time
2024-01-06 12:50:00+00:00,42182099999.0,"SAFDARJUNG, IN",28.584511,77.205783,214.88,13.018898549899735,9.370244708306755,1019.6180925589366,,78.75799614526065,,NOAA_ISD,FM-12,,,True,2026-09-16T17:56:30.997704+00:00,5.0,180.0,5.0,time
2024-01-06 12:55:00+00:00,42182099999.0,"SAFDARJUNG, IN",28.584511,77.205783,214.88,12.97262692094898,9.340237656231938,1019.6348981662958,,78.64477969763938,,NOAA_ISD,FM-12,,,True,2026-09-16T17:56:30.997704+00:00,5.0,180.0,5.0,time
2024-01-06 13:00:00+00:00,42182099999.0,"SAFDARJUNG, IN",28.584511,77.205783,214.88,12.91604248231623,9.348675829973685,1019.6879998945059,,78.96128760722071,,NOAA_ISD,FM-12,,,True,2026-09-16T17:56:30.997704+00:00,5.0,180.0,5.0,time
2024-01-06 13:05:00+00:00,42182099999.0,"SAFDARJUNG, IN",28.584511,77.205783,214.88,12.861930039546422,9.335765282549547,1019.7372740436283,,78.8294625786886,,NOAA_ISD,FM-12,,,True,2026-09-16T17:56:30.997704+00:00,5.0,180.0,5.0,time
2024-01-06 13:10:00+00:00,42182099999.0,"SAFDARJUNG, IN",28.584511,77.205783,214.88,12.878888410246594,9.301742806163716,1019.7883802499603,,79.29002089885235,,NOAA_ISD,FM-12,,,True,2026-09-16T17:56:30.997704+00:00,5.0,180.0,5.0,time
2024-01-06 13:15:00+00:00,42182099999.0,"SAFDARJUNG, IN",28.584511,77.205783,214.88,12.696620311547756,9.284641688289982,1019.8154333447701,,79.65646304680713,,NOAA_ISD,FM-12,,,True,2026-09-16T17:56:30.997704+00:00,5.0,180.0,5.0,time
2024-01-06 13:20:00+00:00,42182099999.0,"SAFDARJUNG, IN",28.584511,77.205783,214.88,12.697253256689853,9.300444043168943,1019.847952002683,,79.92943202236727,,NOAA_ISD,FM-12,,,True,2026-09-16T17:56:30.997704+00:00,5.0,180.0,5.0,time
2024-01-06 13:25:00+00:00,42182099999.0,"SAFDARJUNG, IN",28.584511,77.205783,214.88,12.70663449102598,9.297171211064281,1019.884569359551,,79.80961280588396,,NOAA_ISD,FM-12,,,True,2026-09-16T17:56:30.997704+00:00,5.0,180.0,5.0,time
2024-01-06 13:30:00+00:00,42182099999.0,"SAFDARJUNG, IN",28.584511,77.205783,214.88,12.663226990466901,9.235012084381705,1019.9169764448189,,80.35037097210551,,NOAA_ISD,FM-12,,,True,2026-09-16T17:56:30.997704+00:00,5.0,180.0,5.0,time
2024-01-06 13:35:00+00:00,42182099999.0,"SAFDARJUNG, IN",28.584511,77.205783,214.88,12.47891181753277,9.230843577602151,1019.9869676525911,,80.02463939347508,,NOAA_ISD,FM-12,,,True,2026-09-16T17:56:30.997704+00:00,5.0,180.0,5.0,time
2024-01-06 13:40:00+00:00,42182099999.0,"SAFDARJUNG, IN",28.584511,77.205783,214.88,12.484382227917207,9.229240883751315,1020.0039400244921,,80.2660299957268,,NOAA_ISD,FM-12,,,True,2026-09-16T17:56:30.997704+00:00,5.0,180.0,5.0,time
2024-01-06 13:45:00+00:00,42182099999.0,"SAFDARJUNG, IN",28.584511,77.205783,214.88,12.517906054793363,9.218065313288307,1020.0549894863169,,80.8452657064609,,NOAA_ISD,FM-12,,,True,2026-09-16T17:56:30.997704+00:00,5.0,180.0,5.0,time
2024-01-06 13:50:00+00:00,42182099999.0,"SAFDARJUNG, IN",28.584511,77.205783,214.88,12.425403955259952,9.183997117259619,1020.1087886292098,,81.22533535682376,,NOAA_ISD,FM-12,,,True,2026-09-16T17:56:30.997704+00:00,5.0,180.0,5.0,time
2024-01-06 13:55:00+00:00,42182099999.0,"SAFDARJUNG, IN",28.584511,77.205783,214.88,12.359763151573988,9.218225968162436,1020.1316149871456,,81.17757528652562,,NOAA_ISD,FM-12,,,True,2026-09-16T17:56:30.997704+00:00,5.0,180.0,5.0,time
2024-01-06 14:00:00+00:00,42182099999.0,"SAFDARJUNG, IN",28.584511,77.205783,214.88,12.289115765328265,9.17510857197757,1020.20759504377,,81.25859818935986,,NOAA_ISD,FM-12,,,True,2026-09-16T17:56:30.997704+00:00,5.0,180.0,5.0,time
2024-01-06 14:05:00+00:00,42182099999.0,"SAFDARJUNG, IN",28.584511,77.205783,214.88,12.230809953714612,9.16340544594719,1020.2564711279388,,81.01540769514001,,NOAA_ISD,FM-12,,,True,2026-09-16T17:56:30.997704+00:00,5.0,180.0,5.0,time
2024-01-06 14:10:00+00:00,42182099999.0,"SAFDARJUNG, IN",28.584511,77.205783,214.88,12.214410953154516,9.174066570519125,1020.2723447929379,,81.23773281101352,,NOAA_ISD,FM-12,,,True,2026-09-16T17:56:30.997704+00:00,5.0,180.0,5.0,time
2024-01-06 14:15:00+00:00,42182099999.0,"SAFDARJUNG, IN",28.584511,77.205783,214.88,12.137381293750774,9.116018767495108,1020.3162594538478,,81.85588190737917,,NOAA_ISD,FM-12,,,True,2026-09-16T17:56:30.997704+00:00,5.0,180.0,5.0,time
2024-01-06 14:20:00+00:00,42182099999.0,"SAFDARJUNG, IN",28.584511,77.205783,214.88,12.097871068947777,9.109342473582265,1020.3774152620695,,81.94616524386355,,NOAA_ISD,FM-12,,,True,2026-09-16T17:56:30.997704+00:00,5.0,180.0,5.0,time
2024-01-06 14:25:00+00:00,42182099999.0,"SAFDARJUNG, IN",28.584511,77.205783,214.88,12.053929935305751,9.07215577764179,1020.3940534313887,,81.98438851912512,,NOAA_ISD,FM-12,,,True,2026-09-16T17:56:30.997704+00:00,5.0,180.0,5.0,time
2024-01-06 14:30:00+00:00,42182099999.0,"SAFDARJUNG, IN",28.584511,77.205783,214.88,11.966096423575324,9.079886323888262,1020.4343453217681,,82.40643984949934,,NOAA_ISD,FM-12,,,True,2026-09-16T17:56:30.997704+00:00,5.0,180.0,5.0,time
2024-01-06 14:35:00+00:00,42182099999.0,"SAFDARJUNG, IN",28.584511,77.205783,214.88,11.97660646869407,9.039665893965738,1020.5155966362304,,82.60413738461267,,NOAA_ISD,FM-12,,,True,2026-09-16T17:56:30.997704+00:00,5.0,180.0,5.0,time
2024-01-06 14:40:00+00:00,42182099999.0,"SAFDARJUNG, IN",28.584511,77.205783,214.88,12.045712232420769,9.070512542639419,1020.5510170881076,,82.95777206259693,,NOAA_ISD,FM-12,,,True,2026-09-16T17:56:30.997704+00:00,5.0,180.0,5.0,time
2024-01-06 14:45:00+00:00,42182099999.0,"SAFDARJUNG, IN",28.584511,77.205783,214.88,11.761150668033697,9.050066601668066,1020.587031000047,,82.9839871232692,,NOAA_ISD,FM-12,,,True,2026-09-16T17:56:30.997704+00:00,5.0,180.0,5.0,time
2024-01-06 14:50:00+00:00,42182099999.0,"SAFDARJUNG, IN",28.584511,77.205783,214.88,11.816200626209499,9.022236391637009,1020.6351795590946,,83.39012331811132,,NOAA_ISD,FM-12,,,True,2026-09-16T17:56:30.997704+00:00,5.0,180.0,5.0,time
2024-01-06 14:55:00+00:00,42182099999.0,"SAFDARJUNG, IN",28.584511,77.205783,214.88,11.711990495569054,9.011880414732532,1020.6187877588261,,83.33382102813198,,NOAA_ISD,FM-12,,,True,2026-09-16T17:56:30.997704+00:00,5.0,180.0,5.0,time
2024-01-06 15:00:00+00:00,42182099999.0,"SAFDARJUNG, IN",28.584511,77.205783,214.88,11.728870128875961,9.01522932830378,1020.7270767109359,,83.49693300103853,derived_from_temperature_and_dew_point,NOAA_ISD,FM-12,VALID,"{'TMP_QC': '1', 'DEW_QC': '1', 'SLP_QC': '1', 'RECORD_QC': 'V020'}",True,2026-09-16T17:56:30.997704+00:00,5.0,180.0,5.0,time
2024-01-06 15:05:00+00:00,42182099999.0,"SAFDARJUNG, IN",28.584511,77.205783,214.88,11.610661206999726,8.938395189373312,1020.7133967978873,,84.04369577058277,,NOAA_ISD,FM-12,,,True,2026-09-16T17:56:30.997704+00:00,5.0,180.0,5.0,time
2024-01-06 15:10:00+00:00,42182099999.0,"SAFDARJUNG, IN",28.584511,77.205783,214.88,11.554759405368788,8.926305579571274,1020.7313267387913,,83.94597849065838,,NOAA_ISD,FM-12,,,True,2026-09-16T17:56:30.997704+00:00,5.0,180.0,5.0,time
2024-01-06 15:15:00+00:00,42182099999.0,"SAFDARJUNG, IN",28.584511,77.205783,214.88,11.483775328825438,8.897323529462508,1020.724409902249,,85.01538949065323,,NOAA_ISD,FM-12,,,True,2026-09-16T17:56:30.997704+00:00,5.0,180.0,5.0,time
2024-01-06 15:20:00+00:00,42182099999.0,"SAFDARJUNG, IN",28.584511,77.205783,214.88,11.342954389221742,8.8087989628963,1020.7232007187159,,84.83838482896668,,NOAA_ISD,FM-12,,,True,2026-09-16T17:56:30.997704+00:00,5.0,180.0,5.0,time
2024-01-06 15:25:00+00:00,42182099999.0,"SAFDARJUNG, IN",28.584511,77.205783,214.88,11.298269281087375,8.819254315669596,1020.7222715935305,,85.15033251723419,,NOAA_ISD,FM-12,,,True,2026-09-16T17:56:30.997704+00:00,5.0,180.0,5.0,time
2024-01-06 15:30:00+00:00,42182099999.0,"SAFDARJUNG, IN",28.584511,77.205783,214.88,11.032785105310564,8.733185417401437,1020.740676220871,,85.49001919479451,,NOAA_ISD,FM-12,,,True,2026-09-16T17:56:30.997704+00:00,5.0,180.0,5.0,time
2024-01-06 15:35:00+00:00,42182099999.0,"SAFDARJUNG, IN",28.584511,77.205783,214.88,11.137855948229134,8.725425888100748,1020.7326539307109,,86.07126062839966,,NOAA_ISD,FM-12,,,True,2026-09-16T17:56:30.997704+00:00,5.0,180.0,5.0,time
2024-01-06 15:40:00+00:00,42182099999.0,"SAFDARJUNG, IN",28.584511,77.205783,214.88,10.985419774261283,8.665621066806983,1020.7618019664458,,86.16516814900118,,NOAA_ISD,FM-12,,,True,2026-09-16T17:56:30.997704+00:00,5.0,180.0,5.0,time
2024-01-06 15:45:00+00:00,42182099999.0,"SAFDARJUNG, IN",28.584511,77.205783,214.88,10.928892167787259,8.678624931585802,1020.7182708671089,,85.99648880419922,,NOAA_ISD,FM-12,,,True,2026-09-16T17:56:30.997704+00:00,5.0,180.0,5.0,time
2024-01-06 15:50:00+00:00,42182099999.0,"SAFDARJUNG, IN",28.584511,77.205783,214.88,10.722339546091257,8.587968690028063,1020.7447240383198,,86.90902741028682,,NOAA_ISD,FM-12,,,True,2026-09-16T17:56:30.997704+00:00,5.0,180.0,5.0,time
2024-01-06 15:55:00+00:00,42182099999.0,"SAFDARJUNG, IN",28.584511,77.205783,214.88,10.650128172586399,8.539218424382915,1020.8020075760807,,86.87098735077767,,NOAA_ISD,FM-12,,,True,2026-09-16T17:56:30.997704+00:00,5.0,180.0,5.0,time
2024-01-06 16:00:00+00:00,42182099999.0,"SAFDARJUNG, IN",28.584511,77.205783,214.88,10.607296914707238,8.53600037616526,1020.7541450573952,,87.27143101456787,,NOAA_ISD,FM-12,,,True,2026-09-16T17:56:30.997704+00:00,5.0,180.0,5.0,time
2024-01-06 16:05:00+00:00,42182099999.0,"SAFDARJUNG, IN",28.584511,77.205783,214.88,10.50748143886646,8.486170384844026,1020.767448547761,,87.30498253889829,,NOAA_ISD,FM-12,,,True,2026-09-16T17:56:30.997704+00:00,5.0,180.0,5.0,time
2024-01-06 16:10:00+00:00,42182099999.0,"SAFDARJUNG, IN",28.584511,77.205783,214.88,10.430820096067166,8.425463450982278,1020.7601261591109,,87.97690707029143,,NOAA_ISD,FM-12,,,True,2026-09-16T17:56:30.997704+00:00,5.0,180.0,5.0,time
2024-01-06 16:15:00+00:00,42182099999.0,"SAFDARJUNG, IN",28.584511,77.205783,214.88,10.379225758046498,8.427182970649763,1020.790050246791,,88.05222514198648,,NOAA_ISD,FM-12,,,True,2026-09-16T17:56:30.997704+00:00,5.0,180.0,5.0,time
2024-01-06 16:20:00+00:00,42182099999.0,"SAFDARJUNG, IN",28.584511,77.205783,214.88,10.14507231756819,8.337947796528784,1020.774163591086,,88.51336726093201,,NOAA_ISD,FM-12,,,True,2026-09-16T17:56:30.997704+00:00,5.0,180.0,5.0,time
2024-01-06 16:25:00+00:00,42182099999.0,"SAFDARJUNG, IN",28.584511,77.205783,214.88,10.19035762025253,8.318164069437225,1020.7907322257483,,88.74734686559451,,NOAA_ISD,FM-12,,,True,2026-09-16T17:56:30.997704+00:00,5.0,180.0,5.0,time
2024-01-06 16:30:00+00:00,42182099999.0,"SAFDARJUNG, IN",28.584511,77.205783,214.88,10.050414095497898,8.288495634591586,1020.8169773307208,,89.50000256034717,,NOAA_ISD,FM-12,,,True,2026-09-16T17:56:30.997704+00:00,5.0,180.0,5.0,time
2024-01-06 16:35:00+00:00,42182099999.0,"SAFDARJUNG, IN",28.584511,77.205783,214.88,9.948144240277104,8.277155558954213,1020.7915802871793,,89.82228539336245,,NOAA_ISD,FM-12,,,True,2026-09-16T17:56:30.997704+00:00,5.0,180.0,5.0,time
2024-01-06 16:40:00+00:00,42182099999.0,"SAFDARJUNG, IN",28.584511,77.205783,214.88,9.793110904947422,8.248131589562485,1020.8268833334964,,89.74596930070962,,NOAA_ISD,FM-12,,,True,2026-09-16T17:56:30.997704+00:00,5.0,180.0,5.0,time
2024-01-06 16:45:00+00:00,42182099999.0,"SAFDARJUNG, IN",28.584511,77.205783,214.88,9.800152433418843,8.205388978279885,1020.8331112529779,,90.06029554227376,,NOAA_ISD,FM-12,,,True,2026-09-16T17:56:30.997704+00:00,5.0,180.0,5.0,time
2024-01-06 16:50:00+00:00,42182099999.0,"SAFDARJUNG, IN",28.584511,77.205783,214.88,9.562627940781782,8.1413789686352,1020.8433213441166,,90.28364474006342,,NOAA_ISD,FM-12,,,True,2026-09-16T17:56:30.997704+00:00,5.0,180.0,5.0,time
2024-01-06 16:55:00+00:00,42182099999.0,"SAFDARJUNG, IN",28.584511,77.205783,214.88,9.624086367228603,8.057009390659653,1020.8305885976762,,90.89036792496721,,NOAA_ISD,FM-12,,,True,2026-09-16T17:56:30.997704+00:00,5.0,180.0,5.0,time
2024-01-06 17:00:00+00:00,42182099999.0,"SAFDARJUNG, IN",28.584511,77.205783,214.88,9.425394708226351,8.074483727091037,1020.8981585148729,,90.91421602593331,,NOAA_ISD,FM-12,,,True,2026-09-16T17:56:30.997704+00:00,5.0,180.0,5.0,time
2024-01-06 17:05:00+00:00,42182099999.0,"SAFDARJUNG, IN",28.584511,77.205783,214.88,9.411006228964206,8.05718925256227,1020.8599795628197,,91.20656587840419,,NOAA_ISD,FM-12,,,True,2026-09-16T17:56:30.997704+00:00,5.0,180.0,5.0,time
2024-01-06 17:10:00+00:00,42182099999.0,"SAFDARJUNG, IN",28.584511,77.205783,214.88,9.31070822480027,8.01356469704516,1020.8509419969325,,91.79738523939966,,NOAA_ISD,FM-12,,,True,2026-09-16T17:56:30.997704+00:00,5.0,180.0,5.0,time
2024-01-06 17:15:00+00:00,42182099999.0,"SAFDARJUNG, IN",28.584511,77.205783,214.88,9.283476907364694,7.959258980194874,1020.8324815117184,,91.80484018093667,,NOAA_ISD,FM-12,,,True,2026-09-16T17:56:30.997704+00:00,5.0,180.0,5.0,time
2024-01-06 17:20:00+00:00,42182099999.0,"SAFDARJUNG, IN",28.584511,77.205783,214.88,9.124400574882639,7.8873210558243425,1020.853614373038,,92.21578232644362,,NOAA_ISD,FM-12,,,True,2026-09-16T17:56:30.997704+00:00,5.0,180.0,5.0,time
2024-01-06 17:25:00+00:00,42182099999.0,"SAFDARJUNG, IN",28.584511,77.205783,214.88,9.006959738609384,7.861716082149654,1020.8896376506491,,92.21790451036446,,NOAA_ISD,FM-12,,,True,2026-09-16T17:56:30.997704+00:00,5.0,180.0,5.0,time
2024-01-06 17:30:00+00:00,42182099999.0,"SAFDARJUNG, IN",28.584511,77.205783,214.88,8.92466986520144,7.872009621308247,1020.9008573589792,,92.98583806902464,,NOAA_ISD,FM-12,,,True,2026-09-16T17:56:30.997704+00:00,5.0,180.0,5.0,time
2024-01-06 17:35:00+00:00,42182099999.0,"SAFDARJUNG, IN",28.584511,77.205783,214.88,8.921977471771067,7.7661098537511615,1020.901788804231,,93.54400672116971,,NOAA_ISD,FM-12,,,True,2026-09-16T17:56:30.997704+00:00,5.0,180.0,5.0,time
2024-01-06 17:40:00+00:00,42182099999.0,"SAFDARJUNG, IN",28.584511,77.205783,214.88,8.79348151512571,7.732598730992548,1020.8934816239123,,93.61091174122662,,NOAA_ISD,FM-12,,,True,2026-09-16T17:56:30.997704+00:00,5.0,180.0,5.0,time
2024-01-06 17:45:00+00:00,42182099999.0,"SAFDARJUNG, IN",28.584511,77.205783,214.88,8.655718500923843,7.735517697689972,1020.8582201292074,,94.06985983350945,,NOAA_ISD,FM-12,,,True,2026-09-16T17:56:30.997704+00:00,5.0,180.0,5.0,time
2024-01-06 17:50:00+00:00,42182099999.0,"SAFDARJUNG, IN",28.584511,77.205783,214.88,8.571511012335108,7.669154592881666,1020.8986321252454,,93.91911290609785,,NOAA_ISD,FM-12,,,True,2026-09-16T17:56:30.997704+00:00,5.0,180.0,5.0,time
2024-01-06 17:55:00+00:00,42182099999.0,"SAFDARJUNG, IN",28.584511,77.205783,214.88,8.413307812137395,7.615253786444796,1020.8696163968833,,94.4464315230723,,NOAA_ISD,FM-12,,,True,2026-09-16T17:56:30.997704+00:00,5.0,180.0,5.0,time
2024-01-06 18:00:00+00:00,42182099999.0,"SAFDARJUNG, IN",28.584511,77.205783,214.88,8.419423710042578,7.63055942357446,1020.8702505761323,,94.52136801512611,derived_from_temperature_and_dew_point,NOAA_ISD,FM-12,VALID,"{'TMP_QC': '1', 'DEW_QC': '1', 'SLP_QC': '1', 'RECORD_QC': 'V020'}",True,2026-09-16T17:56:30.997704+00:00,5.0,180.0,5.0,time
2024-01-06 18:05:00+00:00,42182099999.0,"SAFDARJUNG, IN",28.584511,77.205783,214.88,8.300898103504116,7.595332230674013,1020.8936720625804,,94.6461135575504,,NOAA_ISD,FM-12,,,True,2026-09-16T17:56:30.997704+00:00,5.0,180.0,5.0,time
2024-01-06 18:10:00+00:00,42182099999.0,"SAFDARJUNG, IN",28.584511,77.205783,214.88,8.415367601069551,7.564586198934679,1020.8882417667231,,94.82777562880383,,NOAA_ISD,FM-12,,,True,2026-09-16T17:56:30.997704+00:00,5.0,180.0,5.0,time
2024-01-06 18:15:00+00:00,42182099999.0,"SAFDARJUNG, IN",28.584511,77.205783,214.88,8.373097746291231,7.535417836615342,1020.8847342086362,,94.67536412262065,,NOAA_ISD,FM-12,,,True,2026-09-16T17:56:30.997704+00:00,5.0,180.0,5.0,time
2024-01-06 18:20:00+00:00,42182099999.0,"SAFDARJUNG, IN",28.584511,77.205783,214.88,8.474903145534253,7.585392575721643,1020.8654982803632,,94.35413846214641,,NOAA_ISD,FM-12,,,True,2026-09-16T17:56:30.997704+00:00,5.0,180.0,5.0,time
2024-01-06 18:25:00+00:00,42182099999.0,"SAFDARJUNG, IN",28.584511,77.205783,214.88,8.28943766675823,7.530066519180623,1020.8550761641593,,94.35532751222577,,NOAA_ISD,FM-12,,,True,2026-09-16T17:56:30.997704+00:00,5.0,180.0,5.0,time
2024-01-06 18:30:00+00:00,42182099999.0,"SAFDARJUNG, IN",28.584511,77.205783,214.88,8.328200228781302,7.544613227916057,1020.8136402816334,,94.32376721370184,,NOAA_ISD,FM-12,,,True,2026-09-16T17:56:30.997704+00:00,5.0,180.0,5.0,time
2024-01-06 18:35:00+00:00,42182099999.0,"SAFDARJUNG, IN",28.584511,77.205783,214.88,8.412136607268376,7.520650448669966,1020.8201226885285,,94.67995718465458,,NOAA_ISD,FM-12,,,True,2026-09-16T17:56:30.997704+00:00,5.0,180.0,5.0,time
2024-01-06 18:40:00+00:00,42182099999.0,"SAFDARJUNG, IN",28.584511,77.205783,214.88,8.370680593125682,7.4784708576556245,1020.7809687753985,,94.97611224046467,,NOAA_ISD,FM-12,,,True,2026-09-16T17:56:30.997704+00:00,5.0,180.0,5.0,time
2024-01-06 18:45:00+00:00,42182099999.0,"SAFDARJUNG, IN",28.584511,77.205783,214.88,8.265189397421006,7.464741177700204,1020.759932617412,,94.81749164880003,,NOAA_ISD,FM-12,,,True,2026-09-16T17:56:30.997704+00:00,5.0,180.0,5.0,time
2024-01-06 18:50:00+00:00,42182099999.0,"SAFDARJUNG, IN",28.584511,77.205783,214.88,8.300087260307562,7.490037409069789,1020.8037017430858,,94.14746962683745,,NOAA_ISD,FM-12,,,True,2026-09-16T17:56:30.997704+00:00,5.0,180.0,5.0,time
2024-01-06 18:55:00+00:00,42182099999.0,"SAFDARJUNG, IN",28.584511,77.205783,214.88,8.277877745598532,7.476472568874621,1020.7627152899018,,94.79254852094728,,NOAA_ISD,FM-12,,,True,2026-09-16T17:56:30.997704+00:00,5.0,180.0,5.0,time
2024-01-06 19:00:00+00:00,42182099999.0,"SAFDARJUNG, IN",28.584511,77.205783,214.88,8.280764460036375,7.395795013810918,1020.7841166367095,,94.67728008340292,,NOAA_ISD,FM-12,,,True,2026-09-16T17:56:30.997704+00:00,5.0,180.0,5.0,time
2024-01-06 19:05:00+00:00,42182099999.0,"SAFDARJUNG, IN",28.584511,77.205783,214.88,8.220621533756315,7.430440049664088,1020.7777225071131,,94.16260667756092,,NOAA_ISD,FM-12,,,True,2026-09-16T17:56:30.997704+00:00,5.0,180.0,5.0,time
2024-01-06 19:10:00+00:00,42182099999.0,"SAFDARJUNG, IN",28.584511,77.205783,214.88,8.239978424309408,7.403131259461083,1020.732058097952,,94.39269300999123,,NOAA_ISD,FM-12,,,True,2026-09-16T17:56:30.997704+00:00,5.0,180.0,5.0,time
2024-01-06 19:15:00+00:00,42182099999.0,"SAFDARJUNG, IN",28.584511,77.205783,214.88,8.153430714569499,7.371000203407896,1020.7451395552245,,94.65410448229916,,NOAA_ISD,FM-12,,,True,2026-09-16T17:56:30.997704+00:00,5.0,180.0,5.0,time
2024-01-06 19:20:00+00:00,42182099999.0,"SAFDARJUNG, IN",28.584511,77.205783,214.88,8.228978394815627,7.383012699672121,1020.7089990876499,,94.52675336885362,,NOAA_ISD,FM-12,,,True,2026-09-16T17:56:30.997704+00:00,5.0,180.0,5.0,time
2024-01-06 19:25:00+00:00,42182099999.0,"SAFDARJUNG, IN",28.584511,77.205783,214.88,8.233612144782203,7.336896953069161,1020.6741935336186,,94.13651432285573,,NOAA_ISD,FM-12,,,True,2026-09-16T17:56:30.997704+00:00,5.0,180.0,5.0,time
2024-01-06 19:30:00+00:00,42182099999.0,"SAFDARJUNG, IN",28.584511,77.205783,214.88,8.188629029367805,7.340670892907077,1020.7024661880889,,94.50214843115923,,NOAA_ISD,FM-12,,,True,2026-09-16T17:56:30.997704+00:00,5.0,180.0,5.0,time
2024-01-06 19:35:00+00:00,42182099999.0,"SAFDARJUNG, IN",28.584511,77.205783,214.88,8.108136344359648,7.320141636455711,1020.6794714112946,,93.93416654745054,,NOAA_ISD,FM-12,,,True,2026-09-16T17:56:30.997704+00:00,5.0,180.0,5.0,time
2024-01-06 19:40:00+00:00,42182099999.0,"SAFDARJUNG, IN",28.584511,77.205783,214.88,8.22720437092035,7.312226396939102,1020.668975997566,,94.29876889818189,,NOAA_ISD,FM-12,,,True,2026-09-16T17:56:30.997704+00:00,5.0,180.0,5.0,time
2024-01-06 19:45:00+00:00,42182099999.0,"SAFDARJUNG, IN",28.584511,77.205783,214.88,8.184892918566307,7.306903763460093,1020.7061735290235,,94.55259135388,,NOAA_ISD,FM-12,,,True,2026-09-16T17:56:30.997704+00:00,5.0,180.0,5.0,time
2024-01-06 19:50:00+00:00,42182099999.0,"SAFDARJUNG, IN",28.584511,77.205783,214.88,8.119254800670506,7.274133111206335,1020.6250384159009,,94.31034550978092,,NOAA_ISD,FM-12,,,True,2026-09-16T17:56:30.997704+00:00,5.0,180.0,5.0,time
2024-01-06 19:55:00+00:00,42182099999.0,"SAFDARJUNG, IN",28.584511,77.205783,214.88,8.130414422102541,7.312019136133021,1020.6521018671518,,94.18854582334093,,NOAA_ISD,FM-12,,,True,2026-09-16T17:56:30.997704+00:00,5.0,180.0,5.0,time
2024-01-06 20:00:00+00:00,42182099999.0,"SAFDARJUNG, IN",28.584511,77.205783,214.88,8.058299863194241,7.276532331334549,1020.6134371885904,,94.44786925075447,,NOAA_ISD,FM-12,,,True,2026-09-16T17:56:30.997704+00:00,5.0,180.0,5.0,time
2024-01-06 20:05:00+00:00,42182099999.0,"SAFDARJUNG, IN",28.584511,77.205783,214.88,8.070951715833326,7.288669038345418,1020.6403874504076,,94.44661702968398,,NOAA_ISD,FM-12,,,True,2026-09-16T17:56:30.997704+00:00,5.0,180.0,5.0,time
2024-01-06 20:10:00+00:00,42182099999.0,"SAFDARJUNG, IN",28.584511,77.205783,214.88,8.084220543793254,7.235687289507329,1020.6170797358346,,94.49534127190672,,NOAA_ISD,FM-12,,,True,2026-09-16T17:56:30.997704+00:00,5.0,180.0,5.0,time
2024-01-06 20:15:00+00:00,42182099999.0,"SAFDARJUNG, IN",28.584511,77.205783,214.88,8.161421040614007,7.214024200754057,1020.6075868869837,,94.38986848568926,,NOAA_ISD,FM-12,,,True,2026-09-16T17:56:30.997704+00:00,5.0,180.0,5.0,time
2024-01-06 20:20:00+00:00,42182099999.0,"SAFDARJUNG, IN",28.584511,77.205783,214.88,8.056913719344514,7.246279423400971,1020.5699910965368,,94.41294162545408,,NOAA_ISD,FM-12,,,True,2026-09-16T17:56:30.997704+00:00,5.0,180.0,5.0,time
2024-01-06 20:25:00+00:00,42182099999.0,"SAFDARJUNG, IN",28.584511,77.205783,214.88,8.109788460744216,7.185661027424742,1020.562466019512,,94.32491504482084,,NOAA_ISD,FM-12,,,True,2026-09-16T17:56:30.997704+00:00,5.0,180.0,5.0,time
2024-01-06 20:30:00+00:00,42182099999.0,"SAFDARJUNG, IN",28.584511,77.205783,214.88,8.039750856523588,7.17976749289355,1020.5852116768135,,94.2131057298233,,NOAA_ISD,FM-12,,,True,2026-09-16T17:56:30.997704+00:00,5.0,180.0,5.0,time
2024-01-06 20:35:00+00:00,42182099999.0,"SAFDARJUNG, IN",28.584511,77.205783,214.88,8.06795293359815,7.183845392654391,1020.5909715099901,,94.15956846661943,,NOAA_ISD,FM-12,,,True,2026-09-16T17:56:30.997704+00:00,5.0,180.0,5.0,time
2024-01-06 20:40:00+00:00,42182099999.0,"SAFDARJUNG, IN",28.584511,77.205783,214.88,8.037374669337254,7.13080103938961,1020.554050600789,,94.07588138951385,,NOAA_ISD,FM-12,,,True,2026-09-16T17:56:30.997704+00:00,5.0,180.0,5.0,time
2024-01-06 20:45:00+00:00,42182099999.0,"SAFDARJUNG, IN",28.584511,77.205783,214.88,8.07698616333797,7.155892560362539,1020.5153849189179,,93.86252634138805,,NOAA_ISD,FM-12,,,True,2026-09-16T17:56:30.997704+00:00,5.0,180.0,5.0,time
2024-01-06 20:50:00+00:00,42182099999.0,"SAFDARJUNG, IN",28.584511,77.205783,214.88,7.995481655311294,7.1394447191010695,1020.5290009926715,,93.8956043649027,,NOAA_ISD,FM-12,,,True,2026-09-16T17:56:30.997704+00:00,5.0,180.0,5.0,time
2024-01-06 20:55:00+00:00,42182099999.0,"SAFDARJUNG, IN",28.584511,77.205783,214.88,7.932484698610989,7.139275395249646,1020.5596605519978,,94.01193043694629,,NOAA_ISD,FM-12,,,True,2026-09-16T17:56:30.997704+00:00,5.0,180.0,5.0,time
2024-01-06 21:00:00+00:00,42182099999.0,"SAFDARJUNG, IN",28.584511,77.205783,214.88,7.930902548431819,7.117800890060202,1020.5020484562144,,94.09829043192049,derived_from_temperature_and_dew_point,NOAA_ISD,FM-12,VALID,"{'TMP_QC': '1', 'DEW_QC': '1', 'SLP_QC': '1', 'RECORD_QC': 'V020'}",True,2026-09-16T17:56:30.997704+00:00,5.0,180.0,5.0,time
2024-01-06 21:05:00+00:00,42182099999.0,"SAFDARJUNG, IN",28.584511,77.205783,214.88,8.023406125302863,7.142666233724218,1020.5292368171879,,94.13594029737862,,NOAA_ISD,FM-12,,,True,2026-09-16T17:56:30.997704+00:00,5.0,180.0,5.0,time
2024-01-06 21:10:00+00:00,42182099999.0,"SAFDARJUNG, IN",28.584511,77.205783,214.88,8.037547001466097,7.131124895323165,1020.4851934126832,,93.63719610998045,,NOAA_ISD,FM-12,,,True,2026-09-16T17:56:30.997704+00:00,5.0,180.0,5.0,time
2024-01-06 21:15:00+00:00,42182099999.0,"SAFDARJUNG, IN",28.584511,77.205783,214.88,8.170510600783977,7.132746593625858,1020.4991582789672,,93.64402859150886,,NOAA_ISD,FM-12,,,True,2026-09-16T17:56:30.997704+00:00,5.0,180.0,5.0,time
2024-01-06 21:20:00+00:00,42182099999.0,"SAFDARJUNG, IN",28.584511,77.205783,214.88,8.176711591757096,7.208866374948333,1020.5123913041225,,93.45697424239754,,NOAA_ISD,FM-12,,,True,2026-09-16T17:56:30.997704+00:00,5.0,180.0,5.0,time
2024-01-06 21:25:00+00:00,42182099999.0,"SAFDARJUNG, IN",28.584511,77.205783,214.88,8.368730327501321,7.152799421022893,1020.5079465661653,,92.99259952935114,,NOAA_ISD,FM-12,,,True,2026-09-16T17:56:30.997704+00:00,5.0,180.0,5.0,time
2024-01-06 21:30:00+00:00,42182099999.0,"SAFDARJUNG, IN",28.584511,77.205783,214.88,8.213114270243144,7.171469738422523,1020.4846722263978,,92.9556047089407,,NOAA_ISD,FM-12,,,True,2026-09-16T17:56:30.997704+00:00,5.0,180.0,5.0,time
2024-01-06 21:35:00+00:00,42182099999.0,"SAFDARJUNG, IN",28.584511,77.205783,214.88,8.36018165893549,7.2279692274768435,1020.4838096508574,,92.58573883609947,,NOAA_ISD,FM-12,,,True,2026-09-16T17:56:30.997704+00:00,5.0,180.0,5.0,time
2024-01-06 21:40:00+00:00,42182099999.0,"SAFDARJUNG, IN",28.584511,77.205783,214.88,8.343602348824717,7.2658330542968805,1020.5197656880621,,92.69664940103792,,NOAA_ISD,FM-12,,,True,2026-09-16T17:56:30.997704+00:00,5.0,180.0,5.0,time
2024-01-06 21:45:00+00:00,42182099999.0,"SAFDARJUNG, IN",28.584511,77.205783,214.88,8.425329932980866,7.253791016918283,1020.523831016253,,92.35716866765317,,NOAA_ISD,FM-12,,,True,2026-09-16T17:56:30.997704+00:00,5.0,180.0,5.0,time
2024-01-06 21:50:00+00:00,42182099999.0,"SAFDARJUNG, IN",28.584511,77.205783,214.88,8.507070973667027,7.286652740660711,1020.5302428711624,,91.7896810268401,,NOAA_ISD,FM-12,,,True,2026-09-16T17:56:30.997704+00:00,5.0,180.0,5.0,time
2024-01-06 21:55:00+00:00,42182099999.0,"SAFDARJUNG, IN",28.584511,77.205783,214.88,8.433731431256286,7.243417278783894,1020.5360786096651,,91.85786048598632,,NOAA_ISD,FM-12,,,True,2026-09-16T17:56:30.997704+00:00,5.0,180.0,5.0,time
2024-01-06 22:00:00+00:00,42182099999.0,"SAFDARJUNG, IN",28.584511,77.205783,214.88,8.611841305839402,7.290009100756377,1020.5026923887265,,91.9529557656981,,NOAA_ISD,FM-12,,,True,2026-09-16T17:56:30.997704+00:00,5.0,180.0,5.0,time
2024-01-06 22:05:00+00:00,42182099999.0,"SAFDARJUNG, IN",28.584511,77.205783,214.88,8.745145373113708,7.279187710523801,1020.4937760151154,,91.38486490420176,,NOAA_ISD,FM-12,,,True,2026-09-16T17:56:30.997704+00:00,5.0,180.0,5.0,time
2024-01-06 22:10:00+00:00,42182099999.0,"SAFDARJUNG, IN",28.584511,77.205783,214.88,8.677328085081571,7.348941552497906,1020.5270198187756,,91.3084318949079,,NOAA_ISD,FM-12,,,True,2026-09-16T17:56:30.997704+00:00,5.0,180.0,5.0,time
2024-01-06 22:15:00+00:00,42182099999.0,"SAFDARJUNG, IN",28.584511,77.205783,214.88,8.762990392840276,7.3190553734682195,1020.514261385637,,91.12584243421449,,NOAA_ISD,FM-12,,,True,2026-09-16T17:56:30.997704+00:00,5.0,180.0,5.0,time
2024-01-06 22:20:00+00:00,42182099999.0,"SAFDARJUNG, IN",28.584511,77.205783,214.88,8.851246084656271,7.341110289746013,1020.4803508948266,,90.60711986461153,,NOAA_ISD,FM-12,,,True,2026-09-16T17:56:30.997704+00:00,5.0,180.0,5.0,time
2024-01-06 22:25:00+00:00,42182099999.0,"SAFDARJUNG, IN",28.584511,77.205783,214.88,8.84180232499865,7.393613837432561,1020.4793272866896,,90.71436381206492,,NOAA_ISD,FM-12,,,True,2026-09-16T17:56:30.997704+00:00,5.0,180.0,5.0,time
2024-01-06 22:30:00+00:00,42182099999.0,"SAFDARJUNG, IN",28.584511,77.205783,214.88,8.870951990573426,7.421236487040355,1020.5098386040271,,90.13123296959307,,NOAA_ISD,FM-12,,,True,2026-09-16T17:56:30.997704+00:00,5.0,180.0,5.0,time
2024-01-06 22:35:00+00:00,42182099999.0,"SAFDARJUNG, IN",28.584511,77.205783,214.88,8.836213179813914,7.413487304502083,1020.4964545067703,,90.0826529564975,,NOAA_ISD,FM-12,,,True,2026-09-16T17:56:30.997704+00:00,5.0,180.0,5.0,time
2024-01-06 22:40:00+00:00,42182099999.0,"SAFDARJUNG, IN",28.584511,77.205783,214.88,9.03204953596975,7.444736783415504,1020.4994714009052,,90.22070014905438,,NOAA_ISD,FM-12,,,True,2026-09-16T17:56:30.997704+00:00,5.0,180.0,5.0,time
2024-01-06 22:45:00+00:00,42182099999.0,"SAFDARJUNG, IN",28.584511,77.205783,214.88,9.044341579513556,7.460755763337462,1020.5214506672942,,89.874684591395,,NOAA_ISD,FM-12,,,True,2026-09-16T17:56:30.997704+00:00,5.0,180.0,5.0,time
2024-01-06 22:50:00+00:00,42182099999.0,"SAFDARJUNG, IN",28.584511,77.205783,214.88,9.049365807430593,7.462358129477817,1020.5151807428997,,89.54021554956181,,NOAA_ISD,FM-12,,,True,2026-09-16T17:56:30.997704+00:00,5.0,180.0,5.0,time
2024-01-06 22:55:00+00:00,42182099999.0,"SAFDARJUNG, IN",28.584511,77.205783,214.88,9.156329835513885,7.461439223675608,1020.5265974649684,,89.48818109313792,,NOAA_ISD,FM-12,,,True,2026-09-16T17:56:30.997704+00:00,5.0,180.0,5.0,time
2024-01-06 23:00:00+00:00,42182099999.0,"SAFDARJUNG, IN",28.584511,77.205783,214.88,9.170815982159692,7.5112978281376925,1020.4613692778726,,89.18464821711564,,NOAA_ISD,FM-12,,,True,2026-09-16T17:56:30.997704+00:00,5.0,180.0,5.0,time
2024-01-06 23:05:00+00:00,42182099999.0,"SAFDARJUNG, IN",28.584511,77.205783,214.88,9.223578693444225,7.528928580482169,1020.5050679583444,,88.99696014491481,,NOAA_ISD,FM-12,,,True,2026-09-16T17:56:30.997704+00:00,5.0,180.0,5.0,time
2024-01-06 23:10:00+00:00,42182099999.0,"SAFDARJUNG, IN",28.584511,77.205783,214.88,9.330314557805437,7.551213821395138,1020.5138937704479,,88.92358592756625,,NOAA_ISD,FM-12,,,True,2026-09-16T17:56:30.997704+00:00,5.0,180.0,5.0,time
2024-01-06 23:15:00+00:00,42182099999.0,"SAFDARJUNG, IN",28.584511,77.205783,214.88,9.28308087943381,7.556241328481578,1020.4694682828663,,88.44452645186817,,NOAA_ISD,FM-12,,,True,2026-09-16T17:56:30.997704+00:00,5.0,180.0,5.0,time
2024-01-06 23:20:00+00:00,42182099999.0,"SAFDARJUNG, IN",28.584511,77.205783,214.88,9.45236576430369,7.54329666839708,1020.4869020871738,,88.39584505888871,,NOAA_ISD,FM-12,,,True,2026-09-16T17:56:30.997704+00:00,5.0,180.0,5.0,time
2024-01-06 23:25:00+00:00,42182099999.0,"SAFDARJUNG, IN",28.584511,77.205783,214.88,9.38011569184408,7.597140136560717,1020.4831902967534,,88.12310191663423,,NOAA_ISD,FM-12,,,True,2026-09-16T17:56:30.997704+00:00,5.0,180.0,5.0,time
2024-01-06 23:30:00+00:00,42182099999.0,"SAFDARJUNG, IN",28.584511,77.205783,214.88,9.466864929582236,7.5999723783954325,1020.5004339634212,,87.66621265841329,,NOAA_ISD,FM-12,,,True,2026-09-16T17:56:30.997704+00:00,5.0,180.0,5.0,time
2024-01-06 23:35:00+00:00,42182099999.0,"SAFDARJUNG, IN",28.584511,77.205783,214.88,9.646147309703329,7.6070119177802,1020.5325570793739,,87.59701995986124,,NOAA_ISD,FM-12,,,True,2026-09-16T17:56:30.997704+00:00,5.0,180.0,5.0,time
2024-01-06 23:40:00+00:00,42182099999.0,"SAFDARJUNG, IN",28.584511,77.205783,214.88,9.656367738082123,7.6274406165894595,1020.5404517880933,,87.89253017830166,,NOAA_ISD,FM-12,,,True,2026-09-16T17:56:30.997704+00:00,5.0,180.0,5.0,time
2024-01-06 23:45:00+00:00,42182099999.0,"SAFDARJUNG, IN",28.584511,77.205783,214.88,9.654880199624772,7.636194856432192,1020.4837142489386,,87.45361132958371,,NOAA_ISD,FM-12,,,True,2026-09-16T17:56:30.997704+00:00,5.0,180.0,5.0,time
2024-01-06 23:50:00+00:00,42182099999.0,"SAFDARJUNG, IN",28.584511,77.205783,214.88,9.65297348922494,7.684443542243756,1020.5105311450098,,86.90972678416416,,NOAA_ISD,FM-12,,,True,2026-09-16T17:56:30.997704+00:00,5.0,180.0,5.0,time
2024-01-06 23:55:00+00:00,42182099999.0,"SAFDARJUNG, IN",28.584511,77.205783,214.88,9.723536384665005,7.654971038661733,1020.5111759570428,,86.66415134705254,,NOAA_ISD,FM-12,,,True,2026-09-16T17:56:30.997704+00:00,5.0,180.0,5.0,time
2024-01-07 00:00:00+00:00,42182099999.0,"SAFDARJUNG, IN",28.584511,77.205783,214.88,9.803663765729285,7.680130281303872,1020.5077525154303,,86.74756721997788,derived_from_temperature_and_dew_point,NOAA_ISD,FM-12,VALID,"{'TMP_QC': '1', 'DEW_QC': '1', 'SLP_QC': '1', 'RECORD_QC': 'V020'}",True,2026-09-16T17:56:30.997704+00:00,5.0,180.0,5.0,time
2024-01-07 00:05:00+00:00,42182099999.0,"SAFDARJUNG, IN",28.584511,77.205783,214.88,9.818542828283649,7.673980097862121,1020.5079795926948,,86.87945952885751,,NOAA_ISD,FM-12,,,True,2026-09-16T17:56:30.997704+00:00,5.0,180.0,5.0,time
2024-01-07 00:10:00+00:00,42182099999.0,"SAFDARJUNG, IN",28.584511,77.205783,214.88,9.828789786852036,7.6933861280758915,1020.506074850049,,86.32709281748357,,NOAA_ISD,FM-12,,,True,2026-09-16T17:56:30.997704+00:00,5.0,180.0,5.0,time
2024-01-07 00:15:00+00:00,42182099999.0,"SAFDARJUNG, IN",28.584511,77.205783,214.88,9.848458374295792,7.662752277648524,1020.5337514024161,,86.42306657734747,,NOAA_ISD,FM-12,,,True,2026-09-16T17:56:30.997704+00:00,5.0,180.0,5.0,time
2024-01-07 00:20:00+00:00,42182099999.0,"SAFDARJUNG, IN",28.584511,77.205783,214.88,9.855947911181412,7.589405406157278,1020.5220493302874,,86.0292750430526,,NOAA_ISD,FM-12,,,True,2026-09-16T17:56:30.997704+00:00,5.0,180.0,5.0,time
2024-01-07 00:25:00+00:00,42182099999.0,"SAFDARJUNG, IN",28.584511,77.205783,214.88,9.811234396551335,7.629804719552828,1020.478796922048,,85.85036120268029,,NOAA_ISD,FM-12,,,True,2026-09-16T17:56:30.997704+00:00,5.0,180.0,5.0,time
2024-01-07 00:30:00+00:00,42182099999.0,"SAFDARJUNG, IN",28.584511,77.205783,214.88,9.87417446289196,7.610321737673008,1020.5159144216176,,85.28618923147242,,NOAA_ISD,FM-12,,,True,2026-09-16T17:56:30.997704+00:00,5.0,180.0,5.0,time
2024-01-07 00:35:00+00:00,42182099999.0,"SAFDARJUNG, IN",28.584511,77.205783,214.88,9.96239786936601,7.540408722368436,1020.5178474674902,,85.53806013990551,,NOAA_ISD,FM-12,,,True,2026-09-16T17:56:30.997704+00:00,5.0,180.0,5.0,time
2024-01-07 00:40:00+00:00,42182099999.0,"SAFDARJUNG, IN",28.584511,77.205783,214.88,9.864916618455778,7.494015279032515,1020.5062993457431,,85.08079137032306,,NOAA_ISD,FM-12,,,True,2026-09-16T17:56:30.997704+00:00,5.0,180.0,5.0,time
2024-01-07 00:45:00+00:00,42182099999.0,"SAFDARJUNG, IN",28.584511,77.205783,214.88,9.940522224423038,7.523555567553055,1020.5226284874101,,85.11761849072218,,NOAA_ISD,FM-12,,,True,2026-09-16T17:56:30.997704+00:00,5.0,180.0,5.0,time
2024-01-07 00:50:00+00:00,42182099999.0,"SAFDARJUNG, IN",28.584511,77.205783,214.88,9.925678970228125,7.528004043741552,1020.503761480686,,84.579388225825,,NOAA_ISD,FM-12,,,True,2026-09-16T17:56:30.997704+00:00,5.0,180.0,5.0,time
2024-01-07 00:55:00+00:00,42182099999.0,"SAFDARJUNG, IN",28.584511,77.205783,214.88,9.988900854803239,7.5179363505071155,1020.5040093544216,,84.57485431394642,,NOAA_ISD,FM-12,,,True,2026-09-16T17:56:30.997704+00:00,5.0,180.0,5.0,time
2024-01-07 01:00:00+00:00,42182099999.0,"SAFDARJUNG, IN",28.584511,77.205783,214.88,9.98056834094666,7.449250121379442,1020.5024248108936,,84.40706725745419,,NOAA_ISD,FM-12,,,True,2026-09-16T17:56:30.997704+00:00,5.0,180.0,5.0,time
2024-01-07 01:05:00+00:00,42182099999.0,"SAFDARJUNG, IN",28.584511,77.205783,214.88,10.090536349915402,7.482261804315481,1020.459635118284,,84.10308222557371,,NOAA_ISD,FM-12,,,True,2026-09-16T17:56:30.997704+00:00,5.0,180.0,5.0,time
2024-01-07 01:10:00+00:00,42182099999.0,"SAFDARJUNG, IN",28.584511,77.205783,214.88,10.058662491042845,7.383219129861444,1020.4983920321218,,84.01202014972834,,NOAA_ISD,FM-12,,,True,2026-09-16T17:56:30.997704+00:00,5.0,180.0,5.0,time
2024-01-07 01:15:00+00:00,42182099999.0,"SAFDARJUNG, IN",28.584511,77.205783,214.88,9.98440984171114,7.400972321056748,1020.4866349885109,,83.67505391829482,,NOAA_ISD,FM-12,,,True,2026-09-16T17:56:30.997704+00:00,5.0,180.0,5.0,time
2024-01-07 01:20:00+00:00,42182099999.0,"SAFDARJUNG, IN",28.584511,77.205783,214.88,10.100228067247352,7.3805446755045745,1020.4762710404361,,83.3957436049473,,NOAA_ISD,FM-12,,,True,2026-09-16T17:56:30.997704+00:00,5.0,180.0,5.0,time
2024-01-07 01:25:00+00:00,42182099999.0,"SAFDARJUNG, IN",28.584511,77.205783,214.88,10.04460074052023,7.392491184942931,1020.5286803656948,,83.64387445433657,,NOAA_ISD,FM-12,,,True,2026-09-16T17:56:30.997704+00:00,5.0,180.0,5.0,time
2024-01-07 01:30:00+00:00,42182099999.0,"SAFDARJUNG, IN",28.584511,77.205783,214.88,10.071150181431126,7.375966049318796,1020.5100841503707,,83.32979057327229,,NOAA_ISD,FM-12,,,True,2026-09-16T17:56:30.997704+00:00,5.0,180.0,5.0,time
2024-01-07 01:35:00+00:00,42182099999.0,"SAFDARJUNG, IN",28.584511,77.205783,214.88,10.132357617672023,7.349640028664224,1020.4994033783811,,82.76504927321258,,NOAA_ISD,FM-12,,,True,2026-09-16T17:56:30.997704+00:00,5.0,180.0,5.0,time
2024-01-07 01:40:00+00:00,42182099999.0,"SAFDARJUNG, IN",28.584511,77.205783,214.88,10.108745962346829,7.284100110136193,1020.488703932978,,82.82813330556336,,NOAA_ISD,FM-12,,,True,2026-09-16T17:56:30.997704+00:00,5.0,180.0,5.0,time
2024-01-07 01:45:00+00:00,42182099999.0,"SAFDARJUNG, IN",28.584511,77.205783,214.88,10.194642790816149,7.308919047302646,1020.5059233916926,,82.36313089572644,,NOAA_ISD,FM-12,,,True,2026-09-16T17:56:30.997704+00:00,5.0,180.0,5.0,time
2024-01-07 01:50:00+00:00,42182099999.0,"SAFDARJUNG, IN",28.584511,77.205783,214.88,10.127941163590998,7.282403061594092,1020.5198287218664,,82.07195196015643,,NOAA_ISD,FM-12,,,True,2026-09-16T17:56:30.997704+00:00,5.0,180.0,5.0,time
2024-01-07 01:55:00+00:00,42182099999.0,"SAFDARJUNG, IN",28.584511,77.205783,214.88,10.152386005703766,7.219353090072186,1020.483460683129,,82.3128729993909,,NOAA_ISD,FM-12,,,True,2026-09-16T17:56:30.997704+00:00,5.0,180.0,5.0,time
2024-01-07 02:00:00+00:00,42182099999.0,"SAFDARJUNG, IN",28.584511,77.205783,214.88,10.167181455322595,7.191993056757299,1020.4999034325544,,81.56251340820386,,NOAA_ISD,FM-12,,,True,2026-09-16T17:56:30.997704+00:00,5.0,180.0,5.0,time
2024-01-07 02:05:00+00:00,42182099999.0,"SAFDARJUNG, IN",28.584511,77.205783,214.88,10.188384729248915,7.234648674689304,1020.517361329977,,81.88592673827087,,NOAA_ISD,FM-12,,,True,2026-09-16T17:56:30.997704+00:00,5.0,180.0,5.0,time
2024-01-07 02:10:00+00:00,42182099999.0,"SAFDARJUNG, IN",28.584511,77.205783,214.88,10.288292911110725,7.19084245842486,1020.4612799774184,,81.44723331526316,,NOAA_ISD,FM-12,,,True,2026-09-16T17:56:30.997704+00:00,5.0,180.0,5.0,time
2024-01-07 02:15:00+00:00,42182099999.0,"SAFDARJUNG, IN",28.584511,77.205783,214.88,10.281439814680516,7.149296358150902,1020.4988486047519,,81.25269067938389,,NOAA_ISD,FM-12,,,True,2026-09-16T17:56:30.997704+00:00,5.0,180.0,5.0,time
2024-01-07 02:20:00+00:00,42182099999.0,"SAFDARJUNG, IN",28.584511,77.205783,214.88,10.35216386436727,7.1513921169813806,1020.4914141725891,,81.17417246614687,,NOAA_ISD,FM-12,,,True,2026-09-16T17:56:30.997704+00:00,5.0,180.0,5.0,time
2024-01-07 02:25:00+00:00,42182099999.0,"SAFDARJUNG, IN",28.584511,77.205783,214.88,10.396715543528297,7.143391932733375,1020.4973234028449,,81.0056842068433,,NOAA_ISD,FM-12,,,True,2026-09-16T17:56:30.997704+00:00,5.0,180.0,5.0,time
2024-01-07 02:30:00+00:00,42182099999.0,"SAFDARJUNG, IN",28.584511,77.205783,214.88,10.248464148403384,7.115009644133316,1020.4899674288725,,80.52139803130089,,NOAA_ISD,FM-12,,,True,2026-09-16T17:56:30.997704+00:00,5.0,180.0,5.0,time
2024-01-07 02:35:00+00:00,42182099999.0,"SAFDARJUNG, IN",28.584511,77.205783,214.88,10.32018762303303,7.066182499159701,1020.5027524921042,,80.6274340106389,,NOAA_ISD,FM-12,,,True,2026-09-16T17:56:30.997704+00:00,5.0,180.0,5.0,time
2024-01-07 02:40:00+00:00,42182099999.0,"SAFDARJUNG, IN",28.584511,77.205783,214.88,10.274523317501162,7.11548891584906,1020.5384725444085,,80.30378521871616,,NOAA_ISD,FM-12,,,True,2026-09-16T17:56:30.997704+00:00,5.0,180.0,5.0,time
2024-01-07 02:45:00+00:00,42182099999.0,"SAFDARJUNG, IN",28.584511,77.205783,214.88,10.311119703612587,7.078417692713091,1020.4935215505215,,79.82712237475972,,NOAA_ISD,FM-12,,,True,2026-09-16T17:56:30.997704+00:00,5.0,180.0,5.0,time
2024-01-07 02:50:00+00:00,42182099999.0,"SAFDARJUNG, IN",28.584511,77.205783,214.88,10.335162541153883,7.03218133985542,1020.5058342201819,,79.8415806588396,,NOAA_ISD,FM-12,,,True,2026-09-16T17:56:30.997704+00:00,5.0,180.0,5.0,time
2024-01-07 02:55:00+00:00,42182099999.0,"SAFDARJUNG, IN",28.584511,77.205783,214.88,10.330475589626419,7.013542551326399,1020.5398949283682,,79.94903358088956,,NOAA_ISD,FM-12,,,True,2026-09-16T17:56:30.997704+00:00,5.0,180.0,5.0,time
2024-01-07 03:00:00+00:00,42182099999.0,"SAFDARJUNG, IN",28.584511,77.205783,214.88,10.347405636355079,7.007189747894263,1020.4889996884325,,79.80531895964914,derived_from_temperature_and_dew_point,NOAA_ISD,FM-12,VALID,"{'TMP_QC': '1', 'DEW_QC': '1', 'SLP_QC': '1', 'RECORD_QC': 'V020'}",True,2026-09-16T17:56:30.997704+00:00,5.0,180.0,5.0,time
2024-01-07 03:05:00+00:00,42182099999.0,"SAFDARJUNG, IN",28.584511,77.205783,214.88,10.492785781073987,6.977407572085194,1020.6112935069787,,79.0951363581884,,NOAA_ISD,FM-12,,,True,2026-09-16T17:56:30.997704+00:00,5.0,180.0,5.0,time
2024-01-07 03:10:00+00:00,42182099999.0,"SAFDARJUNG, IN",28.584511,77.205783,214.88,10.53916407908068,7.00645352873074,1020.6501064601325,,78.19526463569966,,NOAA_ISD,FM-12,,,True,2026-09-16T17:56:30.997704+00:00,5.0,180.0,5.0,time
2024-01-07 03:15:00+00:00,42182099999.0,"SAFDARJUNG, IN",28.584511,77.205783,214.88,10.74210634795688,6.973385351262785,1020.7606379245174,,78.01312138049117,,NOAA_ISD,FM-12,,,True,2026-09-16T17:56:30.997704+00:00,5.0,180.0,5.0,time
2024-01-07 03:20:00+00:00,42182099999.0,"SAFDARJUNG, IN",28.584511,77.205783,214.88,10.754112323129124,6.9985893156630965,1020.8150040224989,,77.5668388474385,,NOAA_ISD,FM-12,,,True,2026-09-16T17:56:30.997704+00:00,5.0,180.0,5.0,time
2024-01-07 03:25:00+00:00,42182099999.0,"SAFDARJUNG, IN",28.584511,77.205783,214.88,11.04047844850482,6.9766285700028625,1020.8811421672516,,77.02347492999708,,NOAA_ISD,FM-12,,,True,2026-09-16T17:56:30.997704+00:00,5.0,180.0,5.0,time
2024-01-07 03:30:00+00:00,42182099999.0,"SAFDARJUNG, IN",28.584511,77.205783,214.88,10.97743077745178,6.977638320353465,1020.9486873863623,1021.9902317668787,76.51699085773758,derived_from_temperature_and_dew_point,NOAA_ISD,FM-15,VALID,"{'TMP_QC': '1', 'DEW_QC': '1', 'SLP_QC': '9', 'STP_QC': '1', 'RECORD_QC': 'V020'}",True,2026-09-16T17:56:30.997704+00:00,5.0,180.0,5.0,time
2024-01-07 03:35:00+00:00,42182099999.0,"SAFDARJUNG, IN",28.584511,77.205783,214.88,11.096934215429187,7.072914452272364,1021.0125191712024,1022.03088116096,76.1856526158495,,NOAA_ISD,FM-15,,,True,2026-09-16T17:56:30.997704+00:00,5.0,180.0,5.0,time
2024-01-07 03:40:00+00:00,42182099999.0,"SAFDARJUNG, IN",28.584511,77.205783,214.88,11.121899607443366,7.081184517885691,1021.1015158309993,1022.0277208864077,75.85151753223388,,NOAA_ISD,FM-15,,,True,2026-09-16T17:56:30.997704+00:00,5.0,180.0,5.0,time
2024-01-07 03:45:00+00:00,42182099999.0,"SAFDARJUNG, IN",28.584511,77.205783,214.88,11.365304587906381,7.124148129708024,1021.1929472291804,1022.0088878680715,75.4973265008192,,NOAA_ISD,FM-15,,,True,2026-09-16T17:56:30.997704+00:00,5.0,180.0,5.0,time
2024-01-07 03:50:00+00:00,42182099999.0,"SAFDARJUNG, IN",28.584511,77.205783,214.88,11.429308367373478,7.1197724027783735,1021.2497377713801,1021.9978499969114,74.9924128962997,,NOAA_ISD,FM-15,,,True,2026-09-16T17:56:30.997704+00:00,5.0,180.0,5.0,time
2024-01-07 03:55:00+00:00,42182099999.0,"SAFDARJUNG, IN",28.584511,77.205783,214.88,11.481512460203472,7.188059964829579,1021.3186675438988,1022.0123823597003,75.19292835334267,,NOAA_ISD,FM-15,,,True,2026-09-16T17:56:30.997704+00:00,5.0,180.0,5.0,time
2024-01-07 04:00:00+00:00,42182099999.0,"SAFDARJUNG, IN",28.584511,77.205783,214.88,11.492659872561022,7.249224242374087,1021.3949843493165,1022.0014759396354,74.91521056873044,,NOAA_ISD,FM-15,,,True,2026-09-16T17:56:30.997704+00:00,5.0,180.0,5.0,time
2024-01-07 04:05:00+00:00,42182099999.0,"SAFDARJUNG, IN",28.584511,77.205783,214.88,11.663866677219564,7.28388272531895,1021.4948495322717,1021.9961955416335,74.74251516856496,,NOAA_ISD,FM-15,,,True,2026-09-16T17:56:30.997704+00:00,5.0,180.0,5.0,time
2024-01-07 04:10:00+00:00,42182099999.0,"SAFDARJUNG, IN",28.584511,77.205783,214.88,11.690595114365804,7.2769194035729265,1021.5745032291021,1022.0067621184302,74.11649126134142,,NOAA_ISD,FM-15,,,True,2026-09-16T17:56:30.997704+00:00,5.0,180.0,5.0,time
2024-01-07 04:15:00+00:00,42182099999.0,"SAFDARJUNG, IN",28.584511,77.205783,214.88,11.913117763173668,7.364142758333141,1021.6116569897247,1021.9911768450611,74.26600333786301,,NOAA_ISD,FM-15,,,True,2026-09-16T17:56:30.997704+00:00,5.0,180.0,5.0,time
2024-01-07 04:20:00+00:00,42182099999.0,"SAFDARJUNG, IN",28.584511,77.205783,214.88,11.973793069925993,7.4073311760709935,1021.686628242851,1022.0050452852801,74.30090901892416,,NOAA_ISD,FM-15,,,True,2026-09-16T17:56:30.997704+00:00,5.0,180.0,5.0,time
2024-01-07 04:25:00+00:00,42182099999.0,"SAFDARJUNG, IN",28.584511,77.205783,214.88,12.031438618591054,7.465675239963973,1021.7825871783933,1022.0040844185124,73.65869002615558,,NOAA_ISD,FM-15,,,True,2026-09-16T17:56:30.997704+00:00,5.0,180.0,5.0,time
2024-01-07 04:30:00+00:00,42182099999.0,"SAFDARJUNG, IN",28.584511,77.205783,214.88,11.998181216837635,7.466895377621233,1021.8805506412951,1022.0120587204251,73.38366693615869,,NOAA_ISD,FM-15,,,True,2026-09-16T17:56:30.997704+00:00,5.0,180.0,5.0,time
2024-01-07 04:35:00+00:00,42182099999.0,"SAFDARJUNG, IN",28.584511,77.205783,214.88,12.164162534400381,7.475158625597286,1021.9479198061663,1021.9876172608505,73.21080047121714,,NOAA_ISD,FM-15,,,True,2026-09-16T17:56:30.997704+00:00,5.0,180.0,5.0,time
2024-01-07 04:40:00+00:00,42182099999.0,"SAFDARJUNG, IN",28.584511,77.205783,214.88,12.34105472324666,7.540064584963896,1021.9749629557564,1022.0142027270575,73.30846740494206,,NOAA_ISD,FM-15,,,True,2026-09-16T17:56:30.997704+00:00,5.0,180.0,5.0,time
2024-01-07 04:45:00+00:00,42182099999.0,"SAFDARJUNG, IN",28.584511,77.205783,214.88,12.460644184586158,7.578058699222629,1022.0697184806002,1021.981873770141,72.45027044766002,,NOAA_ISD,FM-15,,,True,2026-09-16T17:56:30.997704+00:00,5.0,180.0,5.0,time
2024-01-07 04:50:00+00:00,42182099999.0,"SAFDARJUNG, IN",28.584511,77.205783,214.88,12.54879182390794,7.654734177555599,1022.1313879289062,1021.9885486669676,72.44864138667879,,NOAA_ISD,FM-15,,,True,2026-09-16T17:56:30.997704+00:00,5.0,180.0,5.0,time
2024-01-07 04:55:00+00:00,42182099999.0,"SAFDARJUNG, IN",28.584511,77.205783,214.88,12.507066016554594,7.625665268232093,1022.2196497495618,1021.9894214988171,72.00106851554047,,NOAA_ISD,FM-15,,,True,2026-09-16T17:56:30.997704+00:00,5.0,180.0,5.0,time
2024-01-07 05:00:00+00:00,42182099999.0,"SAFDARJUNG, IN",28.584511,77.205783,214.88,12.695077615340645,7.711032870798547,1022.3320881999208,1021.9785589645526,71.804599055831,,NOAA_ISD,FM-15,,,True,2026-09-16T17:56:30.997704+00:00,5.0,180.0,5.0,time
2024-01-07 05:05:00+00:00,42182099999.0,"SAFDARJUNG, IN",28.584511,77.205783,214.88,12.82410909415748,7.788515909471545,1022.3465479870243,1022.0203132456677,71.65708193842362,,NOAA_ISD,FM-15,,,True,2026-09-16T17:56:30.997704+00:00,5.0,180.0,5.0,time
2024-01-07 05:10:00+00:00,42182099999.0,"SAFDARJUNG, IN",28.584511,77.205783,214.88,12.783749888387554,7.800144249256673,1022.4176226941345,1021.9806189504762,71.68946464832271,,NOAA_ISD,FM-15,,,True,2026-09-16T17:56:30.997704+00:00,5.0,180.0,5.0,time
2024-01-07 05:15:00+00:00,42182099999.0,"SAFDARJUNG, IN",28.584511,77.205783,214.88,12.95960477423134,7.857926336323528,1022.5084289169314,1021.9860216732519,71.53319812013775,,NOAA_ISD,FM-15,,,True,2026-09-16T17:56:30.997704+00:00,5.0,180.0,5.0,time
2024-01-07 05:20:00+00:00,42182099999.0,"SAFDARJUNG, IN",28.584511,77.205783,214.88,13.067025453248757,7.847164033328978,1022.6057462120516,1022.0251081542098,71.01562842892534,,NOAA_ISD,FM-15,,,True,2026-09-16T17:56:30.997704+00:00,5.0,180.0,5.0,time
2024-01-07 05:25:00+00:00,42182099999.0,"SAFDARJUNG, IN",28.584511,77.205783,214.88,13.131628437424332,7.887960209735874,1022.6874150964129,1021.988588345963,70.6036810553953,,NOAA_ISD,FM-15,,,True,2026-09-16T17:56:30.997704+00:00,5.0,180.0,5.0,time
2024-01-07 05:30:00+00:00,42182099999.0,"SAFDARJUNG, IN",28.584511,77.205783,214.88,13.14739190722994,7.9887448491569035,1022.7587489686972,1021.9962371462973,70.9305477733277,,NOAA_ISD,FM-15,,,True,2026-09-16T17:56:30.997704+00:00,5.0,180.0,5.0,time
2024-01-07 05:35:00+00:00,42182099999.0,"SAFDARJUNG, IN",28.584511,77.205783,214.88,13.317048427829647,8.002024307315144,1022.8485137080646,1021.9797594199816,70.0994891037341,,NOAA_ISD,FM-15,,,True,2026-09-16T17:56:30.997704+00:00,5.0,180.0,5.0,time
2024-01-07 05:40:00+00:00,42182099999.0,"SAFDARJUNG, IN",28.584511,77.205783,214.88,13.410301395153917,8.042065487244182,1022.8647382881154,1022.0166590241524,69.82377281712806,,NOAA_ISD,FM-15,,,True,2026-09-16T17:56:30.997704+00:00,5.0,180.0,5.0,time
2024-01-07 05:45:00+00:00,42182099999.0,"SAFDARJUNG, IN",28.584511,77.205783,214.88,13.512596379772612,8.05763694343786,1022.9987667307672,1022.0169347248839,69.33601139108426,,NOAA_ISD,FM-15,,,True,2026-09-16T17:56:30.997704+00:00,5.0,180.0,5.0,time
2024-01-07 05:50:00+00:00,42182099999.0,"SAFDARJUNG, IN",28.584511,77.205783,214.88,13.58515976206208,8.122015634579004,1023.0437580935992,1022.0147789180825,69.72321831384895,,NOAA_ISD,FM-15,,,True,2026-09-16T17:56:30.997704+00:00,5.0,180.0,5.0,time
2024-01-07 05:55:00+00:00,42182099999.0,"SAFDARJUNG, IN",28.584511,77.205783,214.88,13.684516059004594,8.137081248633198,1023.1396298861961,1022.0107505965639,69.39064911847426,,NOAA_ISD,FM-15,,,True,2026-09-16T17:56:30.997704+00:00,5.0,180.0,5.0,time
2024-01-07 06:00:00+00:00,42182099999.0,"SAFDARJUNG, IN",28.584511,77.205783,214.88,13.798014685882652,8.223737408978112,1023.1735314914648,1022.0014717822204,69.4335611072233,derived_from_temperature_and_dew_point,NOAA_ISD,FM-12,VALID,"{'TMP_QC': '1', 'DEW_QC': '1', 'SLP_QC': '1', 'RECORD_QC': 'V020'}",True,2026-09-16T17:56:30.997704+00:00,5.0,180.0,5.0,time
